Name,Team,G,PA,AB,H,1B,2B,3B,HR,R,RBI,BB,IBB,SO,HBP,SF,SH,GDP,SB,CS,AVG,BB%,K%,BB/K,OBP,SLG,wOBA,OPS,ISO,Spd,BABIP,UBR,wSB,wRC,wRAA,wRC+,BsR,Fld,Off,Def,WAR,ADP,InterSD,InterSK,IntraSD,Vol,Skew,Dim,FPTS,FPTS/G,SPTS,SPTS/G,P10,P20,P30,P40,P50,P60,P70,P80,P90,TT10,TT20,TT30,TT40,TT50,TT60,TT70,TT80,TT90,NameASCII,PlayerId,MLBAMID
"Aaron Judge","NYY",114,493,395,111,57,19,1,34,85,87,89,17,126,5,3,0,,8,3,0.282151,0.181435,0.255665,0.709661,0.418024,0.594303,0.41869,1.01233,0.312152,3.96817,0.324716,-0.752023,-0.337271,100.451,42.2476,174.092,-1.08929,1.86675,41.92695343494415,-4.003624081611633,5.61561,1.850000023841858,,,,,,,895.8,7.857894736,895.8,7.857894736,,,,,,,,,,,,,,,,,,,"Aaron Judge","15640",592450
"Bobby Witt Jr.","KCR",117,507,457,133,79,29,5,20,75,68,41,5,86,4,3,1,,26,7,0.290544,0.0815081,0.169282,0.481492,0.352409,0.505421,0.364104,0.85783,0.214877,6.60699,0.317943,1.26106,1.36124,80.9441,21.0199,132.345,2.62229,6.6338,21.955974102020264,12.067591667175293,5.26792,3.0999999046325684,,,,,,,753.2,6.437606837,753.2,6.437606837,,,,,,,,,,,,,,,,,,,"Bobby Witt Jr.","25764",677951
"Juan Soto","NYM",116,501,397,107,62,18,2,26,81,69,96,8,87,3,3,1,,15,4,0.269043,0.192611,0.173349,1.11112,0.412272,0.517519,0.396853,0.929791,0.248476,5.0771,0.281673,-0.414512,0.383021,93.2463,34.0726,160.743,-0.0314909,-4.22665,36.023021161556244,-10.420781135559082,4.32527,4.650000095367432,,,,,,,824.5,7.10775862,824.5,7.10775862,,,,,,,,,,,,,,,,,,,"Juan Soto","20123",665742
"Julio Rodríguez","SEA",118,508,460,125,80,22,1,22,69,72,38,3,112,7,3,0,,17,5,0.272149,0.0749329,0.220977,0.339099,0.335035,0.470241,0.345015,0.805276,0.198092,5.29468,0.313795,0.331417,0.598085,73.2274,13.1858,128.743,0.929502,3.15807,18.14427751302719,4.824736952781677,4.1404,9.489999771118164,,,,,,,669.6,5.674576271,669.6,5.674576271,,,,,,,,,,,,,,,,,,,"Julio Rodriguez","23697",677594
"Cal Raleigh","SEA",114,457,394,86,44,16,0,26,60,68,56,6,127,4,3,1,,5,2,0.218396,0.121981,0.277278,0.439922,0.318553,0.459091,0.331236,0.777644,0.240695,3.20118,0.244724,-0.9487,-0.331498,60.8081,6.75312,119.252,-1.2802,3.56385,9.100192189216614,8.804590225219727,3.96848,18.729999542236328,,,,,,,562.3,4.93245614,562.3,4.93245614,,,,,,,,,,,,,,,,,,,"Cal Raleigh","21534",663728
"Elly De La Cruz","CIN",116,502,446,119,71,24,4,20,73,70,50,4,132,2,3,1,,30,8,0.266501,0.0989564,0.26239,0.377135,0.341031,0.472796,0.348129,0.813827,0.206295,7.01701,0.332011,1.27046,1.76424,73.5996,14.2932,119.185,3.0347,1.56803,14.447394609451294,6.759081244468689,3.87936,8.449999809265137,,,,,,,691.4,5.960344827,691.4,5.960344827,,,,,,,,,,,,,,,,,,,"Elly De La Cruz","26668",682829
"Gunnar Henderson","BAL",115,498,439,114,68,23,4,20,72,62,50,2,112,4,3,1,,16,4,0.259825,0.0999236,0.225539,0.443043,0.338894,0.465314,0.345959,0.804207,0.205488,6.21452,0.303363,1.02779,0.917136,72.1143,13.2981,124.306,1.94493,-1.36668,16.205225825309753,3.9666523933410645,3.81768,12.510000228881836,,,,,,,658.1,5.722608695,658.1,5.722608695,,,,,,,,,,,,,,,,,,,"Gunnar Henderson","26289",683002
"Shohei Ohtani","LAD",116,502,420,114,60,20,3,31,90,78,72,14,122,4,3,1,,18,4,0.270621,0.144328,0.242902,0.594183,0.380943,0.553541,0.389358,0.934484,0.282919,6.41134,0.306592,0.0548817,1.21661,90.401,31.0946,152.817,1.27149,0,32.69152045249939,-12.548148155212402,3.77059,1.2699999809265137,,,,,,,835.9,7.206034482,835.9,7.206034482,,,,,,,,,,,,,,,,,,,"Shohei Ohtani","19755",660271
"Yordan Alvarez","HOU",106,456,387,115,65,23,1,25,69,70,59,11,77,7,3,1,,2,1,0.296337,0.129935,0.169203,0.767921,0.396554,0.55772,0.40046,0.954274,0.261383,3.0326,0.310809,-0.609644,-0.651173,86.2959,32.381,160.981,-1.26082,-0.0950894,31.53482234477997,-10.465459264814854,3.76335,33.38999938964844,,,,,,,763.4,7.201886792,763.4,7.201886792,,,,,,,,,,,,,,,,,,,"Yordan Alvarez","19556",670541
"Fernando Tatis Jr.","SDP",118,511,444,118,75,22,2,20,73,64,58,3,104,5,4,1,,21,5,0.266271,0.112888,0.203992,0.553392,0.353741,0.456521,0.349872,0.810261,0.190249,5.50515,0.304114,0.388363,1.08003,75.7046,15.2851,128.997,1.46839,5.2289,19.042320609092712,0.2773556709289551,3.7184,14.010000228881836,,,,,,,694.9,5.88898305,694.9,5.88898305,,,,,,,,,,,,,,,,,,,"Fernando Tatis Jr.","19709",665487
"José Ramírez","CLE",115,499,438,116,69,25,2,20,68,68,55,13,62,3,3,0,,27,6,0.264886,0.110024,0.123467,0.891122,0.348661,0.46953,0.344444,0.81819,0.204644,5.75849,0.266478,0.015887,2.1758,71.6447,12.7109,123.003,2.19169,1.37906,15.714053392410278,1.985074520111084,3.56819,6.28000020980835,,,,,,,692,6.017391304,692,6.017391304,,,,,,,,,,,,,,,,,,,"Jose Ramirez","13510",608070
"William Contreras","MIL",118,472,410,112,75,22,1,14,61,60,56,3,84,3,3,0,,4,1,0.272256,0.11801,0.177712,0.664051,0.360826,0.433136,0.345496,0.793962,0.160881,3.14031,0.309254,-0.435402,-0.633448,68.1751,12.4268,123.015,-1.06885,0.705854,11.801192998886108,6.580545604228973,3.4867,56.560001373291016,,,,,,,600.1,5.08559322,600.1,5.08559322,,,,,,,,,,,,,,,,,,,"William Contreras","20503",661388
"Geraldo Perdomo","ARI",116,501,422,111,76,21,4,10,68,51,65,1,66,5,3,5,,18,5,0.262653,0.129833,0.13158,0.986725,0.365006,0.402993,0.339807,0.767998,0.14034,6.01416,0.288574,0.229891,0.482874,70.0511,10.8774,117.38,0.712766,0.546133,11.028510093688965,5.911873877048492,3.43906,76.7699966430664,,,,,,,607.5,5.237068965,607.5,5.237068965,,,,,,,,,,,,,,,,,,,"Geraldo Perdomo","22799",672695
"Pete Crow-Armstrong","CHC",111,481,440,111,67,21,4,18,65,66,28,1,116,7,3,3,,25,7,0.251813,0.0583003,0.240174,0.242743,0.304797,0.443158,0.320994,0.747955,0.191345,7.26385,0.2997,0.63964,1.4163,59.9359,3.10061,107.269,2.05594,9.60955,6.199955224990845,11.327452659606934,3.43171,32.939998626708984,,,,,,,567.4,5.111711711,567.4,5.111711711,,,,,,,,,,,,,,,,,,,"Pete Crow-Armstrong","27769",691718
"Corbin Carroll","ARI",111,480,415,106,58,20,9,19,74,64,54,2,105,7,3,1,,23,5,0.25467,0.112238,0.218301,0.514144,0.347181,0.481492,0.354728,0.828673,0.226821,7.92979,0.295263,1.6825,1.90559,72.9131,16.2309,127.601,3.58809,3.20992,19.280980110168457,-1.779280424118042,3.42466,14.100000381469727,,,,,,,679.2,6.118918918,679.2,6.118918918,,,,,,,,,,,,,,,,,,,"Corbin Carroll","25878",682998
"Mookie Betts","LAD",109,471,409,110,70,22,2,17,69,62,54,2,56,4,3,1,,6,2,0.268665,0.115202,0.119768,0.961876,0.357068,0.453002,0.351133,0.81007,0.184337,4.48322,0.275144,-0.159348,-0.216701,70.1475,14.5477,126.632,-0.376049,-1.83803,14.47679889202118,3.2036404609680176,3.41174,60.58000183105469,,,,,,,621.8,5.704587155,621.8,5.704587155,,,,,,,,,,,,,,,,,,,"Mookie Betts","13611",605141
"Junior Caminero","TBR",116,501,454,121,71,20,1,30,68,82,40,1,92,3,3,1,,4,2,0.266983,0.0794566,0.184513,0.43063,0.327722,0.509819,0.356401,0.837541,0.242836,3.17715,0.273302,-0.0333307,-0.554139,76.7984,17.6247,129.173,-0.587469,-2.72007,16.632068514823914,-1.3833366632461548,3.32464,16.479999542236328,,,,,,,700.3,6.037068965,700.3,6.037068965,,,,,,,,,,,,,,,,,,,"Junior Caminero","28163",691406
"Kevin McGonigle","DET",114,491,427,112,70,26,4,12,68,55,56,0,65,4,3,2,,10,3,0.262541,0.114919,0.132499,0.867319,0.35157,0.428825,0.341501,0.780394,0.166283,5.57783,0.283331,0.33259,-0.173693,69.4214,11.3505,119.54,0.158897,-0.664768,11.47752571105957,3.8167134523391724,3.29641,999,,,,,,,601.8,5.278947368,601.8,5.278947368,,,,,,,,,,,,,,,,,,,"Kevin McGonigle","33572",805808
"Vladimir Guerrero Jr.","TOR",117,507,439,129,83,25,0,21,70,72,59,7,67,5,3,0,,4,1,0.292518,0.117064,0.132041,0.886573,0.380519,0.491523,0.372819,0.872041,0.199005,2.8079,0.303889,-0.341998,-0.670974,84.5327,24.6085,141.969,-1.01297,-0.510714,24.07332980632782,-9.679078578948975,3.25959,18.049999237060547,,,,,,,750.1,6.411111111,750.1,6.411111111,,,,,,,,,,,,,,,,,,,"Vladimir Guerrero Jr.","19611",665489
"Nico Hoerner","CHC",115,497,450,126,92,24,2,8,62,49,34,1,46,8,4,1,,20,4,0.279753,0.0688553,0.0917331,0.750604,0.338959,0.393062,0.321518,0.732021,0.113309,5.68504,0.295405,0.583371,1.41585,62.1014,3.41277,107.627,1.99922,5.86323,6.489417195320129,7.711839914321899,3.14483,101.93000030517578,,,,,,,564.6,4.909565217,564.6,4.909565217,,,,,,,,,,,,,,,,,,,"Nico Hoerner","21479",663538
"Kyle Tucker","LAD",113,486,412,108,64,21,1,21,72,70,67,4,77,2,3,1,,14,3,0.260722,0.138135,0.157569,0.876663,0.365071,0.471765,0.360587,0.836836,0.211043,5.18597,0.271805,0.00599019,0.913504,76.2179,18.7648,133.108,0.919494,-0.458725,19.999597251415253,-5.668446660041809,3.1225,13.130000114440918,,,,,,,682,6.03539823,682,6.03539823,,,,,,,,,,,,,,,,,,,"Kyle Tucker","18345",663656
"Ronald Acuña Jr.","ATL",99,429,358,99,63,17,2,17,71,50,62,3,88,5,3,1,,19,5,0.277167,0.144326,0.205172,0.703443,0.388932,0.480151,0.37618,0.869084,0.202984,5.93466,0.320721,0.773205,0.891599,72.6305,21.973,142.81,1.6648,-2.3114,23.41778004169464,-7.278371095657349,3.11161,5.260000228881836,,,,,,,640,6.464646464,640,6.464646464,,,,,,,,,,,,,,,,,,,"Ronald Acuna Jr.","18401",660670
"Jackson Merrill","SDP",113,490,446,117,73,24,3,17,62,63,36,2,100,3,3,2,,9,3,0.262541,0.0726273,0.203543,0.356815,0.319498,0.44667,0.328762,0.766168,0.184128,5.20675,0.300785,0.814665,0.0675764,64.1799,6.25201,114.536,0.882242,3.14296,9.328682243824005,4.743264198303223,3.10967,70.79000091552734,,,,,,,581.4,5.145132743,581.4,5.145132743,,,,,,,,,,,,,,,,,,,"Jackson Merrill","29490",701538
"Ketel Marte","ARI",107,464,406,108,65,21,3,18,66,59,49,3,78,5,3,1,,4,1,0.265693,0.106269,0.167781,0.633382,0.349878,0.468932,0.351865,0.81881,0.203239,4.44584,0.286214,-0.0402898,-0.424125,69.4309,14.6174,125.639,-0.464415,-0.026148,13.632653594017029,0.4257039241492748,3.01849,32.63999938964844,,,,,,,612.8,5.727102803,612.8,5.727102803,,,,,,,,,,,,,,,,,,,"Ketel Marte","13613",606466
"Brice Turang","MIL",115,498,438,116,80,21,2,12,66,56,53,1,103,2,3,2,,22,5,0.264496,0.107046,0.205897,0.519904,0.344258,0.40768,0.329641,0.751939,0.143184,5.86029,0.317068,0.371569,1.45661,65.5876,6.71007,112.154,1.82818,1.36791,9.006320714950562,3.2623519897460938,2.95254,48.18000030517578,,,,,,,589.5,5.126086956,589.5,5.126086956,,,,,,,,,,,,,,,,,,,"Brice Turang","22186",668930
"Matt Olson","ATL",119,512,442,113,61,26,1,25,71,75,63,3,124,4,3,0,,1,0,0.256662,0.122694,0.241459,0.508133,0.351498,0.49023,0.360173,0.841728,0.233569,2.65867,0.297521,-0.594319,-0.675834,80.1433,19.6014,131.844,-1.27015,2.87651,18.068291425704956,-6.273181438446045,2.95207,48.0099983215332,,,,,,,709.8,5.964705882,709.8,5.964705882,,,,,,,,,,,,,,,,,,,"Matt Olson","14344",621566
"Adley Rutschman","BAL",103,417,365,94,59,21,1,14,50,51,46,1,65,2,3,0,,1,0,0.258455,0.111112,0.15671,0.709034,0.343376,0.431606,0.337377,0.774982,0.173151,2.46308,0.279512,-0.269947,-0.614906,57.4502,8.2266,118.395,-0.884853,1.66344,8.147052764892578,5.1819634437561035,2.94998,148.92999267578125,,,,,,,505.5,4.90776699,505.5,4.90776699,,,,,,,,,,,,,,,,,,,"Adley Rutschman","26288",668939
"Bo Bichette","NYM",121,522,480,134,93,26,1,14,62,62,35,1,86,3,4,1,,5,2,0.278527,0.0671761,0.165675,0.40547,0.328837,0.42124,0.325594,0.750076,0.142713,3.23252,0.313202,0.170438,-0.79698,66.9784,5.31317,111.929,-0.626542,2.68985,6.751960754394531,4.591397166252136,2.93823,92.86000061035156,,,,,,,601,4.966942148,601,4.966942148,,,,,,,,,,,,,,,,,,,"Bo Bichette","19612",666182
"Corey Seager","TEX",100,434,377,96,57,19,0,19,57,58,50,7,88,4,3,0,,2,0,0.253637,0.114662,0.203113,0.564523,0.344142,0.457747,0.342313,0.80189,0.204111,2.58738,0.279925,-0.691203,-0.429913,61.5839,10.3085,121.756,-1.12112,0.164776,10.006354570388794,3.5072135627269745,2.91159,95.08999633789062,,,,,,,560.1,5.601,560.1,5.601,,,,,,,,,,,,,,,,,,,"Corey Seager","13624",608369
"Michael Harris II","ATL",103,444,417,117,76,21,3,17,54,62,20,1,85,3,3,1,,13,3,0.280216,0.0443453,0.190151,0.23321,0.315453,0.466097,0.334336,0.78155,0.185881,5.60215,0.313607,0.275178,0.602516,60.1895,7.67859,114.145,0.877694,4.03375,8.32822734117508,5.322178840637207,2.91038,99.06999969482422,,,,,,,561.3,5.449514563,561.3,5.449514563,,,,,,,,,,,,,,,,,,,"Michael Harris II","25931",671739
"Maikel Garcia","KCR",115,497,445,121,83,26,3,9,65,50,45,0,74,1,3,2,,19,6,0.271815,0.0896504,0.148966,0.601819,0.33755,0.405945,0.325528,0.743495,0.13413,5.68591,0.305943,0.520675,0.621649,63.7186,5.02992,105.771,1.14232,4.87965,4.520800352096558,6.728262662887573,2.90096,63.150001525878906,,,,,,,567,4.930434782,567,4.930434782,,,,,,,,,,,,,,,,,,,"Maikel Garcia","22715",672580
"Bryce Harper","PHI",116,502,431,117,67,27,1,22,69,71,64,6,102,3,3,0,,8,3,0.271871,0.128229,0.204135,0.628158,0.368216,0.493535,0.36809,0.861751,0.221664,3.83393,0.306604,0.112826,-0.40427,81.7342,22.4277,136.128,-0.291444,-0.731241,21.2008136510849,-9.768894612789154,2.8793,47.900001525878906,,,,,,,722.8,6.231034482,722.8,6.231034482,,,,,,,,,,,,,,,,,,,"Bryce Harper","11579",547180
"Cody Bellinger","NYY",103,446,397,107,67,19,3,17,60,66,42,2,65,3,3,0,,9,3,0.268344,0.0952603,0.145299,0.655617,0.340302,0.459669,0.344271,0.799972,0.191325,5.16662,0.281629,0.182995,-0.0171441,63.9911,11.3015,122.827,0.16585,4.15198,12.1632259786129,0.48531579971313477,2.86526,80.98999786376953,,,,,,,577.9,5.610679611,577.9,5.610679611,,,,,,,,,,,,,,,,,,,"Cody Bellinger","15998",641355
"Trea Turner","PHI",113,486,445,121,84,22,3,13,67,51,34,1,91,4,3,1,,19,3,0.273075,0.0691301,0.186424,0.370821,0.327209,0.422419,0.325546,0.749628,0.149345,6.11403,0.315131,1.0592,1.55374,62.3843,4.93119,106.984,2.61294,-0.773961,6.637885332107544,4.435760915279388,2.78921,26.780000686645508,,,,,,,577.4,5.109734513,577.4,5.109734513,,,,,,,,,,,,,,,,,,,"Trea Turner","16252",607208
"Francisco Lindor","NYM",85,369,325,83,52,16,1,14,53,44,35,1,68,6,2,1,,12,3,0.255097,0.0936953,0.18443,0.508027,0.335939,0.438626,0.336525,0.774565,0.183529,5.87099,0.282117,-0.261011,0.717748,50.6332,7.03155,119.416,0.456737,2.23012,8.948617905378342,5.807281017303467,2.76665,25.350000381469727,,,,,,,460.9,5.422352941,460.9,5.422352941,,,,,,,,,,,,,,,,,,,"Francisco Lindor","12916",596019
"Byron Buxton","MIN",97,418,375,93,48,18,3,23,64,56,33,3,114,7,3,1,,11,1,0.247415,0.0780453,0.273708,0.285141,0.316674,0.497174,0.345187,0.813848,0.249759,6.86633,0.290572,0.523324,1.19909,60.3337,10.9117,121.572,1.72241,0.559138,12.356977105140686,0.26037299633026123,2.76463,73.4800033569336,,,,,,,569.4,5.870103092,569.4,5.870103092,,,,,,,,,,,,,,,,,,,"Byron Buxton","14161",621439
"JJ Wetherholt","STL",109,469,406,103,72,17,1,12,63,51,49,1,81,10,3,1,,11,2,0.252465,0.103377,0.171799,0.601732,0.344471,0.39269,0.325814,0.737161,0.140224,4.97704,0.285127,0.110472,0.586883,60.2967,4.86033,110.926,0.697356,2.83737,6.773216545581818,4.588293433189392,2.76053,999,,,,,,,530.9,4.870642201,530.9,4.870642201,,,,,,,,,,,,,,,,,,,"JJ Wetherholt","34985",802139
"Matt Chapman","SFG",114,491,427,102,60,23,2,16,60,56,55,1,119,6,3,0,,6,2,0.238402,0.112432,0.242289,0.464043,0.331656,0.415978,0.327091,0.747635,0.177576,4.24535,0.290495,-0.0579655,-0.548005,63.6716,5.60072,112.046,-0.605971,2.43324,6.410972535610199,4.188488960266113,2.75851,163.6199951171875,,,,,,,561.5,4.925438596,561.5,4.925438596,,,,,,,,,,,,,,,,,,,"Matt Chapman","16505",656305
"Dansby Swanson","CHC",117,507,452,107,70,19,2,16,63,60,48,1,123,3,4,1,,11,3,0.236372,0.0939775,0.242831,0.387007,0.310743,0.392868,0.307781,0.703611,0.156496,5.2249,0.287184,0.603549,0.438745,57.7524,-2.17183,98.217,1.04229,4.57396,-0.029422402381896973,10.007760047912598,2.74839,152.30999755859375,,,,,,,529.6,4.526495726,529.6,4.526495726,,,,,,,,,,,,,,,,,,,"Dansby Swanson","18314",621020
"James Wood","WSN",114,491,418,107,59,25,1,22,71,64,66,6,144,4,3,1,,13,4,0.256706,0.135005,0.292788,0.461103,0.36134,0.478161,0.359203,0.839501,0.221455,4.85777,0.335651,0.269745,0.0460906,76.4853,18.4144,131.671,0.315836,-0.666006,18.76403433084488,-8.321869730949402,2.74242,37.790000915527344,,,,,,,689.7,6.05,689.7,6.05,,,,,,,,,,,,,,,,,,,"James Wood","29518",695578
"Isaac Paredes","HOU",113,487,416,102,63,19,1,19,57,63,56,0,82,12,3,0,,1,1,0.243764,0.115121,0.168662,0.682553,0.347428,0.42746,0.340337,0.774888,0.183696,2.15849,0.260451,-0.250364,-0.987358,68.387,10.7961,119.564,-1.23772,-0.717788,10.001337885856628,-0.16223233938217163,2.72397,243.60000610351562,,,,,,,597.7,5.28938053,597.7,5.28938053,,,,,,,,,,,,,,,,,,,"Isaac Paredes","20036",670623
"Nick Kurtz","ATH",110,474,401,103,57,21,1,24,73,70,67,5,134,2,3,1,,5,1,0.257232,0.141482,0.283065,0.499821,0.364924,0.496999,0.36834,0.861924,0.239767,4.3425,0.322282,-0.0457169,-0.402697,77.3551,21.2958,135.46,-0.448414,-0.622797,19.38028672337532,-9.095019578933716,2.72394,19.8700008392334,,,,,,,681.7,6.197272727,681.7,6.197272727,,,,,,,,,,,,,,,,,,,"Nick Kurtz","35110",701762
"Zach Neto","LAA",114,493,435,106,61,24,1,19,68,58,40,3,127,12,3,2,,21,7,0.242621,0.0815792,0.257243,0.317129,0.32162,0.434081,0.3265,0.7557,0.19146,5.82169,0.29631,0.268882,0.372492,63.5808,5.37723,108.279,0.641374,-1.14719,5.448241591453552,4.130589127540588,2.71561,32.29999923706055,,,,,,,588.8,5.16491228,588.8,5.16491228,,,,,,,,,,,,,,,,,,,"Zach Neto","31347",687263
"Shea Langeliers","ATH",104,415,375,99,55,20,1,23,58,66,33,1,92,3,3,1,,3,1,0.264344,0.0796164,0.221539,0.359379,0.326862,0.508695,0.355438,0.835557,0.244351,3.45707,0.2887,-0.0418906,-0.378334,63.2625,14.2684,126.572,-0.420224,-2.54643,12.56598162651062,2.969923734664917,2.71453,54.04999923706055,,,,,,,570.2,5.482692307,570.2,5.482692307,,,,,,,,,,,,,,,,,,,"Shea Langeliers","25816",669127
"Riley Greene","DET",115,497,441,118,71,25,2,20,64,71,50,1,135,3,3,0,,3,1,0.267067,0.100041,0.27243,0.367217,0.343419,0.467549,0.349649,0.810968,0.200482,3.53204,0.338808,0.0384637,-0.860747,73.4457,14.7571,125.153,-0.822284,1.05726,13.902566969394684,-4.488571047782898,2.71321,78.4800033569336,,,,,,,653.6,5.68347826,653.6,5.68347826,,,,,,,,,,,,,,,,,,,"Riley Greene","25976",682985
"Andy Pages","LAD",106,460,421,111,68,22,1,20,58,67,29,0,99,6,3,1,,9,3,0.2645,0.0620531,0.216066,0.287195,0.318756,0.461906,0.335893,0.780663,0.197406,4.35291,0.30061,0.181404,-0.196024,62.8955,8.53129,116.192,-0.0146193,0.851165,8.815024889074266,2.344992160797119,2.70901,133.4199981689453,,,,,,,571.8,5.394339622,571.8,5.394339622,,,,,,,,,,,,,,,,,,,"Andy Pages","24816",681624
"Drake Baldwin","ATL",110,452,399,108,69,18,1,19,60,61,44,1,85,5,3,1,,1,0,0.269597,0.098344,0.188695,0.521179,0.347597,0.463104,0.350593,0.810701,0.193507,2.97324,0.298432,-0.178825,-0.660974,67.1877,13.7766,125.282,-0.8398,-0.789671,12.704858899116516,-0.8083441853523254,2.70539,78.62999725341797,,,,,,,591.2,5.374545454,591.2,5.374545454,,,,,,,,,,,,,,,,,,,"Drake Baldwin","31539",686948
"Xander Bogaerts","SDP",107,464,417,111,78,20,1,12,52,51,40,1,82,3,3,1,,12,2,0.265365,0.0871216,0.176053,0.494861,0.333252,0.400648,0.321384,0.733899,0.135283,4.32834,0.302956,0.249619,0.712876,57.9506,3.13708,109.482,0.962495,-0.353767,6.176021933555603,4.616602838039398,2.68437,237.1999969482422,,,,,,,527.3,4.928037383,527.3,4.928037383,,,,,,,,,,,,,,,,,,,"Xander Bogaerts","12161",593428
"Gabriel Moreno","ARI",82,324,288,78,54,16,1,7,37,38,31,1,58,3,2,1,,3,1,0.270248,0.095216,0.179841,0.529445,0.344104,0.408352,0.328821,0.752456,0.138104,3.20844,0.313572,0.195423,-0.578804,42.4669,4.15085,109.854,-0.383381,3.76568,3.403782606124878,9.395000219345093,2.59246,181.22000122070312,,,,,,,371.6,4.531707317,371.6,4.531707317,,,,,,,,,,,,,,,,,,,"Gabriel Moreno","22664",672515
"Xavier Edwards","MIA",104,450,399,115,90,17,4,5,56,38,43,1,60,2,3,3,,18,4,0.288936,0.0958198,0.132359,0.723938,0.359067,0.384649,0.328853,0.743716,0.0957131,6.0943,0.328138,0.49748,0.925981,58.8958,5.76711,109.519,1.42346,2.16352,6.49613356590271,3.769382119178772,2.58187,182.42999267578125,,,,,,,522.1,5.020192307,522.1,5.020192307,,,,,,,,,,,,,,,,,,,"Xavier Edwards","22266",669364
"Alejandro Kirk","TOR",69,274,241,64,45,11,0,8,28,34,29,1,34,2,2,0,,1,0,0.266479,0.104874,0.123658,0.848091,0.347731,0.411964,0.332691,0.759696,0.145486,1.7203,0.2801,-0.724809,-0.420924,36.7192,4.3654,114.326,-1.14573,3.17279,3.477657198905945,7.822328329086304,2.58087,160.25,,,,,,,319.4,4.628985507,319.4,4.628985507,,,,,,,,,,,,,,,,,,,"Alejandro Kirk","22581",672386
"Masyn Winn","STL",112,485,438,111,77,22,3,10,58,49,37,0,90,5,3,1,,10,3,0.252494,0.0762526,0.185044,0.412079,0.315483,0.379298,0.305342,0.694782,0.126805,5.28947,0.295436,0.735066,-0.0496164,54.268,-3.03708,96.9023,0.68545,4.97141,-1.0951263904571533,10.167708396911621,2.58021,364.7799987792969,,,,,,,495.1,4.420535714,495.1,4.420535714,,,,,,,,,,,,,,,,,,,"Masyn Winn","27479",691026
"Alex Bregman","CHC",116,502,435,108,70,21,1,16,61,59,57,2,73,6,3,0,,2,1,0.247354,0.113899,0.146357,0.778224,0.340392,0.408276,0.327858,0.748667,0.160921,3.1937,0.263611,-0.473127,-0.754898,65.3389,6.03244,111.971,-1.22803,0.545204,5.893187880516052,2.337796211242676,2.5518,119.16999816894531,,,,,,,576.8,4.972413793,576.8,4.972413793,,,,,,,,,,,,,,,,,,,"Alex Bregman","17678",608324
"Ben Rice","NYY",98,421,364,92,49,19,1,23,63,63,48,1,93,6,3,1,,4,1,0.253108,0.113438,0.221301,0.512596,0.346418,0.501584,0.362817,0.848002,0.248477,4.00283,0.275703,-0.265663,-0.462098,66.783,17.0167,135.603,-0.727761,-0.00730548,16.946154594421387,-6.599898193497211,2.54121,53.189998626708984,,,,,,,595,6.071428571,595,6.071428571,,,,,,,,,,,,,,,,,,,"Ben Rice","29576",700250
"Wyatt Langford","TEX",87,376,328,84,51,17,2,14,51,48,42,2,84,3,2,1,,12,3,0.256573,0.112616,0.224238,0.502217,0.345001,0.45139,0.344438,0.796391,0.194817,5.70197,0.302116,0.357101,0.520129,54.0716,9.59182,123.22,0.87723,2.9835,11.17945784330368,0.5186867713928223,2.52321,37.75,,,,,,,484.1,5.564367816,484.1,5.564367816,,,,,,,,,,,,,,,,,,,"Wyatt Langford","33333",694671
"Iván Herrera","STL",109,456,388,104,70,20,1,14,59,54,54,3,88,10,3,1,,6,2,0.269204,0.118584,0.193898,0.611581,0.371144,0.430951,0.35109,0.802095,0.161747,3.93202,0.314109,0.120329,-0.314285,67.9718,14.0837,128.241,-0.193957,-0.327637,15.071348920464516,-5.505105882883072,2.52087,178.42999267578125,,,,,,,587.5,5.389908256,587.5,5.389908256,,,,,,,,,,,,,,,,,,,"Ivan Herrera","20599",671056
"Freddie Freeman","LAD",113,486,426,120,75,27,2,16,65,64,51,6,86,6,3,1,,5,1,0.28228,0.105143,0.175915,0.597692,0.365201,0.469723,0.358413,0.834924,0.187443,3.97222,0.317912,-0.549621,-0.389845,75.3595,17.9064,131.619,-0.939466,-0.254732,17.282212138175964,-8.974948227405548,2.50618,67.87999725341797,,,,,,,663.8,5.874336283,663.8,5.874336283,,,,,,,,,,,,,,,,,,,"Freddie Freeman","5361",518692
"Dillon Dingler","DET",90,354,322,78,49,17,1,11,38,47,23,1,84,6,2,0,,1,0,0.242242,0.0660992,0.236914,0.279001,0.303677,0.408226,0.309122,0.711903,0.165984,2.81007,0.290836,0.013426,-0.554839,40.6673,-1.12956,97.2357,-0.541413,4.11527,-1.6939175724983215,11.024222373962402,2.4765,254.6199951171875,,,,,,,362.1,4.023333333,362.1,4.023333333,,,,,,,,,,,,,,,,,,,"Dillon Dingler","27464",693307
"CJ Abrams","WSN",110,476,427,110,68,22,3,16,63,60,34,2,90,11,3,1,,22,6,0.257396,0.0708871,0.188273,0.376512,0.325278,0.437535,0.329266,0.762813,0.180139,6.47032,0.289175,0.463889,1.42148,62.4797,6.26217,111.163,1.88537,-4.45676,8.180267810821533,0.08074474334716797,2.46583,65,,,,,,,580.3,5.275454545,580.3,5.275454545,,,,,,,,,,,,,,,,,,,"CJ Abrams","25768",682928
"Kazuma Okamoto","TOR",104,450,398,99,59,20,0,21,54,67,43,3,92,5,3,0,,1,1,0.24906,0.0961813,0.204008,0.471457,0.328489,0.455592,0.336762,0.784081,0.206532,2.13161,0.272157,-0.365226,-0.733142,61.7832,8.65453,117.13,-1.09837,-0.403757,7.979810953140259,0.49253901839256287,2.45107,999,,,,,,,554.9,5.335576923,554.9,5.335576923,,,,,,,,,,,,,,,,,,,"Kazuma Okamoto","37123",672960
"Otto Lopez","MIA",105,455,417,116,83,21,3,9,53,51,30,1,70,3,3,1,,12,5,0.27895,0.0665492,0.154921,0.429568,0.330693,0.410002,0.322409,0.740695,0.131052,5.28249,0.314605,0.405531,-0.233944,57.2008,3.45433,105.104,0.171587,0.932497,2.923405721783638,5.806107938289642,2.44253,229.16000366210938,,,,,,,503,4.79047619,503,4.79047619,,,,,,,,,,,,,,,,,,,"Otto Lopez","19608",672640
"Mike Trout","LAA",98,425,351,82,48,14,1,20,60,53,66,7,126,5,2,1,,4,1,0.2348,0.154874,0.295751,0.523665,0.362075,0.450467,0.350498,0.812542,0.215667,4.05214,0.300503,-0.393316,-0.157946,63.1646,12.9256,124.811,-0.551262,-0.979988,11.882072150707245,-3.0170246362686157,2.40508,178.44000244140625,,,,,,,560.3,5.717346938,560.3,5.717346938,,,,,,,,,,,,,,,,,,,"Mike Trout","10155",545361
"Jacob Wilson","ATH",102,443,410,120,86,24,1,9,52,55,23,1,39,5,3,2,,4,1,0.291921,0.0527981,0.0876236,0.602556,0.334777,0.42088,0.328374,0.755657,0.128959,3.48074,0.302896,0.0406508,-0.445831,57.8296,5.50761,107.929,-0.405181,-0.32789,3.7331012189388275,4.4165544509887695,2.394,196.44000244140625,,,,,,,510.7,5.006862745,510.7,5.006862745,,,,,,,,,,,,,,,,,,,"Jacob Wilson","33266",805779
"Jackson Chourio","MIL",107,461,423,115,70,26,2,16,64,63,30,1,94,3,3,2,,15,5,0.271859,0.0656743,0.203187,0.323222,0.322359,0.462396,0.336217,0.784755,0.190537,5.70612,0.311885,0.703985,0.389589,63.1111,8.66516,116.659,1.09357,2.68583,10.191583275794983,-2.174666404724121,2.38978,19.3799991607666,,,,,,,571.7,5.342990654,571.7,5.342990654,,,,,,,,,,,,,,,,,,,"Jackson Chourio","28806",694192
"Manny Machado","SDP",110,474,425,107,68,20,0,19,60,64,44,3,96,2,4,1,,6,2,0.252462,0.0919654,0.2028,0.453478,0.322319,0.434073,0.325967,0.756392,0.181611,3.44856,0.281755,-0.326076,-0.23621,61.033,4.97377,112.622,-0.562286,0.35378,6.535119473934174,0.9939030706882477,2.38637,37.52000045776367,,,,,,,554.6,5.041818181,554.6,5.041818181,,,,,,,,,,,,,,,,,,,"Manny Machado","11493",592518
"Oneil Cruz","PIT",102,439,386,92,54,17,2,19,62,55,47,3,135,3,2,1,,26,5,0.239605,0.106051,0.307357,0.345043,0.325144,0.446392,0.33163,0.771537,0.206787,6.77819,0.312458,0.298326,2.59814,58.5163,6.62321,110.879,2.89646,-1.30624,8.559011459350586,0.11289381980895996,2.3832,92.93000030517578,,,,,,,553.9,5.430392156,553.9,5.430392156,,,,,,,,,,,,,,,,,,,"Oneil Cruz","21711",665833
"Austin Wells","NYY",88,347,306,68,40,14,1,13,38,44,35,1,83,3,2,1,,3,1,0.222927,0.099794,0.240085,0.415661,0.306655,0.405387,0.309973,0.712042,0.18246,3.43338,0.258655,-0.0970448,-0.212155,40.0767,-0.867119,99.2008,-0.3092,0.175998,-0.6355918347835541,6.713035136461258,2.37871,246.13999938964844,,,,,,,360.2,4.093181818,360.2,4.093181818,,,,,,,,,,,,,,,,,,,"Austin Wells","27562",669224
"Konnor Griffin","PIT",105,455,408,105,73,18,3,11,60,56,31,1,116,11,3,2,,23,6,0.25709,0.068569,0.254944,0.268957,0.324326,0.395854,0.315686,0.720179,0.138764,6.88763,0.330884,0.0791772,1.21897,54.718,0.971586,99.9566,1.29814,1.10362,1.274758381769061,5.977234244346619,2.29136,999,,,,,,,505.6,4.815238095,505.6,4.815238095,,,,,,,,,,,,,,,,,,,"Konnor Griffin","35376",804606
"Willy Adames","SFG",115,497,441,101,61,23,1,17,58,57,49,1,125,3,3,1,,8,3,0.23011,0.0989245,0.252513,0.391759,0.310143,0.401596,0.310653,0.71174,0.171487,4.08134,0.280114,0.0272888,-0.315635,57.7201,-0.968555,100.786,-0.288346,0.315781,0.174387127161026,5.637540102005005,2.28649,133.92999267578125,,,,,,,519.6,4.518260869,519.6,4.518260869,,,,,,,,,,,,,,,,,,,"Willy Adames","15986",642715
"Pete Alonso","BAL",115,498,438,111,61,24,1,26,65,76,48,3,113,9,3,0,,2,1,0.254196,0.0966183,0.227096,0.425451,0.338064,0.488759,0.353305,0.826823,0.234562,2.63377,0.283211,-0.896785,-0.646507,75.0833,16.2671,129.367,-1.54329,-1.34571,15.686010718345642,-10.530896663665771,2.28128,24.440000534057617,,,,,,,675.3,5.872173913,675.3,5.872173913,,,,,,,,,,,,,,,,,,,"Pete Alonso","19251",624413
"Jeremy Peña","HOU",97,420,383,102,70,20,1,11,51,45,25,1,74,7,3,2,,11,3,0.266472,0.0598997,0.175796,0.340735,0.321662,0.411398,0.319103,0.733061,0.144926,5.10467,0.30258,0.434897,0.297885,51.6887,2.06244,104.937,0.732782,-0.0383595,3.176916718482971,4.4616404846310616,2.26133,122.9800033569336,,,,,,,463.8,4.781443298,463.8,4.781443298,,,,,,,,,,,,,,,,,,,"Jeremy Pena","21636",665161
"Kyle Schwarber","PHI",119,512,424,94,46,15,1,32,76,75,78,3,148,7,3,1,,4,1,0.222809,0.152445,0.289572,0.526448,0.350254,0.49337,0.36153,0.843624,0.270561,3.71016,0.252464,-1.07078,-0.575635,80.7076,20.1657,131.634,-1.64641,-0.00640758,17.564292311668396,-12.666592442896217,2.24638,24.690000534057617,,,,,,,712.2,5.984873949,712.2,5.984873949,,,,,,,,,,,,,,,,,,,"Kyle Schwarber","16478",656941
"Ian Happ","CHC",115,497,424,102,60,23,1,18,64,60,66,2,123,4,3,0,,6,2,0.240047,0.132478,0.246798,0.536788,0.3457,0.425025,0.336803,0.770725,0.184978,4.03154,0.293621,-0.241493,-0.439922,68.2656,9.57697,118.099,-0.681415,0.465997,9.972986876964569,-4.9304536283016205,2.20777,184.86000061035156,,,,,,,604.6,5.257391304,604.6,5.257391304,,,,,,,,,,,,,,,,,,,"Ian Happ","17919",664023
"Austin Riley","ATL",111,481,433,109,66,22,1,20,60,63,39,1,125,5,3,0,,3,1,0.25234,0.0816955,0.259957,0.314265,0.320345,0.445038,0.330536,0.765383,0.192698,3.70563,0.307488,-0.0238604,-0.466726,63.6621,6.82679,111.542,-0.490586,-2.13218,6.089367657899857,-0.5636616945266724,2.20378,59.36000061035156,,,,,,,569.8,5.133333333,569.8,5.133333333,,,,,,,,,,,,,,,,,,,"Austin Riley","18360",663586
"Seiya Suzuki","CHC",106,460,401,104,62,20,2,20,59,64,52,3,114,3,3,0,,4,2,0.258692,0.113749,0.248443,0.45785,0.346312,0.466315,0.349451,0.812627,0.207623,4.08616,0.311109,-0.292641,-0.770361,67.9603,13.596,126.763,-1.063,-0.744626,13.531081318855286,-7.541539192199707,2.18,113.43000030517578,,,,,,,605.8,5.715094339,605.8,5.715094339,,,,,,,,,,,,,,,,,,,"Seiya Suzuki","30116",673548
"Brendan Donovan","SEA",95,410,358,95,67,19,1,9,49,41,39,1,60,9,3,1,,4,2,0.265676,0.0959157,0.145723,0.658205,0.349958,0.39585,0.32905,0.745809,0.130175,3.22121,0.29547,-0.137212,-0.828023,53.7206,5.31975,117.746,-0.965236,-1.0163,7.602385580539703,-0.5903750061988831,2.16068,268.5799865722656,,,,,,,465.4,4.898947368,465.4,4.898947368,,,,,,,,,,,,,,,,,,,"Brendan Donovan","24679",680977
"Miguel Vargas","CHW",110,474,407,96,57,22,2,16,63,54,58,1,87,6,3,0,,8,2,0.236766,0.122114,0.183745,0.664585,0.337594,0.416077,0.330383,0.753671,0.179312,4.89715,0.262076,-0.0886681,0.00621044,62.7341,6.67481,111.875,-0.0824577,-3.2019,6.557989448308945,-1.8839997053146362,2.14984,303.0899963378906,,,,,,,557.8,5.07090909,557.8,5.07090909,,,,,,,,,,,,,,,,,,,"Miguel Vargas","20178",678246
"Andrés Giménez","TOR",105,455,413,104,72,19,2,11,50,52,25,1,77,11,3,2,,15,3,0.251287,0.0548646,0.170094,0.322555,0.309688,0.383672,0.303416,0.69336,0.132385,5.72304,0.283759,-0.0114514,1.07688,50.1865,-3.55998,94.1591,1.06543,2.3291,-2.0659743547439575,7.202706813812256,2.12822,412.2200012207031,,,,,,,467.4,4.451428571,467.4,4.451428571,,,,,,,,,,,,,,,,,,,"Andres Gimenez","19950",665926
"Max Muncy","LAD",77,335,277,63,35,11,1,17,46,44,51,2,84,4,2,0,,1,0,0.228776,0.152294,0.250001,0.609175,0.35411,0.452327,0.350381,0.806437,0.223551,3.01632,0.261937,-0.507284,-0.403843,49.6782,10.1406,126.117,-0.911127,-1.04688,9.446491479873657,0.03614938259124756,2.10997,234.3699951171875,,,,,,,440.1,5.715584415,440.1,5.715584415,,,,,,,,,,,,,,,,,,,"Max Muncy","13301",571970
"Jazz Chisholm Jr.","NYY",104,451,398,93,57,15,1,19,57,61,46,1,120,4,3,1,,24,7,0.232645,0.101031,0.265855,0.380025,0.315567,0.421055,0.319991,0.736623,0.18841,5.72127,0.280135,0.496423,1.38536,55.8426,2.54031,106.102,1.88178,-1.64936,5.126029968261719,-0.18640053272247314,2.09481,19.520000457763672,,,,,,,526.6,5.063461538,526.6,5.063461538,,,,,,,,,,,,,,,,,,,"Jazz Chisholm Jr.","20454",665862
"Colson Montgomery","CHW",105,453,403,87,49,16,2,21,53,66,39,2,135,9,3,0,,2,1,0.217054,0.0858362,0.298076,0.287967,0.29801,0.418987,0.310195,0.716997,0.201933,3.59151,0.266897,-0.132612,-0.618433,52.515,-1.0527,97.9684,-0.751045,1.77189,-1.8365799188613892,6.629295468330383,2.08769,254.75,,,,,,,484.4,4.613333333,484.4,4.613333333,,,,,,,,,,,,,,,,,,,"Colson Montgomery","29712",695657
"Taylor Ward","BAL",113,487,417,102,62,22,1,17,63,57,62,0,112,4,3,1,,4,2,0.244987,0.127381,0.229852,0.554189,0.346204,0.42688,0.338788,0.773084,0.181893,3.64252,0.292447,-0.519784,-0.830028,67.7743,10.1834,119.367,-1.34981,-1.06734,9.775789737701416,-6.289563417434692,2.07399,148.42999267578125,,,,,,,583.5,5.163716814,583.5,5.163716814,,,,,,,,,,,,,,,,,,,"Taylor Ward","17548",621493
"Luke Keaschall","MIN",99,429,373,96,66,21,1,7,51,46,43,1,68,9,3,0,,19,4,0.257799,0.101278,0.159185,0.636231,0.346008,0.380221,0.322055,0.726229,0.122422,5.55627,0.29576,0.127005,1.21383,53.7902,3.13264,105.637,1.34083,-0.296354,4.189393997192383,1.1601269841194153,2.05788,114.8499984741211,,,,,,,477.9,4.827272727,477.9,4.827272727,,,,,,,,,,,,,,,,,,,"Luke Keaschall","33321",807712
"Munetaka Murakami","CHW",111,480,403,94,53,12,0,27,66,67,69,6,156,4,3,1,,6,3,0.231801,0.14303,0.324746,0.440437,0.346568,0.466939,0.34859,0.813508,0.235138,3.24307,0.296609,-0.0967174,-0.953555,70.5224,13.8402,124.417,-1.05027,-0.746084,12.755197525024414,-9.161824464797974,2.05785,999,,,,,,,634,5.711711711,634,5.711711711,,,,,,,,,,,,,,,,,,,"Munetaka Murakami","37120",808959
"Ceddanne Rafaela","BOS",100,432,400,103,66,21,3,12,53,53,21,0,93,7,3,2,,14,5,0.257009,0.0494136,0.214068,0.230831,0.303782,0.416396,0.311605,0.720178,0.159387,6.15559,0.304681,0.475506,-0.00347885,50.5673,-0.508878,95.0008,0.472027,5.75533,-2.0749582946300507,7.299153923988342,2.05754,125.02999877929688,,,,,,,464.2,4.642,464.2,4.642,,,,,,,,,,,,,,,,,,,"Ceddanne Rafaela","24262",678882
"Bryson Stott","PHI",105,455,407,103,72,18,3,10,52,49,40,1,76,3,3,2,,19,4,0.25234,0.0882303,0.166703,0.529265,0.321782,0.387178,0.311143,0.70896,0.134838,6.0296,0.285329,0.263204,1.5788,53.0403,-0.706115,97.1177,1.842,2.54618,0.2881060838699341,4.245412707328796,2.01322,181.44000244140625,,,,,,,487,4.638095238,487,4.638095238,,,,,,,,,,,,,,,,,,,"Bryson Stott","26294",681082
"Brandon Nimmo","TEX",109,471,412,105,69,19,2,15,60,50,47,1,101,7,3,1,,6,1,0.255065,0.0992808,0.215268,0.461195,0.339564,0.419033,0.331833,0.758598,0.163968,4.53617,0.302234,-0.113796,-0.215001,62.774,7.17419,114.537,-0.328797,1.52593,7.733399480581284,-4.262650370597839,2.01303,145.4600067138672,,,,,,,554.1,5.083486238,554.1,5.083486238,,,,,,,,,,,,,,,,,,,"Brandon Nimmo","12927",607043
"Yandy Díaz","TBR",113,490,432,125,87,21,1,15,60,60,48,2,73,7,3,1,,2,1,0.288782,0.0981055,0.147911,0.663275,0.366365,0.445713,0.353158,0.812078,0.156931,3.06293,0.316736,-0.525152,-0.820436,73.8904,15.9625,126.939,-1.34559,-0.0474294,14.220282793045044,-11.437861759215593,2.01203,138.63999938964844,,,,,,,641.6,5.677876106,641.6,5.677876106,,,,,,,,,,,,,,,,,,,"Yandy Diaz","16578",650490
"Wilyer Abreu","BOS",91,395,346,88,53,18,1,16,50,53,45,3,93,2,3,0,,6,2,0.253528,0.113728,0.235274,0.483388,0.34001,0.447909,0.339855,0.787919,0.194381,4.13199,0.300796,-0.00467277,-0.368068,55.319,8.60298,114.461,-0.37274,3.95519,6.36611744761467,-0.3562283515930176,2.00791,199.89999389648438,,,,,,,501.9,5.515384615,501.9,5.515384615,,,,,,,,,,,,,,,,,,,"Wilyer Abreu","23772",677800
"Will Smith","LAD",80,316,273,69,45,12,1,11,40,40,37,2,61,5,2,0,,1,1,0.254285,0.116001,0.193279,0.600173,0.350212,0.427511,0.339409,0.777723,0.173226,3.17821,0.287961,-0.515847,-0.519058,44.1541,6.76991,118.601,-1.0349,-0.212166,5.940173625946045,5.501722931861877,1.99145,95.69000244140625,,,,,,,382.4,4.78,382.4,4.78,,,,,,,,,,,,,,,,,,,"Will Smith","19197",669257
"Josh Naylor","SEA",107,461,416,111,73,21,0,17,53,66,39,4,70,4,3,0,,14,3,0.266629,0.0847159,0.151492,0.559209,0.333024,0.436772,0.331514,0.769796,0.170143,4.14895,0.283924,-0.484614,0.845134,61.4437,6.91613,119.443,0.36052,0.826651,10.935644149780273,-7.525201261043549,1.97489,67.45999908447266,,,,,,,573.5,5.359813084,573.5,5.359813084,,,,,,,,,,,,,,,,,,,"Josh Naylor","18839",647304
"Trent Grisham","NYY",92,399,337,72,41,13,1,17,54,48,55,0,94,3,3,2,,5,2,0.214928,0.137891,0.234265,0.588609,0.328826,0.410867,0.325514,0.739693,0.195938,4.26081,0.242758,-0.103768,-0.331164,51.2143,4.0387,109.906,-0.434933,-0.207493,4.226794630289078,1.2184329181909561,1.96384,253.82000732421875,,,,,,,447.3,4.861956521,447.3,4.861956521,,,,,,,,,,,,,,,,,,,"Trent Grisham","18564",663757
"Roman Anthony","BOS",96,416,353,90,58,19,2,11,55,45,57,1,104,4,2,1,,5,2,0.256144,0.137042,0.249634,0.548972,0.363197,0.415094,0.34293,0.778291,0.15895,4.61401,0.330967,0.278995,-0.564908,59.309,10.1014,116.579,-0.285913,2.15105,7.851988911628723,-3.0640783309936523,1.95718,50.75,,,,,,,507.8,5.289583333,507.8,5.289583333,,,,,,,,,,,,,,,,,,,"Roman Anthony","31812",701350
"Marcus Semien","NYM",112,485,433,102,69,18,1,13,58,53,45,1,84,4,3,1,,8,2,0.236078,0.0918741,0.172456,0.53274,0.310567,0.376278,0.302305,0.686845,0.1402,4.3807,0.262186,0.199381,0.0294956,53.0722,-4.2328,95.9752,0.228876,3.3812,-2.0846319049596786,4.962680816650391,1.94643,266.25,,,,,,,474.9,4.240178571,474.9,4.240178571,,,,,,,,,,,,,,,,,,,"Marcus Semien","12533",543760
"Chase DeLauter","CLE",90,391,346,93,57,22,1,12,49,50,41,0,57,1,3,1,,1,1,0.268337,0.104312,0.146985,0.709681,0.345255,0.446679,0.343955,0.791933,0.178342,2.93214,0.288614,0.0726333,-0.749187,55.9788,9.80398,122.666,-0.676554,-0.178774,9.763177454471588,-4.365811422467232,1.92911,999,,,,,,,482.2,5.357777777,482.2,5.357777777,,,,,,,,,,,,,,,,,,,"Chase DeLauter","32127",800050
"Ozzie Albies","ATL",111,481,435,113,75,22,1,15,61,58,37,1,71,4,4,1,,7,3,0.259803,0.0773352,0.146685,0.527219,0.321951,0.419771,0.322114,0.741722,0.159968,4.10164,0.277719,0.229866,-0.542077,60.373,3.53767,105.772,-0.312211,-1.90471,2.978622078895569,-0.1868041753768921,1.92407,150.5,,,,,,,536.2,4.83063063,536.2,4.83063063,,,,,,,,,,,,,,,,,,,"Ozzie Albies","16556",645277
"Steven Kwan","CLE",107,463,408,110,82,19,2,7,58,39,46,1,45,4,3,3,,11,3,0.268699,0.0992972,0.0966207,1.0277,0.346214,0.372677,0.318703,0.718891,0.103978,4.88961,0.286448,0.430285,0.084009,56.8029,2.12211,105.271,0.514295,-0.788521,3.389274477958679,-0.5314217805862427,1.92292,169.60000610351562,,,,,,,502.8,4.69906542,502.8,4.69906542,,,,,,,,,,,,,,,,,,,"Steven Kwan","24610",680757
"Willson Contreras","BOS",109,469,401,100,60,21,1,18,58,62,48,1,121,16,4,1,,3,1,0.249964,0.101933,0.258236,0.394729,0.350437,0.443561,0.346576,0.793998,0.193597,3.46431,0.309474,-0.482748,-0.523032,68.2054,12.7691,119.091,-1.00578,1.75064,9.551185250282288,-6.928677320480347,1.92137,168.1999969482422,,,,,,,589.7,5.410091743,589.7,5.410091743,,,,,,,,,,,,,,,,,,,"Willson Contreras","11609",575929
"Michael Busch","CHC",103,444,386,96,56,20,2,18,57,59,49,1,107,6,3,1,,3,0,0.247742,0.109512,0.240137,0.456038,0.338612,0.450053,0.341605,0.788665,0.202311,4.16788,0.293924,-0.528699,-0.340259,62.8124,10.3016,121.388,-0.868958,1.52024,10.39661180973053,-6.453062295913696,1.91724,106.45999908447266,,,,,,,560.9,5.445631067,560.9,5.445631067,,,,,,,,,,,,,,,,,,,"Michael Busch","26319",683737
"J.P. Crawford","SEA",102,441,375,89,63,17,1,9,51,39,57,1,82,4,2,2,,4,2,0.237178,0.129203,0.18627,0.693637,0.341936,0.356537,0.313618,0.698473,0.119359,3.28091,0.279262,-0.0725756,-0.605728,52.2784,0.201457,107.115,-0.678304,-4.32674,3.017693340778351,0.39548587799072266,1.90209,748.5399780273438,,,,,,,448,4.392156862,448,4.392156862,,,,,,,,,,,,,,,,,,,"J.P. Crawford","15491",641487
"Daulton Varsho","TOR",104,450,406,93,53,19,2,19,56,58,36,2,106,4,3,1,,6,2,0.229933,0.0806206,0.236564,0.340799,0.297989,0.428743,0.312447,0.726732,0.19881,4.92311,0.262458,0.142264,-0.235852,52.9067,-0.221981,100.381,-0.0935883,1.35492,0.10808320343494415,2.9607882499694824,1.89823,192.2100067138672,,,,,,,485.7,4.670192307,485.7,4.670192307,,,,,,,,,,,,,,,,,,,"Daulton Varsho","19918",662139
"Brent Rooker","ATH",110,474,418,108,61,21,1,24,63,75,48,3,124,4,3,1,,5,1,0.258067,0.100529,0.260613,0.38574,0.337814,0.488368,0.352865,0.826182,0.2303,4.03663,0.305969,-0.231828,-0.13932,71.3941,15.3348,124.8,-0.371148,-0.00675689,13.496553421020508,-11.340707883238792,1.8922,42.11000061035156,,,,,,,641.7,5.833636363,641.7,5.833636363,,,,,,,,,,,,,,,,,,,"Brent Rooker","19627",667670
"Ryan Jeffers","MIN",93,377,328,82,51,17,1,12,45,46,39,1,77,7,3,1,,2,1,0.250103,0.10413,0.204464,0.50928,0.340536,0.42051,0.333277,0.761046,0.170407,3.31546,0.29001,-0.377241,-0.539975,50.8011,6.19773,113.368,-0.917216,-1.90581,5.030384600162506,0.5776796340942383,1.87567,298.05999755859375,,,,,,,438,4.709677419,438,4.709677419,,,,,,,,,,,,,,,,,,,"Ryan Jeffers","24618",680777
"Gleyber Torres","DET",99,429,369,95,67,16,1,11,53,43,52,0,74,3,3,1,,3,1,0.255988,0.122185,0.171674,0.711726,0.350397,0.387916,0.327686,0.738313,0.131928,3.02714,0.291592,-0.633143,-0.74966,55.7502,5.09266,110.023,-1.3828,-1.73152,3.682047724723816,-0.20034992694854736,1.86678,261.510009765625,,,,,,,486.4,4.913131313,486.4,4.913131313,,,,,,,,,,,,,,,,,,,"Gleyber Torres","16997",650402
"Luis Arraez","SFG",108,465,432,132,104,22,3,4,53,45,24,2,20,3,3,3,,7,2,0.30693,0.0522796,0.0424571,1.23135,0.345549,0.399643,0.324665,0.745192,0.0927127,4.48831,0.312352,0.271252,-0.371056,59.3684,4.3864,110.385,-0.0998032,-3.69505,5.627491258084774,-3.0041513442993164,1.85341,280.04998779296875,,,,,,,514.4,4.762962962,514.4,4.762962962,,,,,,,,,,,,,,,,,,,"Luis Arraez","18568",650333
"Ernie Clement","TOR",108,465,437,120,84,26,2,8,51,48,20,1,44,3,3,3,,5,2,0.275042,0.0426674,0.0935384,0.456149,0.309233,0.398445,0.306789,0.707678,0.123402,4.10937,0.288707,0.287477,-0.499135,52.6146,-2.36741,96.4828,-0.211658,1.99897,-2.1406355500221252,3.959615468978882,1.82561,337.67999267578125,,,,,,,469.9,4.350925925,469.9,4.350925925,,,,,,,,,,,,,,,,,,,"Ernie Clement","20352",676391
"Josh Jung","TEX",104,450,417,109,71,22,1,15,50,56,26,0,105,3,3,0,,3,1,0.261233,0.0580135,0.232998,0.248987,0.308084,0.425839,0.317397,0.733923,0.164606,3.52174,0.313526,-0.59789,-0.556044,54.7138,1.58512,104.592,-1.15393,-0.574979,1.2797272205352783,1.0308850407600403,1.82065,610.5,,,,,,,493.8,4.748076923,493.8,4.748076923,,,,,,,,,,,,,,,,,,,"Josh Jung","26299",673962
"Randy Arozarena","SEA",116,503,433,104,66,22,1,15,64,56,51,1,130,15,4,1,,19,6,0.24082,0.101476,0.258899,0.391951,0.339289,0.402103,0.327342,0.741392,0.161282,5.47101,0.306266,-0.440752,0.618329,65.2633,5.83433,116.569,0.177578,-4.1212,9.999796703457832,-9.658236026763916,1.80706,89.37999725341797,,,,,,,577.2,4.975862068,577.2,4.975862068,,,,,,,,,,,,,,,,,,,"Randy Arozarena","19290",668227
"Sal Stewart","CIN",104,450,402,105,64,22,0,18,59,66,41,1,86,4,3,0,,11,2,0.26048,0.0911555,0.19185,0.47514,0.33244,0.452212,0.339217,0.784653,0.191732,4.21491,0.287591,0.0355046,0.527423,62.6795,9.55085,113.08,0.562927,1.61517,7.533307909965515,-4.9950186014175415,1.79128,161.8699951171875,,,,,,,569.3,5.474038461,569.3,5.474038461,,,,,,,,,,,,,,,,,,,"Sal Stewart","31505",701398
"Francisco Alvarez","NYM",85,343,302,71,43,12,1,15,40,45,33,0,87,4,2,1,,1,0,0.23406,0.0965211,0.252435,0.38236,0.316499,0.430901,0.324458,0.7474,0.196841,2.57005,0.273495,-0.129145,-0.431351,43.6788,3.17379,111.151,-0.560497,-2.52093,3.96991503238678,1.3574609756469727,1.78661,165.25,,,,,,,390,4.588235294,390,4.588235294,,,,,,,,,,,,,,,,,,,"Francisco Alvarez","26121",682626
"Patrick Bailey","CLE",62,244,220,48,33,9,1,5,24,24,20,0,65,1,2,1,,2,0,0.216518,0.0819657,0.265986,0.308158,0.283968,0.330016,0.272719,0.613984,0.113498,4.04369,0.282244,-0.157419,-0.109557,20.8793,-8.00607,73.594,-0.266976,5.00072,-7.875338137149811,9.775411128997803,1.77785,747.8900146484375,,,,,,,194.4,3.13548387,194.4,3.13548387,,,,,,,,,,,,,,,,,,,"Patrick Bailey","27478",672275
"Matt McLain","CIN",105,455,397,93,60,18,1,13,56,51,47,0,120,5,3,2,,13,4,0.235016,0.10429,0.264863,0.39375,0.322949,0.389441,0.314373,0.71239,0.154424,5.11521,0.300266,0.0145364,0.406028,54.2332,0.486722,96.0607,0.420564,2.15153,-1.7031887471675873,3.925454616546631,1.77675,144.3000030517578,,,,,,,473.4,4.508571428,473.4,4.508571428,,,,,,,,,,,,,,,,,,,"Matt McLain","29695",680574
"Jonathan Aranda","TBR",106,459,397,104,69,19,0,16,57,61,50,3,116,8,4,0,,1,1,0.262811,0.109566,0.252705,0.433573,0.35354,0.432711,0.342065,0.786251,0.1699,1.99205,0.328376,-1.01392,-0.874037,64.993,10.8023,119.298,-1.88796,1.73187,8.543288230895996,-7.135722041130066,1.75992,195.60000610351562,,,,,,,564,5.320754716,564,5.320754716,,,,,,,,,,,,,,,,,,,"Jonathan Aranda","21837",666018
"Alec Burleson","STL",110,474,429,118,78,21,1,17,56,64,38,1,69,3,3,1,,5,1,0.274008,0.0810089,0.145052,0.558483,0.335829,0.447004,0.338166,0.782833,0.172996,3.52232,0.290567,-0.438619,-0.314293,65.7321,9.67285,119.388,-0.752912,-0.121518,10.149122297763824,-8.857321046292782,1.74823,175.19000244140625,,,,,,,587.9,5.344545454,587.9,5.344545454,,,,,,,,,,,,,,,,,,,"Alec Burleson","27615",676475
"Evan Carter","TEX",87,376,323,75,47,15,3,10,47,40,44,1,84,5,2,1,,15,4,0.230674,0.116217,0.224016,0.518788,0.330001,0.388911,0.317306,0.718911,0.158237,6.28215,0.27826,0.241329,0.900053,45.7791,1.29926,104.53,1.14138,-0.419874,3.1510486602783203,0.8498786389827728,1.73569,280.4800109863281,,,,,,,415.9,4.78045977,415.9,4.78045977,,,,,,,,,,,,,,,,,,,"Evan Carter","27790",694497
"Brayan Rocchio","CLE",99,427,379,93,63,20,2,8,48,44,36,0,71,6,3,3,,12,5,0.246471,0.0841667,0.167196,0.503401,0.319829,0.373292,0.306364,0.693121,0.126821,4.88775,0.282068,-0.0386589,-0.249995,48.1092,-2.31858,96.7709,-0.288654,0.265684,-1.9129261672496796,4.1772575080394745,1.73538,999,,,,,,,421.2,4.254545454,421.2,4.254545454,,,,,,,,,,,,,,,,,,,"Brayan Rocchio","23690",677587
"Rafael Devers","SFG",115,497,429,106,62,23,1,21,63,65,59,8,125,4,3,0,,1,1,0.247256,0.119502,0.251424,0.475298,0.3419,0.44876,0.338388,0.79066,0.201504,2.58461,0.297637,-0.44736,-0.751015,68.9045,10.2159,119.785,-1.19838,-0.0967538,10.448821663856506,-10.124068930745125,1.72509,61.619998931884766,,,,,,,622.5,5.413043478,622.5,5.413043478,,,,,,,,,,,,,,,,,,,"Rafael Devers","17350",646240
"Nolan Arenado","ARI",106,459,418,106,72,20,1,14,50,58,33,2,70,4,3,1,,2,1,0.254939,0.0725655,0.153289,0.47339,0.313977,0.405945,0.312042,0.719922,0.151006,2.93471,0.275602,-0.132111,-0.58247,53.8134,-0.377217,98.3598,-0.714582,1.66673,-1.60616797208786,3.154075264930725,1.72056,638.0599975585938,,,,,,,482.9,4.555660377,482.9,4.555660377,,,,,,,,,,,,,,,,,,,"Nolan Arenado","9777",571448
"Brandon Lowe","PIT",96,413,367,89,52,18,1,18,54,53,39,1,103,3,3,1,,2,1,0.242852,0.0941402,0.249007,0.378062,0.319062,0.44611,0.330372,0.765171,0.203257,3.57452,0.285399,-0.223969,-0.458962,54.6115,5.80724,110.017,-0.682931,-1.83421,4.220834791660309,-1.404732882976532,1.69504,187.57000732421875,,,,,,,485.5,5.057291666,485.5,5.057291666,,,,,,,,,,,,,,,,,,,"Brandon Lowe","18882",664040
"Chase Meidroth","CHW",100,432,373,94,71,16,1,6,51,35,49,0,74,6,3,2,,8,2,0.253034,0.113358,0.171048,0.662725,0.346938,0.347905,0.313097,0.694843,0.0948709,4.0289,0.298873,-0.207315,-0.203498,51.091,0.0147769,99.9675,-0.410813,0.310196,-0.4273473992943764,2.004640579223633,1.68442,646.8699951171875,,,,,,,436.5,4.365,436.5,4.365,,,,,,,,,,,,,,,,,,,"Chase Meidroth","31580",805367
"Jarren Duran","BOS",107,464,417,104,60,26,5,12,61,51,38,1,110,5,3,1,,18,4,0.249687,0.081199,0.238049,0.341102,0.318224,0.426636,0.322661,0.74486,0.176949,7.17778,0.309315,1.28772,1.4621,58.4316,3.61808,102.617,2.74982,2.25337,4.180668592453003,-3.7713229656219482,1.67637,64.04000091552734,,,,,,,534.1,4.991588785,534.1,4.991588785,,,,,,,,,,,,,,,,,,,"Jarren Duran","24617",680776
"Brandon Marsh","PHI",90,387,344,92,62,18,2,10,47,46,37,1,103,2,3,1,,8,2,0.268168,0.0947972,0.265468,0.357095,0.339554,0.423286,0.331638,0.76284,0.155118,5.06851,0.349985,0.22405,0.0492832,51.5526,5.83728,111.157,0.273333,1.2157,5.38950788974762,-2.108065128326416,1.6536,609.72998046875,,,,,,,455.4,5.06,455.4,5.06,,,,,,,,,,,,,,,,,,,"Brandon Marsh","20202",669016
"Ha-Seong Kim","ATL",97,418,360,88,61,16,1,9,47,42,50,1,75,3,3,1,,14,4,0.242974,0.1195,0.180015,0.663836,0.338055,0.367802,0.313732,0.705857,0.124828,4.94878,0.282037,0.0397364,0.387729,49.6519,0.229871,100.031,0.427466,-2.93422,0.4426966542378068,1.5472609996795654,1.62832,748.3800048828125,,,,,,,443.9,4.576288659,443.9,4.576288659,,,,,,,,,,,,,,,,,,,"Ha-Seong Kim","27506",673490
"Caleb Durbin","BOS",96,416,368,92,61,23,1,7,50,44,31,0,46,12,3,2,,17,5,0.250254,0.074884,0.110462,0.677915,0.327551,0.376602,0.312053,0.704153,0.126348,5.70992,0.267786,0.277366,0.593369,48.8688,-0.338768,95.3095,0.870735,1.51428,-1.4315756559371948,3.0016220808029175,1.62796,219.8300018310547,,,,,,,432.7,4.507291666,432.7,4.507291666,,,,,,,,,,,,,,,,,,,"Caleb Durbin","29646",702332
"Jeff McNeil","ATH",93,401,356,96,66,20,2,8,43,42,33,1,50,8,3,2,,4,1,0.270091,0.08227,0.123743,0.664843,0.342561,0.405585,0.327402,0.748146,0.135494,3.8628,0.292849,-0.645958,-0.550089,52.0058,4.66685,107.259,-1.19605,-1.24126,2.231885313987732,-0.18694043159484863,1.62082,440.5199890136719,,,,,,,454,4.88172043,454,4.88172043,,,,,,,,,,,,,,,,,,,"Jeff McNeil","15362",643446
"Jose Altuve","HOU",106,456,408,107,72,20,1,14,58,50,41,2,81,4,3,1,,8,3,0.261215,0.0888683,0.177553,0.500516,0.33237,0.415114,0.325141,0.747484,0.153899,3.93943,0.293984,-0.218748,-0.431811,58.3925,4.47761,109.097,-0.650559,-3.92546,4.241733431816101,-4.221752882003784,1.60973,116.5199966430664,,,,,,,528.3,4.983962264,528.3,4.983962264,,,,,,,,,,,,,,,,,,,"Jose Altuve","5417",514888
"Nick Gonzales","PIT",90,387,353,95,66,20,3,6,42,42,26,0,77,5,2,0,,4,2,0.269121,0.0668646,0.198766,0.336398,0.326781,0.393381,0.315458,0.720163,0.12426,4.23203,0.326908,0.162468,-0.827706,46.4702,0.754803,99.8005,-0.665239,1.62668,-0.7567327618598938,3.1205103397369385,1.55971,999,,,,,,,405.5,4.505555555,405.5,4.505555555,,,,,,,,,,,,,,,,,,,"Nick Gonzales","27490",693304
"Cole Young","SEA",88,379,332,80,55,16,2,7,42,42,36,0,71,5,3,2,,5,3,0.242231,0.0963542,0.186641,0.516253,0.324979,0.367735,0.307038,0.692714,0.125504,4.54487,0.285158,0.0299968,-0.652929,42.8757,-1.84916,102.582,-0.622932,0.162217,0.5291054844856262,1.5140684843063354,1.54269,704.2899780273438,,,,,,,363.7,4.132954545,363.7,4.132954545,,,,,,,,,,,,,,,,,,,"Cole Young","31680",702284
"Kyle Stowers","MIA",103,444,391,95,55,20,2,17,53,58,44,2,123,7,3,0,,3,1,0.241969,0.098009,0.277369,0.353353,0.326028,0.438029,0.330224,0.764056,0.196059,3.93849,0.304971,0.212932,-0.650336,58.7057,6.19479,110.458,-0.437405,0.406129,5.0710223615169525,-4.803593754768372,1.54113,164.42999267578125,,,,,,,526.1,5.10776699,526.1,5.10776699,,,,,,,,,,,,,,,,,,,"Kyle Stowers","26151",669065
"Christian Walker","HOU",113,487,434,102,59,20,1,22,58,68,44,2,120,7,3,0,,2,1,0.234368,0.0895214,0.246309,0.363451,0.312097,0.437108,0.323357,0.749205,0.20274,2.70997,0.269699,-0.46215,-0.58177,61.6676,4.07671,107.868,-1.04392,3.44236,3.475742220878601,-5.298376798629761,1.53083,212.94000244140625,,,,,,,561.7,4.97079646,561.7,4.97079646,,,,,,,,,,,,,,,,,,,"Christian Walker","13419",572233
"Hunter Goodman","COL",108,435,399,99,54,22,2,22,55,64,28,1,120,5,3,0,,2,1,0.248851,0.0635809,0.275492,0.23079,0.303389,0.476361,0.33269,0.77975,0.22751,3.62025,0.297952,-0.227047,-0.705162,58.3136,6.93235,99.8357,-0.932209,-2.85374,-1.016884833574295,0.7501137256622314,1.50974,67.36000061035156,,,,,,,537.4,4.975925925,537.4,4.975925925,,,,,,,,,,,,,,,,,,,"Hunter Goodman","29715",696100
"Travis Bazzana","CLE",92,396,337,75,48,16,2,8,49,41,50,1,107,6,2,1,,12,3,0.221796,0.126291,0.269067,0.469367,0.330658,0.356763,0.307607,0.687421,0.134967,5.73312,0.296052,0.0300374,0.44771,45.0312,-1.75122,97.6276,0.477747,1.54579,-0.6293578743934631,1.6376146078109741,1.49816,999,,,,,,,398.4,4.330434782,398.4,4.330434782,,,,,,,,,,,,,,,,,,,"Travis Bazzana","34967",683953
"Tyler Soderstrom","ATH",105,453,405,101,58,22,2,19,55,66,41,2,102,4,3,0,,4,1,0.249141,0.0909132,0.224439,0.405069,0.32285,0.451098,0.333028,0.773948,0.201956,3.64104,0.285895,-0.0122706,-0.512624,60.9196,7.35183,111.135,-0.524894,-1.42323,5.425001740455627,-6.431254148483276,1.49439,82.8499984741211,,,,,,,554.2,5.278095238,554.2,5.278095238,,,,,,,,,,,,,,,,,,,"Tyler Soderstrom","27467",691016
"Sal Frelick","MIL",95,413,368,98,73,16,2,7,48,42,36,1,55,4,3,1,,11,3,0.265567,0.0872481,0.132609,0.657935,0.335346,0.37961,0.315223,0.714956,0.114043,5.31905,0.293088,0.352973,0.0176262,49.4743,0.726242,102.278,0.370599,3.47996,1.484387993812561,-0.6342334747314453,1.49228,216.39999389648438,,,,,,,436.9,4.598947368,436.9,4.598947368,,,,,,,,,,,,,,,,,,,"Sal Frelick","29622",686217
"Jung Hoo Lee","SFG",97,418,379,102,71,20,5,6,46,40,31,1,46,4,3,1,,4,2,0.269083,0.0746998,0.10978,0.680447,0.328462,0.398363,0.317404,0.726824,0.12928,4.87128,0.289881,0.446216,-0.659517,50.8988,1.47681,105.41,-0.213301,2.29252,2.468805953860283,-2.0395805835723877,1.46864,339.44000244140625,,,,,,,442.1,4.557731958,442.1,4.557731958,,,,,,,,,,,,,,,,,,,"Jung Hoo Lee","33824",808982
"Justin Crawford","PHI",97,418,379,104,77,18,3,6,53,41,31,0,85,3,3,3,,20,6,0.274546,0.07428,0.203123,0.365691,0.331732,0.383579,0.314507,0.715311,0.109033,6.51977,0.338483,-0.0430902,0.887611,49.9151,0.493082,99.4221,0.844521,-1.65134,0.5580344498157501,-0.1575082540512085,1.4657,999,,,,,,,452.3,4.662886597,452.3,4.662886597,,,,,,,,,,,,,,,,,,,"Justin Crawford","31791",702222
"Joey Ortiz","MIL",102,439,395,96,66,20,2,8,52,45,35,0,79,4,3,3,,12,4,0.242534,0.0786025,0.178834,0.439529,0.307176,0.364065,0.295869,0.671241,0.121531,5.34378,0.282423,0.239644,-0.0144961,45.7831,-6.13047,89.0197,0.225148,0.491013,-5.4926047921180725,5.1218776404857635,1.45862,743.4400024414062,,,,,,,415.8,4.076470588,415.8,4.076470588,,,,,,,,,,,,,,,,,,,"Joey Ortiz","25493",687401
"Ezequiel Tovar","COL",111,481,447,113,71,26,3,13,53,53,25,0,120,3,3,2,,7,3,0.252541,0.0518569,0.248888,0.208354,0.294932,0.409956,0.304582,0.704888,0.157415,4.84661,0.314805,0.354468,-0.400864,53.5263,-3.30906,80.5807,-0.0463954,4.01085,-11.117339260876179,9.16455602645874,1.43864,209.22999572753906,,,,,,,489.4,4.409009009,489.4,4.409009009,,,,,,,,,,,,,,,,,,,"Ezequiel Tovar","24064",678662
"Royce Lewis","MIN",92,397,359,86,53,17,0,16,46,52,32,1,90,3,3,1,,9,2,0.238056,0.079778,0.226409,0.352363,0.302353,0.416765,0.311536,0.719117,0.178709,4.00628,0.272792,-0.12057,0.402696,46.4607,-0.490214,98.3911,0.282126,-0.275153,-0.47138479351997375,0.8452170193195343,1.43828,193.64999389648438,,,,,,,438.8,4.769565217,438.8,4.769565217,,,,,,,,,,,,,,,,,,,"Royce Lewis","20437",668904
"Spencer Horwitz","PIT",86,371,319,85,55,20,1,9,43,41,45,1,64,4,3,1,,1,1,0.265417,0.120792,0.17278,0.699113,0.360479,0.415635,0.341357,0.776115,0.150219,2.92553,0.305728,-0.335023,-0.646183,52.3919,8.52989,117.542,-0.981207,1.57117,6.736700415611267,-5.207069754600525,1.42094,738.1500244140625,,,,,,,451.4,5.248837209,451.4,5.248837209,,,,,,,,,,,,,,,,,,,"Spencer Horwitz","26477",687462
"Carson Kelly","CHC",70,279,246,59,41,10,1,8,31,32,28,0,55,3,2,0,,1,0,0.241795,0.0999058,0.195942,0.509875,0.325334,0.38526,0.313869,0.710594,0.143465,2.90295,0.278334,-0.434885,-0.315959,33.1559,0.184337,102.388,-0.750844,1.16116,0.03879731893539429,5.717331171035767,1.41705,591.9099731445312,,,,,,,289.2,4.131428571,289.2,4.131428571,,,,,,,,,,,,,,,,,,,"Carson Kelly","13620",608348
"J.T. Realmuto","PHI",91,359,325,81,53,16,2,9,39,39,25,1,82,6,2,0,,4,1,0.247888,0.0692265,0.228655,0.302756,0.311048,0.394004,0.307837,0.705052,0.146116,4.41091,0.301607,-0.190307,-0.15756,40.8939,-1.52079,94.8529,-0.347868,0.496206,-2.5376961529254913,7.274446934461594,1.41114,212.27000427246094,,,,,,,368.8,4.052747252,368.8,4.052747252,,,,,,,,,,,,,,,,,,,"J.T. Realmuto","11739",592663
"George Springer","TOR",106,460,403,100,64,18,1,16,62,53,48,1,89,5,3,1,,10,2,0.249208,0.105219,0.193716,0.543163,0.33523,0.423316,0.331309,0.758546,0.174107,4.87783,0.279848,0.196038,0.242581,61.1831,6.81888,113.374,0.438619,-0.0454074,7.691003501415253,-10.054049629718065,1.37932,94.37999725341797,,,,,,,537.7,5.072641509,537.7,5.072641509,,,,,,,,,,,,,,,,,,,"George Springer","12856",543807
"Ramón Laureano","SDP",101,438,391,92,56,18,2,16,53,54,35,1,123,8,3,1,,8,2,0.236073,0.0802004,0.281967,0.284432,0.308938,0.419285,0.316107,0.728223,0.183212,5.16827,0.299026,-0.346978,-0.087383,52.7834,1.0843,105.868,-0.434361,0.988138,2.6084114015102386,-3.699825346469879,1.3787,224.47999572753906,,,,,,,476.8,4.720792079,476.8,4.720792079,,,,,,,,,,,,,,,,,,,"Ramon Laureano","17128",657656
"Jakob Marsee","MIA",93,403,343,77,50,15,4,8,48,40,48,0,90,6,3,3,,24,8,0.224661,0.119102,0.223494,0.532908,0.327238,0.361509,0.307683,0.688747,0.136848,6.90202,0.277892,0.348636,1.07041,45.8129,-1.75579,95.0172,1.41904,-0.0710691,-0.9585049152374268,0.9932827353477478,1.37486,137.0800018310547,,,,,,,414.9,4.461290322,414.9,4.461290322,,,,,,,,,,,,,,,,,,,"Jakob Marsee","31370",805300
"Alec Bohm","PHI",97,418,381,101,70,19,1,10,45,51,30,1,64,4,3,1,,2,1,0.264738,0.0709451,0.154151,0.46023,0.32217,0.405237,0.316554,0.727407,0.140499,3.14343,0.292241,-0.165238,-0.572412,50.6101,1.18813,100.824,-0.73765,-1.12637,-0.32909154891967773,-0.19272541999816895,1.37134,239.8699951171875,,,,,,,442.4,4.560824742,442.4,4.560824742,,,,,,,,,,,,,,,,,,,"Alec Bohm","21618",664761
"Ryan O'Hearn","PIT",94,408,360,97,67,18,1,12,48,50,40,2,77,4,3,0,,2,1,0.26964,0.0985154,0.187991,0.524044,0.347721,0.422188,0.335167,0.769909,0.152548,3.09226,0.310593,-0.484801,-0.544419,55.5079,7.32143,113.302,-1.02922,-0.32254,5.4001641273498535,-6.223157167434692,1.3049,285.44000244140625,,,,,,,486.9,5.179787234,486.9,5.179787234,,,,,,,,,,,,,,,,,,,"Ryan O'Hearn","16442",656811
"Sam Antonacci","CHW",82,353,297,75,55,12,4,4,45,36,35,1,59,16,2,3,,14,4,0.251668,0.0978178,0.167628,0.58354,0.357928,0.357726,0.32209,0.715654,0.106058,6.75755,0.299935,0.0437087,0.546905,44.3239,2.59088,106.162,0.590614,-0.386953,3.155908226966858,-2.7403478920459747,1.28695,999,,,,,,,386.6,4.714634146,386.6,4.714634146,,,,,,,,,,,,,,,,,,,"Sam Antonacci","35101",803011
"Jac Caglianone","KCR",90,387,347,89,54,17,1,16,48,49,32,1,88,5,2,1,,2,1,0.255218,0.0814559,0.227689,0.357751,0.324877,0.451326,0.334863,0.776202,0.196107,3.52722,0.295503,0.118127,-0.489675,52.5659,6.85049,112.202,-0.371547,-1.16745,5.192559599876404,-5.985042452812195,1.28211,164.58999633789062,,,,,,,468.8,5.208888888,468.8,5.208888888,,,,,,,,,,,,,,,,,,,"Jac Caglianone","35041",695506
"Heliot Ramos","SFG",103,444,401,104,68,20,2,15,52,54,33,1,108,6,3,1,,4,2,0.258176,0.0750807,0.24286,0.309153,0.32298,0.424244,0.323966,0.747224,0.166068,3.94358,0.316221,-0.114098,-0.606376,56.4479,3.93704,109.906,-0.720473,-1.85306,4.497189223766327,-6.764020800590515,1.28184,218.8000030517578,,,,,,,510.8,4.9592233,510.8,4.9592233,,,,,,,,,,,,,,,,,,,"Heliot Ramos","22515",671218
"Carter Jensen","KCR",85,348,307,74,47,14,2,11,40,42,36,1,93,2,3,1,,3,1,0.240173,0.102161,0.266338,0.383578,0.319954,0.407401,0.317382,0.727355,0.167228,4.36847,0.30308,0.0318355,-0.178848,42.2944,1.22121,100.16,-0.147013,0.0446113,-0.08156119287014008,0.0819569081068039,1.27808,999,,,,,,,379.7,4.467058823,379.7,4.467058823,,,,,,,,,,,,,,,,,,,"Carter Jensen","29478",695600
"Luis Robert Jr.","NYM",74,322,289,68,43,13,0,11,39,41,27,2,86,3,2,1,,15,5,0.234894,0.082577,0.267086,0.309177,0.304136,0.399437,0.305421,0.703573,0.164543,5.10489,0.291849,-0.343489,0.615644,36.0026,-1.99311,98.1095,0.272155,1.13949,-0.44837844371795654,2.1373254656791687,1.26813,105.63999938964844,,,,,,,337.4,4.559459459,337.4,4.559459459,,,,,,,,,,,,,,,,,,,"Luis Robert Jr.","20043",673357
"Sean Murphy","ATL",77,314,273,59,34,12,0,12,34,37,31,1,87,7,2,0,,0,0,0.213986,0.0995055,0.275511,0.361167,0.308211,0.391649,0.307515,0.699859,0.177663,2.04905,0.263029,-0.086516,-0.447888,35.6895,-1.41234,95.772,-0.534405,1.52322,-2.1078745126724243,3.4651997089385986,1.2657,746.0599975585938,,,,,,,319,4.142857142,319,4.142857142,,,,,,,,,,,,,,,,,,,"Sean Murphy","19352",669221
"Ryan Waldschmidt","ARI",73,316,274,65,45,13,2,5,39,33,34,0,74,6,2,1,,8,3,0.237615,0.106671,0.233107,0.457606,0.332078,0.359586,0.308731,0.691664,0.121971,5.38891,0.303032,0,-0.261497,36.2625,-1.11038,96.0917,-0.261497,3.03446,-1.7266157567501068,3.561622738838196,1.26512,999,,,,,,,312.9,4.286301369,312.9,4.286301369,,,,,,,,,,,,,,,,,,,"Ryan Waldschmidt","35061",814439
"Teoscar Hernández","LAD",102,439,400,102,63,19,1,19,54,64,32,1,119,4,3,0,,4,1,0.255393,0.0720774,0.269841,0.267111,0.314465,0.447719,0.327876,0.762184,0.192327,3.6359,0.314012,-0.428819,-0.359045,57.1779,5.28475,110.7,-0.787864,-2.40772,4.781677961349487,-7.113271474838257,1.25741,125.41999816894531,,,,,,,523.4,5.131372549,523.4,5.131372549,,,,,,,,,,,,,,,,,,,"Teoscar Hernandez","13066",606192
"José Caballero","NYY",74,321,281,64,43,14,1,6,39,31,30,0,77,7,2,2,,31,9,0.228298,0.094192,0.238899,0.394276,0.315966,0.350458,0.297952,0.666423,0.12216,6.43584,0.288922,0.0252806,2.12685,34.0434,-3.94214,90.9199,2.15213,-0.389373,-1.288353443145752,2.4254420399665833,1.24903,200.02999877929688,,,,,,,324.8,4.389189189,324.8,4.389189189,,,,,,,,,,,,,,,,,,,"Jose Caballero","23401",676609
"Colt Keith","DET",85,366,329,87,58,18,1,9,46,42,32,1,77,2,2,0,,2,1,0.264143,0.0883041,0.210917,0.418668,0.332406,0.412424,0.325032,0.74483,0.148281,3.60363,0.31698,0.496709,-0.484103,46.8032,3.55899,108.196,0.0126061,-0.0464757,3.547858238220215,-4.117154881358147,1.23126,502.489990234375,,,,,,,403.7,4.749411764,403.7,4.749411764,,,,,,,,,,,,,,,,,,,"Colt Keith","27899",690993
"Samuel Basallo","BAL",85,353,319,78,45,16,1,16,42,49,29,2,87,3,2,0,,1,1,0.243365,0.0818786,0.247271,0.33113,0.31048,0.444619,0.324458,0.755099,0.201254,2.646,0.284054,0.00399754,-0.529116,45.0392,3.27264,109.495,-0.525118,-1.24406,3.4308311343193054,-3.0403521060943604,1.22275,160.94000244140625,,,,,,,415.4,4.887058823,415.4,4.887058823,,,,,,,,,,,,,,,,,,,"Samuel Basallo","28824",694212
"Spencer Torkelson","DET",113,486,422,96,53,22,1,20,58,63,56,2,131,5,3,1,,2,1,0.227825,0.114311,0.269723,0.423807,0.323055,0.428907,0.326326,0.751962,0.201082,2.73823,0.276796,0.0591877,-0.652265,62.6924,5.23929,109.087,-0.593077,-0.591256,4.614678263664246,-9.460854351520538,1.21737,188.35000610351562,,,,,,,557.1,4.930088495,557.1,4.930088495,,,,,,,,,,,,,,,,,,,"Spencer Torkelson","27465",679529
"Vinnie Pasquantino","KCR",109,471,419,106,63,22,2,19,54,66,43,2,74,4,4,0,,2,0,0.251962,0.0916879,0.156271,0.586725,0.325325,0.450694,0.333857,0.776019,0.198732,2.93909,0.261348,-0.718247,-0.494669,63.5471,7.9473,111.509,-1.21292,-0.710726,5.1698572635650635,-9.486960649490356,1.21624,77.0999984741211,,,,,,,573.2,5.258715596,573.2,5.258715596,,,,,,,,,,,,,,,,,,,"Vinnie Pasquantino","27676",686469
"Carlos Narváez","BOS",72,285,251,56,36,13,0,8,30,30,28,0,75,3,2,1,,2,1,0.224586,0.0969395,0.265036,0.365759,0.307324,0.368709,0.298555,0.676034,0.144123,2.71789,0.287424,-0.189293,-0.326751,30.3003,-3.35308,86.011,-0.516044,1.25035,-5.212000072002411,6.578440427780151,1.20002,443.010009765625,,,,,,,269.5,3.743055555,269.5,3.743055555,,,,,,,,,,,,,,,,,,,"Carlos Narvaez","19722",665966
"Brooks Lee","MIN",99,429,394,98,67,18,1,12,45,50,28,1,73,3,3,1,,4,2,0.249387,0.0664576,0.171308,0.387943,0.302729,0.391,0.302201,0.693729,0.141613,3.57401,0.277631,-0.324649,-0.450919,46.8793,-3.77825,91.9607,-0.775568,-2.72887,-4.837897062301636,1.789957046508789,1.19872,542.5700073242188,,,,,,,420.5,4.247474747,420.5,4.247474747,,,,,,,,,,,,,,,,,,,"Brooks Lee","31595",686797
"Garrett Mitchell","MIL",88,380,328,73,47,15,3,8,47,43,45,1,125,3,2,2,,15,5,0.224033,0.118013,0.329446,0.358217,0.321522,0.362519,0.303642,0.684041,0.138486,6.47154,0.331762,0.16783,0.482037,42.0422,-2.90734,94.3444,0.649866,-0.456386,-1.9001282453536987,0.9022559523582458,1.1937,691.1699829101562,,,,,,,375.1,4.2625,375.1,4.2625,,,,,,,,,,,,,,,,,,,"Garrett Mitchell","27555",669003
"Lawrence Butler","ATH",85,369,330,78,48,16,1,13,46,46,35,1,95,1,2,1,,12,3,0.23736,0.0947958,0.258369,0.366901,0.310513,0.409465,0.313337,0.719978,0.172105,5.23933,0.292422,0.289476,0.400901,43.6861,0.0844032,97.5704,0.690377,1.39634,-0.36632633209228516,-0.6746457815170288,1.19365,157.22000122070312,,,,,,,403.5,4.747058823,403.5,4.747058823,,,,,,,,,,,,,,,,,,,"Lawrence Butler","22542",671732
"Jake Cronenworth","SDP",88,380,325,74,49,15,2,8,43,37,43,0,76,8,2,1,,3,1,0.226653,0.113259,0.199804,0.56685,0.329411,0.358431,0.30781,0.687841,0.131778,3.99458,0.268949,0.0603902,-0.511006,43.2312,-1.61621,100.184,-0.450616,-1.75292,-0.367910698056221,-0.6609450578689575,1.18758,738.2999877929688,,,,,,,375.4,4.26590909,375.4,4.26590909,,,,,,,,,,,,,,,,,,,"Jake Cronenworth","18036",630105
"Jackson Holliday","BAL",70,301,263,64,43,12,1,7,37,29,32,1,65,3,2,2,,8,3,0.243786,0.105,0.215833,0.486489,0.328869,0.38505,0.314346,0.713919,0.141264,5.2286,0.294191,-0.0242603,0.0589202,35.85,0.315161,102.529,0.0346599,-0.867978,0.9311752021312714,0.28016984462738037,1.18355,203.14999389648438,,,,,,,313.5,4.478571428,313.5,4.478571428,,,,,,,,,,,,,,,,,,,"Jackson Holliday","31781",702616
"TJ Friedl","CIN",103,444,384,91,64,15,2,10,53,41,46,0,79,9,2,3,,10,2,0.237077,0.10315,0.178538,0.57775,0.331052,0.366014,0.311265,0.697065,0.128937,5.13339,0.272627,0.209645,0.247483,51.8651,-0.645809,93.9318,0.457129,-0.79017,-2.7391445636749268,-0.5474225878715515,1.17751,265.1499938964844,,,,,,,452.9,4.397087378,452.9,4.397087378,,,,,,,,,,,,,,,,,,,"TJ Friedl","19522",670770
"Trevor Story","BOS",116,501,463,111,72,24,1,14,56,61,28,1,143,5,4,1,,16,2,0.240539,0.0562065,0.285097,0.197149,0.28863,0.391317,0.294368,0.679947,0.150778,5.33795,0.313061,0.178029,1.60496,51.5756,-7.59806,83.1271,1.78299,-2.9906,-8.176287651062012,2.375138282775879,1.17097,111.33000183105469,,,,,,,489.3,4.218103448,489.3,4.218103448,,,,,,,,,,,,,,,,,,,"Trevor Story","12564",596115
"Liam Hicks","MIA",92,386,332,86,62,14,1,9,43,46,41,1,54,9,3,1,,2,0,0.258261,0.10598,0.139916,0.757454,0.351634,0.38728,0.327886,0.738915,0.12902,3.10991,0.281248,-0.298857,-0.457078,50.2187,4.6445,108.857,-0.755934,-1.57564,3.2928792238235474,-4.8620604276657104,1.16354,748.5399780273438,,,,,,,434.3,4.720652173,434.3,4.720652173,,,,,,,,,,,,,,,,,,,"Liam Hicks","29844",689414
"Matt Wallner","MIN",79,340,292,66,35,15,1,15,41,43,36,0,109,9,2,1,,3,1,0.22427,0.105362,0.320758,0.328479,0.325852,0.43671,0.332236,0.762562,0.21244,4.24366,0.297506,-0.160342,-0.464497,45.4478,5.29241,112.651,-0.624838,-0.999837,4.442384302616119,-4.790423810482025,1.16179,340.5899963378906,,,,,,,405.7,5.135443037,405.7,5.135443037,,,,,,,,,,,,,,,,,,,"Matt Wallner","26466",670242
"Kyle Isbel","KCR",86,371,336,83,57,16,3,7,43,36,24,0,74,4,2,5,,9,3,0.246708,0.0639348,0.19914,0.321055,0.30279,0.376912,0.297657,0.679702,0.130204,5.862,0.294347,0.420312,0.0688666,39.2213,-4.64073,86.5722,0.489178,2.46236,-5.385782063007355,3.788128137588501,1.14446,999,,,,,,,350.8,4.079069767,350.8,4.079069767,,,,,,,,,,,,,,,,,,,"Kyle Isbel","21614",664728
"Bryan Reynolds","PIT",111,481,421,105,69,21,3,13,56,56,50,2,118,6,3,0,,4,1,0.250028,0.104051,0.245914,0.423118,0.336198,0.40717,0.325109,0.743367,0.157142,4.1916,0.31402,0.0139075,-0.525246,61.5428,4.70746,106.412,-0.511339,-2.71901,3.1439660787582397,-8.246174573898315,1.11641,204.72000122070312,,,,,,,540,4.864864864,540,4.864864864,,,,,,,,,,,,,,,,,,,"Bryan Reynolds","19326",668804
"Zack Gelof","ATH",67,290,258,60,36,12,1,10,36,36,27,0,89,2,2,2,,8,2,0.231891,0.0915001,0.307411,0.297648,0.305993,0.404295,0.309949,0.710288,0.172404,5.57271,0.309819,0.144571,0.469495,33.5271,-0.731302,95.2363,0.614065,0.987724,-1.0138203501701355,1.8726006150245667,1.10942,999,,,,,,,309.1,4.613432835,309.1,4.613432835,,,,,,,,,,,,,,,,,,,"Zack Gelof","29766",680869
"Adolis García","PHI",108,465,423,101,61,20,1,19,55,63,34,1,120,5,3,0,,8,3,0.239114,0.0733911,0.258059,0.284397,0.301416,0.426122,0.314403,0.727538,0.187008,4.15796,0.286204,0.0130963,-0.170448,55.4913,0.509351,99.351,-0.157352,0.579796,-0.515271008014679,-4.256469249725342,1.0968,213.99000549316406,,,,,,,508.7,4.710185185,508.7,4.710185185,,,,,,,,,,,,,,,,,,,"Adolis Garcia","19287",666969
"Jo Adell","LAA",104,451,412,99,58,17,1,23,52,67,28,1,119,8,3,1,,6,2,0.23937,0.0620255,0.26289,0.235937,0.298464,0.448962,0.321208,0.747426,0.209593,3.75144,0.277853,-0.11899,-0.455318,56.2884,2.9861,104.634,-0.574307,-2.35455,1.8894624710083008,-6.7434351444244385,1.0928,120.33000183105469,,,,,,,527.4,5.071153846,527.4,5.071153846,,,,,,,,,,,,,,,,,,,"Jo Adell","20220",666176
"Tyler O'Neill","BAL",86,373,325,75,47,12,1,16,47,47,41,2,102,5,2,0,,4,1,0.232008,0.110275,0.273752,0.402828,0.325192,0.420461,0.324487,0.745653,0.188453,4.01326,0.284795,-0.00264304,-0.207336,47.5773,3.46507,109.515,-0.209979,-1.12003,3.9767682552337646,-6.231138348579407,1.08473,477.6400146484375,,,,,,,428.7,4.98488372,428.7,4.98488372,,,,,,,,,,,,,,,,,,,"Tyler O'Neill","15711",641933
"Pedro Pagés","STL",66,260,238,53,36,10,1,7,25,28,17,1,67,3,2,1,,2,0,0.223517,0.0644228,0.258563,0.249157,0.27995,0.356272,0.278379,0.636223,0.132755,3.21856,0.279577,-0.239777,-0.164431,23.4249,-7.32756,78.4314,-0.404208,1.9707,-7.057475984096527,7.054038405418396,1.08387,748.2899780273438,,,,,,,223.1,3.38030303,223.1,3.38030303,,,,,,,,,,,,,,,,,,,"Pedro Pages","25782",686780
"Jordan Walker","STL",102,443,399,98,62,19,1,16,51,55,37,1,120,4,3,0,,10,4,0.246338,0.0829674,0.270232,0.307023,0.314635,0.418454,0.3186,0.733089,0.172116,4.50287,0.310229,0.149487,-0.264178,54.3155,1.99355,105.984,-0.114692,-2.30076,3.0260997861623764,-7.19582462310791,1.08171,511.7200012207031,,,,,,,491.8,4.821568627,491.8,4.821568627,,,,,,,,,,,,,,,,,,,"Jordan Walker","27475",691023
"Joe Mack","MIA",73,287,259,57,37,12,1,8,30,33,23,0,79,3,2,1,,2,1,0.221316,0.079023,0.274309,0.28808,0.289607,0.365164,0.287466,0.654771,0.143848,3.52914,0.282853,0,-0.225815,27.9306,-5.95876,81.1678,-0.225815,1.86747,-6.627540558576584,7.469326496124268,1.07812,999,,,,,,,254.9,3.491780821,254.9,3.491780821,,,,,,,,,,,,,,,,,,,"Joe Mack","29780",691788
"Luis Torrens","NYM",50,198,181,43,28,9,1,5,19,22,13,0,44,2,1,1,,1,1,0.237048,0.0657399,0.223222,0.294504,0.293146,0.373438,0.291823,0.666584,0.13639,3.11623,0.286467,-0.0318581,-0.30619,19.9427,-3.40643,88.7946,-0.338048,2.14348,-2.9624550342559814,6.003044843673706,1.0774,999,,,,,,,182.7,3.654,182.7,3.654,,,,,,,,,,,,,,,,,,,"Luis Torrens","15905",620443
"Freddy Fermin","SDP",70,275,248,58,41,11,0,5,28,27,20,1,55,2,2,2,,1,1,0.233729,0.0735034,0.199964,0.367583,0.295394,0.345831,0.282693,0.641225,0.112102,2.49737,0.276414,0.0819682,-0.544081,25.6886,-6.77234,82.9775,-0.462113,1.622,-6.0047668516635895,6.987737417221069,1.06939,735.3099975585938,,,,,,,220.8,3.154285714,220.8,3.154285714,,,,,,,,,,,,,,,,,,,"Freddy Fermin","21840",666023
"Christian Yelich","MIL",86,370,322,82,56,13,1,11,48,47,43,4,91,3,2,0,,11,3,0.256134,0.115929,0.246436,0.470424,0.346266,0.413617,0.330273,0.759883,0.157483,5.25082,0.320362,0.484526,0.438756,48.8515,5.16816,112.587,0.923282,-0.0325605,6.438725292682648,-8.433178134262562,1.05523,127.22000122070312,,,,,,,434.5,5.052325581,434.5,5.052325581,,,,,,,,,,,,,,,,,,,"Christian Yelich","11477",592885
"Lars Nootbaar","STL",63,274,233,57,37,11,1,8,34,28,37,1,55,2,2,1,,4,1,0.24515,0.1335,0.201396,0.662873,0.350041,0.400722,0.330575,0.750763,0.155572,4.10141,0.287069,0.242094,-0.242447,36.2892,3.89938,114.188,-0.000353369,-0.714844,4.609219518461032,-3.501263380050659,1.04708,745.989990234375,,,,,,,320.8,5.092063492,320.8,5.092063492,,,,,,,,,,,,,,,,,,,"Lars Nootbaar","21454",663457
"Brenton Doyle","COL",92,397,364,87,57,16,2,11,48,43,27,0,109,2,2,1,,16,4,0.239128,0.0677207,0.274719,0.246509,0.293548,0.389253,0.29737,0.682801,0.150125,6.27854,0.307315,0.192712,1.18395,41.8908,-5.06012,75.6406,1.37666,5.66384,-10.095450758934021,7.08297324180603,1.04527,166.25,,,,,,,390.6,4.245652173,390.6,4.245652173,,,,,,,,,,,,,,,,,,,"Brenton Doyle","25479",686668
"Nolan Schanuel","LAA",101,436,378,99,70,18,1,10,50,46,47,1,62,6,3,1,,4,1,0.262182,0.108176,0.14298,0.756576,0.351325,0.391897,0.328352,0.743222,0.129715,3.18919,0.289154,-0.556863,-0.517352,56.8736,5.40936,109.555,-1.07421,-0.933478,3.8308262825012207,-8.711255550384521,1.03528,594.6599731445312,,,,,,,492.1,4.872277227,492.1,4.872277227,,,,,,,,,,,,,,,,,,,"Nolan Schanuel","33189",694384
"Jesus Rodriguez","SFG",54,217,195,53,40,8,1,3,24,21,18,0,34,2,1,1,,5,2,0.270153,0.0809298,0.157873,0.512625,0.335136,0.369731,0.311483,0.704868,0.0995781,4.81202,0.312169,-0.0110546,-0.113426,25.352,-0.276818,101.355,-0.124481,-0.983103,0.2237335816025734,2.3966804146766663,1.01827,999,,,,,,,222.8,4.125925925,222.8,4.125925925,,,,,,,,,,,,,,,,,,,"Jesus Rodriguez","26991",683679
"Josh Smith","TEX",68,293,253,62,43,12,1,6,33,27,30,1,55,6,2,1,,6,2,0.244438,0.103412,0.188644,0.548189,0.336324,0.367719,0.312892,0.704044,0.123281,4.48371,0.289001,0.00828206,-0.195517,34.5565,-0.0388651,101.489,-0.187235,-1.62246,0.32643653452396393,-0.5020896196365356,1.01363,428.9100036621094,,,,,,,304.9,4.483823529,304.9,4.483823529,,,,,,,,,,,,,,,,,,,"Josh Smith","26396",669701
"Dalton Rushing","LAD",47,188,164,38,22,7,0,8,24,26,19,0,52,4,1,0,,1,0,0.231277,0.0998442,0.277026,0.360414,0.323616,0.426612,0.327034,0.750228,0.195335,3.00139,0.284445,-0.0214118,-0.227209,24.3762,2.13624,110.123,-0.248621,-0.204771,2.0096757262945175,2.6521731466054916,1.0057,745.8300170898438,,,,,,,215.2,4.578723404,215.2,4.578723404,,,,,,,,,,,,,,,,,,,"Dalton Rushing","31382",687221
"Harrison Bader","SFG",91,392,358,85,58,16,1,10,43,41,25,0,95,6,3,1,,10,4,0.237657,0.0628772,0.243358,0.258374,0.295305,0.373255,0.293166,0.66856,0.135598,4.6757,0.293015,-0.0148532,-0.187961,40.001,-6.33212,88.8067,-0.202814,0.736005,-5.404974147677422,2.1364678740501404,1.00127,554.3099975585938,,,,,,,364.9,4.009890109,364.9,4.009890109,,,,,,,,,,,,,,,,,,,"Harrison Bader","18030",664056
"Nolan Gorman","STL",98,422,373,82,49,15,1,18,48,55,44,1,134,1,3,0,,2,1,0.220053,0.103223,0.316615,0.32602,0.301492,0.407851,0.307777,0.709343,0.187798,3.03022,0.28495,-0.75634,-0.464266,48.0231,-1.80737,98.57,-1.22061,0.675937,-1.9353696703910828,-2.3740631341934204,0.99559,653.1400146484375,,,,,,,440.6,4.495918367,440.6,4.495918367,,,,,,,,,,,,,,,,,,,"Nolan Gorman","22263",669357
"Chandler Simpson","TBR",94,406,376,108,92,11,4,1,50,30,22,0,43,1,3,4,,36,9,0.287928,0.0550783,0.105228,0.523419,0.32703,0.346673,0.297637,0.673703,0.0587445,7.36705,0.320586,0.50458,2.99382,42.8806,-5.08126,88.6925,3.4984,1.78882,-1.9112884998321533,-2.409639358520508,0.988089,180.19000244140625,,,,,,,405.1,4.309574468,405.1,4.309574468,,,,,,,,,,,,,,,,,,,"Chandler Simpson","31912",802415
"Connor Norby","MIA",85,366,330,80,51,18,1,10,42,41,29,0,102,5,2,1,,8,3,0.24333,0.0781031,0.278378,0.280565,0.31075,0.396176,0.309367,0.706926,0.152846,4.68114,0.317883,-0.172212,-0.116319,42.1482,-1.09605,96.1701,-0.288531,0.720625,-1.9498187899589539,-0.6238192915916443,0.983318,728.1400146484375,,,,,,,378.7,4.455294117,378.7,4.455294117,,,,,,,,,,,,,,,,,,,"Connor Norby","29592",681393
"Ryan McMahon","NYY",72,311,271,57,36,11,0,10,34,35,36,1,99,2,2,1,,2,1,0.209757,0.114438,0.317501,0.360433,0.303844,0.364136,0.2953,0.66798,0.154379,3.03904,0.28517,0.0510072,-0.547908,32.2755,-4.48471,89.0934,-0.496901,2.11219,-4.496133476495743,3.223299980163574,0.965925,732.8599853515625,,,,,,,289.1,4.015277777,289.1,4.015277777,,,,,,,,,,,,,,,,,,,"Ryan McMahon","15112",641857
"Anthony Volpe","NYY",53,228,205,47,29,10,1,7,26,25,19,0,53,2,2,1,,8,2,0.22959,0.0833001,0.233185,0.357228,0.298611,0.389137,0.300156,0.687748,0.159546,5.86337,0.275506,0.37427,0.324248,24.5682,-2.38931,92.4385,0.698518,0.466303,-1.3347734212875366,2.910747855901718,0.965087,641.989990234375,,,,,,,231.3,4.364150943,231.3,4.364150943,,,,,,,,,,,,,,,,,,,"Anthony Volpe","27647",683011
"Isaac Collins","KCR",81,350,298,71,47,15,3,7,41,35,44,1,79,5,2,1,,11,4,0.238834,0.126133,0.224351,0.562214,0.343491,0.37544,0.320053,0.718932,0.136606,5.54878,0.299604,0.101057,-0.338,43.3813,1.9904,102,-0.236943,0.432063,0.5887569487094879,-3.3211781680583954,0.954676,666.1699829101562,,,,,,,382.7,4.724691358,382.7,4.724691358,,,,,,,,,,,,,,,,,,,"Isaac Collins","25477",686555
"Nick Fortes","TBR",71,280,255,61,44,11,0,6,27,28,16,0,46,5,2,2,,1,1,0.237725,0.0559112,0.165085,0.338682,0.294142,0.35481,0.286367,0.648952,0.117085,2.83379,0.266228,0.0198148,-0.391504,26.9733,-6.05715,80.9294,-0.371689,-1.17202,-6.655015558004379,4.287854433059692,0.952495,999,,,,,,,237,3.338028169,237,3.338028169,,,,,,,,,,,,,,,,,,,"Nick Fortes","21538",663743
"Cam Smith","HOU",96,415,367,86,57,18,2,10,46,44,39,0,109,5,3,1,,8,2,0.235172,0.0932532,0.263931,0.353324,0.314298,0.375754,0.304401,0.690053,0.140583,4.77267,0.304347,0.238285,-0.0240221,46.0989,-2.9147,94.8094,0.214263,1.53059,-2.3234556764364243,-2.765706419944763,0.940851,341.8699951171875,,,,,,,413.8,4.310416666,413.8,4.310416666,,,,,,,,,,,,,,,,,,,"Cam Smith","35108",701358
"Luis Campusano","SDP",48,189,168,42,27,8,0,6,23,23,18,0,39,2,1,0,,1,0,0.249428,0.0954619,0.206708,0.461821,0.325927,0.416889,0.32455,0.742816,0.167461,2.80461,0.286829,0.059122,-0.242527,24.1373,1.767,111.651,-0.183405,-1.08132,2.431032121181488,1.9121938943862915,0.93902,999,,,,,,,208.7,4.347916666,208.7,4.347916666,,,,,,,,,,,,,,,,,,,"Luis Campusano","22217",669134
"Dylan Beavers","BAL",64,275,238,58,38,12,1,7,33,30,32,0,64,1,2,1,,7,2,0.243917,0.117101,0.234014,0.500401,0.335306,0.396411,0.322217,0.731717,0.152494,5.02248,0.301273,0.0372719,0.00743135,34.5157,2.04417,107.951,0.0447033,-0.835589,2.6201148331165314,-2.9652187824249268,0.932959,505.0400085449219,,,,,,,299.8,4.684375,299.8,4.684375,,,,,,,,,,,,,,,,,,,"Dylan Beavers","31695",687637
"Kyle Teel","CHW",57,232,201,49,34,8,0,6,26,24,27,0,58,2,2,1,,3,1,0.242208,0.1151,0.251534,0.457594,0.335559,0.376412,0.316592,0.71197,0.134204,3.6521,0.309209,-0.133636,-0.22269,28.1274,0.667306,102.375,-0.356326,-0.907979,0.2941458225250244,0.5793665051460266,0.924944,266.8800048828125,,,,,,,242.9,4.261403508,242.9,4.261403508,,,,,,,,,,,,,,,,,,,"Kyle Teel","33549",691019
"Luke Raley","SEA",74,321,283,65,38,12,1,13,38,42,24,0,102,11,2,2,,5,2,0.22858,0.07477,0.315742,0.236807,0.312743,0.41732,0.319236,0.730063,0.18874,4.67474,0.304212,-0.150578,-0.243013,39.5988,1.6133,110.985,-0.393591,-1.49029,3.7686647474765778,-5.897692918777466,0.914864,748.25,,,,,,,352.6,4.764864864,352.6,4.764864864,,,,,,,,,,,,,,,,,,,"Luke Raley","19354",670042
"Jesús Sánchez","TOR",73,314,283,70,44,14,1,11,37,40,26,1,73,3,2,0,,6,1,0.246023,0.0820656,0.231564,0.354397,0.312406,0.420029,0.317021,0.732435,0.174006,4.58171,0.290288,-0.0329773,0.0739415,38.0766,1.01007,103.531,0.0409643,0.267828,1.3466048575937748,-3.2426662743091583,0.911296,617.4299926757812,,,,,,,354.3,4.853424657,354.3,4.853424657,,,,,,,,,,,,,,,,,,,"Jesus Sanchez","19913",660821
"Kyle Manzardo","CLE",87,375,330,77,45,16,1,15,42,49,38,1,94,5,2,0,,1,0,0.232471,0.101383,0.249814,0.405835,0.318224,0.423816,0.322274,0.74204,0.191345,2.91843,0.276044,-0.107969,-0.417821,47.1617,2.80955,107.731,-0.525789,0.645136,2.8944180607795715,-6.976006031036377,0.904941,253.4600067138672,,,,,,,425.2,4.887356321,425.2,4.887356321,,,,,,,,,,,,,,,,,,,"Kyle Manzardo","29794",700932
"Jake Meyers","HOU",53,228,204,50,35,9,1,5,25,22,19,0,48,3,2,1,,6,2,0.244943,0.0825692,0.210628,0.392014,0.315678,0.368863,0.30249,0.684541,0.12392,5.08782,0.29621,0.0934789,-0.0680509,25.0005,-1.95697,93.4934,0.0254281,1.89331,-1.7241976242512465,2.70812451839447,0.904513,738.1500244140625,,,,,,,226.6,4.275471698,226.6,4.275471698,,,,,,,,,,,,,,,,,,,"Jake Meyers","20308",676694
"Brett Baty","NYM",71,306,274,66,43,11,1,10,36,37,27,0,76,2,2,0,,4,1,0.241144,0.0875321,0.24797,0.352995,0.311674,0.401542,0.311653,0.713216,0.160398,4.09647,0.293801,-0.0296565,-0.203144,35.779,-0.348059,102.379,-0.2328,0.33146,0.6291315853595734,-2.040761798620224,0.897034,292.9200134277344,,,,,,,319,4.492957746,319,4.492957746,,,,,,,,,,,,,,,,,,,"Brett Baty","26123",683146
"Jordan Westburg","BAL",44,192,174,45,28,9,1,8,24,25,13,0,42,2,1,1,,2,1,0.25985,0.0677,0.217287,0.31157,0.317968,0.452672,0.332148,0.77064,0.192822,4.26336,0.298788,0.0615151,-0.181217,25.6427,2.97394,114.792,-0.119702,-0.271508,3.2251005843281746,-1.0678046345710754,0.896679,646.8400268554688,,,,,,,231,5.25,231,5.25,,,,,,,,,,,,,,,,,,,"Jordan Westburg","27815",676059
"Colton Cowser","BAL",64,275,241,54,34,11,0,9,32,32,28,1,86,4,2,1,,6,2,0.22566,0.101152,0.313112,0.323054,0.31302,0.384675,0.306797,0.697695,0.159015,4.53101,0.308256,0.126832,0.0590138,31.0752,-1.39626,97.3294,0.185845,-0.696031,-0.6791744530200958,-0.0849195122718811,0.890091,251.72000122070312,,,,,,,279.7,4.3703125,279.7,4.3703125,,,,,,,,,,,,,,,,,,,"Colton Cowser","29591",681297
"Davis Schneider","TOR",56,241,202,43,25,9,1,8,29,27,33,0,69,3,1,0,,3,1,0.211239,0.138993,0.287732,0.483064,0.328934,0.382984,0.316737,0.711918,0.171745,4.38556,0.274949,-0.0739722,-0.167754,29.1367,0.719052,103.336,-0.241727,0.870753,0.703930601477623,-0.36165398359298706,0.882406,999,,,,,,,256.7,4.583928571,256.7,4.583928571,,,,,,,,,,,,,,,,,,,"Davis Schneider","23565",676914
"Oswald Peraza","LAA",80,347,314,71,49,12,0,10,37,35,25,0,88,6,2,1,,13,3,0.226901,0.0722831,0.253404,0.285248,0.293849,0.364741,0.290374,0.658591,0.137841,4.86831,0.280065,0.0404474,0.739981,34.6513,-6.3976,83.3931,0.780429,1.74369,-6.019428730010986,2.651093602180481,0.879414,999,,,,,,,321.7,4.02125,321.7,4.02125,,,,,,,,,,,,,,,,,,,"Oswald Peraza","22823",672724
"Jacob Young","WSN",76,329,297,73,56,12,1,3,36,29,22,0,60,5,2,3,,13,5,0.245217,0.0668729,0.180645,0.37019,0.30615,0.329835,0.283661,0.635985,0.0846181,5.50397,0.294138,0.471621,0.193787,31.0589,-7.86089,79.9223,0.665408,3.58555,-7.1728203892707825,4.761936068534851,0.875307,746.0700073242188,,,,,,,272.2,3.581578947,272.2,3.581578947,,,,,,,,,,,,,,,,,,,"Jacob Young","29931",696285
"Mickey Moniak","COL",92,397,369,97,56,18,4,19,52,55,21,1,100,4,3,1,,6,3,0.262436,0.0534536,0.250983,0.212977,0.306749,0.487357,0.337736,0.794106,0.224921,5.75962,0.307675,-0.0639876,-0.319374,54.9135,7.96255,103.292,-0.383361,0.25748,1.1672019958496094,-5.867211788892746,0.872618,245.8300018310547,,,,,,,505.8,5.497826086,505.8,5.497826086,,,,,,,,,,,,,,,,,,,"Mickey Moniak","19956",666160
"Christian Vázquez","HOU",55,218,199,45,32,8,0,5,20,21,15,0,43,2,1,1,,1,1,0.227807,0.0682822,0.199313,0.342587,0.28534,0.34232,0.277274,0.62766,0.114513,2.44876,0.266405,-0.337676,-0.331575,19.4318,-6.33529,76.1226,-0.669251,1.926,-6.806356072425842,6.185263752937317,0.865971,999,,,,,,,173.3,3.15090909,173.3,3.15090909,,,,,,,,,,,,,,,,,,,"Christian Vazquez","9774",543877
"Kyle Karros","COL",74,319,281,72,50,16,1,5,36,31,32,1,75,3,2,1,,4,1,0.254491,0.0988297,0.235165,0.420256,0.333985,0.372112,0.312133,0.706097,0.117621,4.39813,0.327456,0.042094,-0.151037,37.4455,-0.238829,85.7532,-0.108943,2.21541,-5.494235396385193,3.2424209117889404,0.855963,999,,,,,,,331.1,4.474324324,331.1,4.474324324,,,,,,,,,,,,,,,,,,,"Kyle Karros","33252",691720
"Jorge Polanco","NYM",70,300,265,64,40,12,0,12,35,39,31,1,61,2,2,1,,3,1,0.242771,0.102053,0.203211,0.502204,0.323977,0.42924,0.327381,0.753217,0.186469,2.73154,0.268492,-0.130147,-0.415371,38.9993,3.4951,113.153,-0.545518,-0.00408596,4.13871031999588,-5.7840241845697165,0.855169,209.42999267578125,,,,,,,342.9,4.898571428,342.9,4.898571428,,,,,,,,,,,,,,,,,,,"Jorge Polanco","13152",593871
"Jose Trevino","CIN",52,206,189,44,31,8,0,4,21,20,12,0,31,2,1,1,,0,0,0.234598,0.0592953,0.150176,0.394838,0.284418,0.352254,0.279544,0.636673,0.117657,2.7421,0.258017,-0.123598,-0.266411,18.6947,-5.59265,72.2014,-0.390009,2.00585,-7.162303417921066,6.020505666732788,0.853606,999,,,,,,,160.2,3.08076923,160.2,3.08076923,,,,,,,,,,,,,,,,,,,"Jose Trevino","16725",624431
"Mike Yastrzemski","ATL",77,335,291,66,39,14,2,11,42,36,37,1,80,3,2,1,,3,1,0.225853,0.109738,0.24056,0.456176,0.317034,0.394564,0.311576,0.711597,0.168711,4.47807,0.273095,-0.00530411,-0.366118,39.1357,-0.401906,98.5536,-0.371422,1.80605,-0.9450400471687317,-1.8538296222686768,0.85342,656.0999755859375,,,,,,,356.9,4.635064935,356.9,4.635064935,,,,,,,,,,,,,,,,,,,"Mike Yastrzemski","14854",573262
"Michael Massey","KCR",87,376,350,87,56,19,1,11,40,44,19,0,71,3,3,1,,4,1,0.248181,0.049543,0.188368,0.263011,0.29048,0.398,0.298042,0.68848,0.149818,3.62951,0.281031,0.0653891,-0.351223,39.8913,-4.58851,86.8372,-0.285834,0.261507,-6.125966310501099,1.4565682411193848,0.848606,999,,,,,,,372.2,4.278160919,372.2,4.278160919,,,,,,,,,,,,,,,,,,,"Michael Massey","27684",686681
"Brady House","WSN",97,418,391,95,64,18,1,12,45,51,21,1,114,3,3,0,,4,2,0.243999,0.0512605,0.272873,0.187855,0.286793,0.388396,0.292757,0.675189,0.144398,3.5875,0.311526,-0.0469435,-0.505057,42.5289,-6.89312,86.1533,-0.552,0.244959,-7.4163495898246765,1.7387864589691162,0.843838,710.1199951171875,,,,,,,385.7,3.976288659,385.7,3.976288659,,,,,,,,,,,,,,,,,,,"Brady House","29993",691781
"Victor Caratini","MIN",79,321,283,68,50,10,0,7,29,34,26,0,59,8,3,0,,1,0,0.241218,0.0800526,0.182836,0.437838,0.319475,0.357023,0.301132,0.676499,0.115806,2.23071,0.276755,-0.572128,-0.448573,34.7751,-3.10337,91.2242,-1.0207,-0.332785,-4.336493372917175,1.2544062733650208,0.843578,681.02001953125,,,,,,,296.5,3.753164556,296.5,3.753164556,,,,,,,,,,,,,,,,,,,"Victor Caratini","14968",605170
"Ben Williamson","TBR",60,258,234,61,45,12,2,2,28,25,20,0,51,3,2,1,,5,2,0.261537,0.0762118,0.198058,0.384796,0.323867,0.357865,0.301545,0.681731,0.0963279,5.20545,0.323221,-0.0153864,0.00531573,28.1073,-2.41384,91.3849,-0.0100707,0.337323,-2.6329099079594016,1.9376316964626312,0.838975,999,,,,,,,245.5,4.091666666,245.5,4.091666666,,,,,,,,,,,,,,,,,,,"Ben Williamson","33197",810938
"Tommy Edman","LAD",64,277,251,62,41,12,1,7,31,31,20,0,49,3,2,1,,5,1,0.245279,0.0708001,0.177432,0.399027,0.305456,0.388373,0.303472,0.693829,0.143095,4.63285,0.275994,0.159347,0.0975596,30.5861,-2.15594,93.9827,0.256907,-0.344457,-1.719341665506363,0.6452038586139679,0.833982,730.1199951171875,,,,,,,278.2,4.346875,278.2,4.346875,,,,,,,,,,,,,,,,,,,"Tommy Edman","19470",669242
"Casey Schmitt","SFG",81,350,319,80,52,16,1,11,39,42,23,1,77,5,2,1,,4,1,0.25158,0.0645169,0.219369,0.294102,0.309625,0.412463,0.31354,0.722087,0.160883,4.00282,0.296347,-0.116692,-0.236093,41.5289,0.13799,102.764,-0.352785,-0.190726,0.7946396470069885,-4.3174232095479965,0.832782,999,,,,,,,373.3,4.608641975,373.3,4.608641975,,,,,,,,,,,,,,,,,,,"Casey Schmitt","27577",669477
"Jared Triolo","PIT",54,235,206,50,35,10,1,4,26,21,25,0,53,2,1,1,,6,1,0.242418,0.104886,0.223663,0.468948,0.327052,0.356968,0.304337,0.68402,0.11455,5.10479,0.305572,-0.0394314,0.172588,26.1344,-1.66545,92.1819,0.133156,1.38014,-2.0469357669353485,2.3324525952339172,0.830619,735.5399780273438,,,,,,,235.9,4.368518518,235.9,4.368518518,,,,,,,,,,,,,,,,,,,"Jared Triolo","25807",669707
"Lourdes Gurriel Jr.","ARI",102,443,407,107,72,21,2,13,47,54,28,1,72,5,3,0,,6,2,0.262126,0.0627894,0.162414,0.386601,0.314486,0.413962,0.316169,0.728448,0.151835,3.95721,0.289326,-0.0798644,-0.311762,53.4417,1.11969,101.187,-0.391627,-0.387709,0.23143529891967773,-6.864252895116806,0.829704,689.0700073242188,,,,,,,491.5,4.81862745,491.5,4.81862745,,,,,,,,,,,,,,,,,,,"Lourdes Gurriel Jr.","19238",666971
"Josh Bell","MIN",104,450,394,97,64,18,1,15,50,54,49,1,87,4,3,0,,1,1,0.245726,0.108652,0.1938,0.560638,0.332516,0.406232,0.324091,0.738748,0.160506,2.05986,0.278534,-0.75313,-1.02867,57.1574,4.02877,107.04,-1.7818,-0.563963,1.9490280151367188,-9.340197563171387,0.828035,636.3300170898438,,,,,,,506.2,4.867307692,506.2,4.867307692,,,,,,,,,,,,,,,,,,,"Josh Bell","13145",605137
"Carlos Cortes","ATH",66,285,256,65,40,14,1,9,33,36,25,0,55,2,2,0,,1,1,0.252965,0.0868354,0.19251,0.45107,0.320954,0.421611,0.322803,0.742564,0.168645,3.15969,0.287689,-0.0732532,-0.421308,35.8885,2.25295,104.091,-0.494561,0.823883,0.878106415271759,-2.602660298347473,0.826536,999,,,,,,,319,4.833333333,319,4.833333333,,,,,,,,,,,,,,,,,,,"Carlos Cortes","21842",666126
"Danny Jansen","TEX",64,253,219,46,26,10,1,9,27,28,28,0,61,4,2,1,,1,0,0.210139,0.109754,0.241748,0.454001,0.309075,0.385399,0.30673,0.694474,0.17526,2.78418,0.24659,-0.282468,-0.428146,28.6346,-1.30099,97.2443,-0.710614,-1.31574,-1.5334883332252502,3.63256573677063,0.823745,999,,,,,,,255.8,3.996875,255.8,3.996875,,,,,,,,,,,,,,,,,,,"Danny Jansen","16535",643376
"Austin Martin","MIN",56,241,204,53,40,11,1,2,28,19,30,0,39,4,2,1,,9,4,0.26062,0.123072,0.162246,0.75855,0.362987,0.348429,0.321935,0.711416,0.0878094,4.71828,0.310532,0.036341,-0.110179,30.1517,1.73402,105.555,-0.0738377,-0.127201,1.50082229077816,-1.7704105377197266,0.819804,748.5599975585938,,,,,,,257.1,4.591071428,257.1,4.591071428,,,,,,,,,,,,,,,,,,,"Austin Martin","27462",668885
"Yainer Diaz","HOU",55,220,207,55,37,10,1,7,24,28,10,0,38,1,2,0,,1,0,0.264272,0.0434689,0.170837,0.254447,0.298243,0.426886,0.311525,0.725129,0.162613,2.56078,0.28863,-0.0154257,-0.368762,25.7041,-0.273097,99.7171,-0.384188,-0.98981,-0.45748332887887955,2.3805606961250305,0.818343,113.04000091552734,,,,,,,236.4,4.298181818,236.4,4.298181818,,,,,,,,,,,,,,,,,,,"Yainer Diaz","23003",673237
"Kyle Higashioka","TEX",57,225,207,46,29,9,1,8,22,27,15,0,58,1,1,1,,1,1,0.224552,0.0660021,0.255494,0.258332,0.278046,0.384722,0.288081,0.662768,0.160169,3.40072,0.27089,-0.433946,-0.243363,22.035,-4.56463,84.3976,-0.677309,-0.626773,-4.817105829715729,3.5372709035873413,0.817689,999,,,,,,,204.7,3.59122807,204.7,3.59122807,,,,,,,,,,,,,,,,,,,"Kyle Higashioka","5517",543309
"Ezequiel Duran","TEX",75,324,298,75,49,18,1,7,36,34,20,0,75,3,2,1,,10,3,0.25357,0.061223,0.231566,0.264386,0.305059,0.394009,0.304614,0.699067,0.140438,5.40523,0.313599,-0.124596,0.272873,36.0804,-2.22167,95.7862,0.148277,-2.14103,-1.4616563469171524,-1.730230689048767,0.81556,999,,,,,,,325.3,4.337333333,325.3,4.337333333,,,,,,,,,,,,,,,,,,,"Ezequiel Duran","23733",677649
"Victor Scott II","STL",93,401,353,77,57,13,2,5,44,33,32,0,90,6,3,6,,26,6,0.218749,0.0809873,0.225602,0.358984,0.294084,0.310285,0.271986,0.604369,0.0915356,6.67234,0.276021,0.195535,2.23902,33.9799,-13.359,74.0524,2.43456,3.08335,-9.886503219604492,4.5142141580581665,0.815021,391.1300048828125,,,,,,,320.9,3.450537634,320.9,3.450537634,,,,,,,,,,,,,,,,,,,"Victor Scott II","31349",687363
"Daylen Lile","WSN",98,424,385,101,66,20,6,8,50,47,31,1,76,4,3,1,,10,4,0.261098,0.0720696,0.18042,0.399455,0.320527,0.406148,0.315972,0.726675,0.14505,6.20406,0.304852,0.458846,-0.53086,51.0429,1.00312,102.057,-0.0720144,-0.561486,0.960237942636013,-7.115652918815613,0.812757,206.50999450683594,,,,,,,460.8,4.702040816,460.8,4.702040816,,,,,,,,,,,,,,,,,,,"Daylen Lile","29995",695734
"JJ Bleday","CIN",64,277,241,57,31,12,1,12,37,37,33,1,62,1,2,0,,2,1,0.234889,0.118379,0.22354,0.529562,0.327448,0.447325,0.334648,0.774773,0.212436,3.65374,0.263025,-0.149122,-0.451307,37.6001,4.85801,109.95,-0.600429,-1.13254,2.6672935485839844,-4.0268309116363525,0.804782,748.5800170898438,,,,,,,334.5,5.2265625,334.5,5.2265625,,,,,,,,,,,,,,,,,,,"JJ Bleday","26368",668709
"Jake Burger","TEX",109,471,435,103,61,20,1,22,53,67,25,1,120,6,3,1,,1,1,0.237456,0.05402,0.254593,0.212182,0.287611,0.43755,0.311295,0.72516,0.200094,2.60258,0.274613,-0.103697,-0.656035,54.9274,-0.672344,100.389,-0.759732,0.597341,-0.5440705567598343,-7.880127131938934,0.796029,236.72000122070312,,,,,,,504.4,4.627522935,504.4,4.627522935,,,,,,,,,,,,,,,,,,,"Jake Burger","22275",669394
"Edmundo Sosa","PHI",64,277,258,65,43,13,1,7,31,33,11,0,60,5,2,1,,4,1,0.252374,0.0394396,0.216492,0.182176,0.294389,0.400003,0.301285,0.694392,0.147629,4.92111,0.300254,0.252443,0.00872591,30.0941,-2.64799,90.3648,0.261169,1.62192,-2.9032868146896362,1.4538667052984238,0.795586,999,,,,,,,268,4.1875,268,4.1875,,,,,,,,,,,,,,,,,,,"Edmundo Sosa","17022",624641
"Jordan Lawlar","ARI",57,248,220,53,33,12,2,6,30,27,22,0,66,3,2,1,,9,2,0.240061,0.0875047,0.267251,0.327425,0.315734,0.390432,0.3094,0.706166,0.150371,6.31382,0.314034,0.086222,0.475415,28.5401,-0.735273,96.5498,0.561637,0.447446,-0.4515145421028137,-0.09854120016098022,0.787665,261.6499938964844,,,,,,,265.9,4.66491228,265.9,4.66491228,,,,,,,,,,,,,,,,,,,"Jordan Lawlar","29976",691783
"Luis García Jr.","WSN",76,329,308,83,56,16,2,9,40,41,18,1,51,1,2,1,,8,3,0.268192,0.0534201,0.155934,0.342581,0.307584,0.419524,0.31354,0.727108,0.151332,5.1354,0.294529,-0.0487865,-0.0578384,39.0494,0.129568,100.39,-0.106625,0.0908425,0.04560212790966034,-3.3262872844934464,0.786315,261.8500061035156,,,,,,,363,4.776315789,363,4.776315789,,,,,,,,,,,,,,,,,,,"Luis Garcia Jr.","20391",671277
"Moisés Ballesteros","CHC",73,309,279,74,51,13,1,9,35,38,25,1,53,2,2,1,,1,1,0.266352,0.0815797,0.173091,0.47131,0.32956,0.415727,0.323803,0.745287,0.149375,2.99293,0.299177,-0.0867124,-0.561534,39.1784,2.69434,109.193,-0.648246,-0.0176219,2.7158793210983276,-5.35805406421423,0.780776,594.3599853515625,,,,,,,343.5,4.705479452,343.5,4.705479452,,,,,,,,,,,,,,,,,,,"Moises Ballesteros","28820",694208
"Daniel Susac","SFG",56,220,204,49,34,9,1,5,20,25,12,0,59,2,1,1,,2,1,0.241718,0.0537021,0.267934,0.20043,0.289547,0.371213,0.288633,0.66076,0.129495,4.11799,0.313282,-0.0211851,-0.315848,21.6218,-4.36007,85.7015,-0.337033,0.24775,-4.063461393117905,4.542503476142883,0.770727,999,,,,,,,192.2,3.432142857,192.2,3.432142857,,,,,,,,,,,,,,,,,,,"Daniel Susac","31441",691740
"Eugenio Suárez","CIN",87,376,334,78,43,14,0,21,47,57,34,0,114,6,2,0,,2,1,0.232549,0.0897799,0.302159,0.297128,0.31242,0.462219,0.333345,0.774639,0.22967,2.71093,0.282164,-0.694989,-0.449065,50.6811,6.20131,109.057,-1.14405,-0.037928,2.8968652486801147,-7.9178661704063416,0.768541,97.91999816894531,,,,,,,461.8,5.308045977,461.8,5.308045977,,,,,,,,,,,,,,,,,,,"Eugenio Suarez","12552",553993
"Mark Vientos","NYM",84,364,331,81,49,16,1,16,41,51,27,0,93,3,2,0,,1,0,0.245743,0.0740811,0.256914,0.28835,0.306554,0.44119,0.322631,0.747744,0.195447,2.66272,0.292746,-0.409097,-0.445394,45.8067,2.82793,109.899,-0.854491,-0.503516,3.4129087924957275,-8.015552997589111,0.768072,652.5700073242188,,,,,,,417,4.964285714,417,4.964285714,,,,,,,,,,,,,,,,,,,"Mark Vientos","22184",668901
"Willi Castro","COL",94,408,362,91,61,18,3,9,50,41,33,1,97,9,2,1,,11,4,0.25038,0.0819242,0.238934,0.342873,0.327742,0.391676,0.316476,0.719418,0.141297,5.81194,0.316194,0.261616,-0.148981,49.3192,1.13277,88.7286,0.112635,-1.7205,-5.335318833589554,-0.7495089173316956,0.766552,256.3399963378906,,,,,,,437.2,4.651063829,437.2,4.651063829,,,,,,,,,,,,,,,,,,,"Willi Castro","17338",650489
"Austin Hedges","CLE",36,141,125,26,18,4,0,3,14,12,12,0,36,1,1,2,,2,1,0.206097,0.0857177,0.255376,0.335653,0.280926,0.31536,0.266961,0.596286,0.109263,3.53542,0.261183,-0.100844,-0.18522,11.3864,-5.27818,69.6278,-0.286064,2.10315,-5.334794342517853,4.8577752113342285,0.764093,999,,,,,,,100.4,2.788888888,100.4,2.788888888,,,,,,,,,,,,,,,,,,,"Austin Hedges","12976",595978
"Joc Pederson","TEX",73,314,267,62,38,10,1,12,38,37,38,1,73,6,3,0,,2,1,0.231667,0.12061,0.233933,0.515572,0.337448,0.416,0.329939,0.753449,0.184333,3.23813,0.268959,-0.176397,-0.499012,41.3668,4.30026,113.232,-0.675409,-0.0048941,4.21685254573822,-7.660758342593908,0.752932,999,,,,,,,360.7,4.94109589,360.7,4.94109589,,,,,,,,,,,,,,,,,,,"Joc Pederson","11899",592626
"Addison Barger","TOR",59,256,229,55,32,14,0,9,30,34,23,1,61,2,2,0,,2,1,0.239625,0.090982,0.238077,0.382154,0.313097,0.421966,0.318015,0.735063,0.182341,3.36297,0.28522,-0.0135841,-0.317736,31.3026,1.03161,104.216,-0.33132,0.172851,0.9416778981685638,-2.4226738661527634,0.751126,193.08999633789062,,,,,,,280.2,4.749152542,280.2,4.749152542,,,,,,,,,,,,,,,,,,,"Addison Barger","24598",680718
"Gavin Lux","TBR",71,306,266,64,45,14,1,4,31,27,35,0,71,2,2,1,,2,1,0.23999,0.1131,0.232235,0.487007,0.329024,0.347229,0.302805,0.676253,0.107239,3.25931,0.309443,0.0648084,-0.418398,33.5825,-2.54461,92.2523,-0.35359,-1.20868,-3.1455898880958557,-0.07904744148254395,0.747353,745.989990234375,,,,,,,288.3,4.06056338,288.3,4.06056338,,,,,,,,,,,,,,,,,,,"Gavin Lux","19955",666158
"Spencer Steer","CIN",76,329,290,69,42,15,1,12,38,40,32,0,71,5,2,0,,5,1,0.238249,0.098525,0.216087,0.455951,0.322355,0.415758,0.322752,0.738114,0.17751,4.34062,0.274544,-0.128,0.0321745,41.5131,2.5933,101.801,-0.0958258,-0.477168,0.6071277931332588,-4.305100113153458,0.743621,335.70001220703125,,,,,,,376.1,4.94868421,376.1,4.94868421,,,,,,,,,,,,,,,,,,,"Spencer Steer","26323",668715
"Tyler Stephenson","CIN",79,315,276,63,40,13,0,10,33,36,33,1,89,3,2,1,,0,0,0.228848,0.104464,0.282574,0.369688,0.315622,0.385146,0.308302,0.700768,0.156298,2.19126,0.298181,-0.173635,-0.595206,35.9753,-1.21472,91.9016,-0.768841,-0.917351,-3.789887487888336,3.134654939174652,0.742851,294.75,,,,,,,316.5,4.006329113,316.5,4.006329113,,,,,,,,,,,,,,,,,,,"Tyler Stephenson","17988",663886
"David Hamilton","MIL",61,263,233,51,35,8,1,6,32,26,24,0,65,2,2,2,,21,5,0.218232,0.0910525,0.246619,0.369203,0.293739,0.340459,0.281965,0.634198,0.122227,6.98227,0.273942,0.12397,1.87702,24.3943,-6.62721,79.4947,2.00099,1.49912,-4.379593372344971,2.89603054523468,0.742492,743.3300170898438,,,,,,,241.8,3.963934426,241.8,3.963934426,,,,,,,,,,,,,,,,,,,"David Hamilton","27531",666152
"Jake Bauers","MIL",68,295,254,58,33,12,1,13,37,39,36,2,82,2,2,0,,8,2,0.228219,0.122449,0.279575,0.437982,0.327366,0.429093,0.327233,0.756459,0.200874,4.60704,0.281982,-0.361516,0.271594,38.2122,3.39216,110.505,-0.0899224,-1.44635,3.579057291150093,-6.1346195936203,0.742317,999,,,,,,,357.1,5.251470588,357.1,5.251470588,,,,,,,,,,,,,,,,,,,"Jake Bauers","15194",641343
"Max Muncy","ATH",52,227,205,50,31,11,1,6,26,28,15,0,66,4,2,1,,3,1,0.243245,0.0651276,0.293063,0.222231,0.305713,0.400391,0.307329,0.706104,0.157146,4.64926,0.325397,0.0132985,-0.344651,25.73,-1.05385,93.4318,-0.331353,0.652878,-2.0861701369285583,1.5001001954078674,0.738706,672.719970703125,,,,,,,228.9,4.401923076,228.9,4.401923076,,,,,,,,,,,,,,,,,,,"Max Muncy","29779",691777
"Paul Goldschmidt","NYY",65,280,250,65,41,14,1,9,36,34,26,2,63,2,2,0,,3,1,0.25828,0.0911506,0.226206,0.402954,0.32982,0.426571,0.327508,0.756391,0.168291,3.80827,0.309322,-0.360195,-0.167962,36.3698,3.2856,111.28,-0.528157,-0.14516,3.194368004798889,-5.737752720713615,0.726317,748.3599853515625,,,,,,,331.8,5.104615384,331.8,5.104615384,,,,,,,,,,,,,,,,,,,"Paul Goldschmidt","9218",502671
"Ke'Bryan Hayes","CIN",91,392,358,84,61,13,2,7,39,37,28,1,77,3,2,1,,7,2,0.234411,0.0714022,0.196344,0.363659,0.293006,0.344025,0.280771,0.637031,0.109615,4.76118,0.2774,0.124813,0.0346181,36.0549,-10.2782,73.0425,0.159431,4.99195,-12.369215458631516,6.392411589622498,0.724177,999,,,,,,,328,3.604395604,328,3.604395604,,,,,,,,,,,,,,,,,,,"Ke'Bryan Hayes","18577",663647
"Trevor Larnach","MIN",73,314,274,67,44,14,1,9,38,35,35,1,72,2,2,1,,3,1,0.245503,0.111171,0.230159,0.483019,0.333517,0.400084,0.321484,0.733602,0.154581,3.60451,0.299527,-0.112953,-0.544718,39.2134,2.14691,105.244,-0.657671,0.045721,1.2813776135444641,-5.033291425555944,0.721419,748.52001953125,,,,,,,346,4.739726027,346,4.739726027,,,,,,,,,,,,,,,,,,,"Trevor Larnach","21501",663616
"Dominic Canzone","SEA",70,301,273,68,42,14,0,11,36,39,23,1,69,2,2,0,,3,1,0.248977,0.0766204,0.229564,0.333765,0.310269,0.427522,0.318404,0.737791,0.178545,3.34289,0.290717,-0.192158,-0.384849,36.841,1.30615,110.412,-0.577007,-0.168291,3.113650143146515,-6.501624703407288,0.712982,477.1600036621094,,,,,,,329.7,4.71,329.7,4.71,,,,,,,,,,,,,,,,,,,"Dominic Canzone","26438",686527
"Carson Benge","NYM",79,343,304,73,48,14,2,9,41,38,32,1,75,4,2,1,,9,2,0.23994,0.0931936,0.219558,0.424459,0.318208,0.387244,0.309449,0.705452,0.147304,5.56061,0.289113,0.0220079,0.304713,39.4839,-1.00331,100.869,0.326721,-1.93638,0.6794342994689941,-5.306437015533447,0.693755,999,,,,,,,360.9,4.56835443,360.9,4.56835443,,,,,,,,,,,,,,,,,,,"Carson Benge","35177",701807
"Marcelo Mayer","BOS",77,332,302,73,47,17,1,8,37,35,25,1,74,3,2,0,,4,1,0.240838,0.0757111,0.22312,0.339329,0.302818,0.381173,0.298696,0.683991,0.140335,4.34757,0.29294,0.0895358,-0.325278,35.3697,-3.87179,86.1083,-0.235743,0.061717,-5.67339089512825,0.9842479042708874,0.690385,589.5399780273438,,,,,,,325.8,4.231168831,325.8,4.231168831,,,,,,,,,,,,,,,,,,,"Marcelo Mayer","29668",691785
"Kerry Carpenter","DET",67,288,261,64,38,10,3,13,34,42,21,1,73,4,2,0,,1,1,0.245005,0.0714017,0.255175,0.279815,0.307229,0.457485,0.327247,0.764715,0.212481,4.07231,0.287037,-0.0996113,-0.484598,37.2911,3.31344,109.721,-0.58421,-0.442895,2.710575520992279,-5.914036989212036,0.685425,236.22000122070312,,,,,,,339.8,5.071641791,339.8,5.071641791,,,,,,,,,,,,,,,,,,,"Kerry Carpenter","25961",681481
"Matt Shaw","CHC",50,214,191,47,30,9,1,6,26,25,19,0,41,2,1,1,,8,2,0.246034,0.0895477,0.18982,0.47175,0.319928,0.40728,0.317874,0.727208,0.161246,5.80121,0.279248,0.0293562,0.249914,26.1675,0.838713,105.131,0.27927,0.225748,1.5829784572124481,-2.071010708808899,0.680239,336.67999267578125,,,,,,,233,4.66,233,4.66,,,,,,,,,,,,,,,,,,,"Matt Shaw","33322",807713
"Marcell Ozuna","PIT",85,366,315,76,47,14,0,14,41,43,46,1,88,2,2,0,,0,0,0.240278,0.1247,0.239679,0.520279,0.338885,0.418591,0.331497,0.757477,0.178314,1.40765,0.28673,-0.480734,-0.609476,48.7243,5.48004,110.788,-1.09021,0,3.5892781019210815,-9.149691581726074,0.677734,377.510009765625,,,,,,,426.8,5.02117647,426.8,5.02117647,,,,,,,,,,,,,,,,,,,"Marcell Ozuna","10324",542303
"Zach McKinstry","DET",73,314,279,64,42,12,4,6,34,29,29,0,67,3,2,1,,10,2,0.230814,0.0914013,0.213325,0.428461,0.307618,0.364799,0.296345,0.672417,0.133985,6.48586,0.280906,0.264661,0.533828,32.8105,-4.25605,88.4339,0.798489,-0.232625,-3.4779077768325806,-0.7181186676025391,0.675981,510.30999755859375,,,,,,,302.8,4.147945205,302.8,4.147945205,,,,,,,,,,,,,,,,,,,"Zach McKinstry","19392",656716
"Miguel Amaya","CHC",50,199,175,41,28,8,1,5,21,23,16,0,42,5,1,1,,0,0,0.23448,0.080912,0.210656,0.384096,0.313501,0.375604,0.304782,0.689105,0.141124,2.92291,0.276689,-0.158628,-0.282075,22.141,-1.33445,96.1632,-0.440704,-0.904558,-1.3441828191280365,1.6536207795143127,0.667739,745.969970703125,,,,,,,193.5,3.87,193.5,3.87,,,,,,,,,,,,,,,,,,,"Miguel Amaya","21693",665804
"Colt Emerson","SEA",59,254,224,50,34,11,1,5,26,24,23,1,64,4,2,1,,5,2,0.223141,0.0919,0.250066,0.367504,0.304132,0.342921,0.286477,0.647054,0.11978,4.64735,0.286437,-0.0594586,-0.00449251,24.5381,-5.48266,88.4185,-0.0639511,0,-3.532111994922161,1.2777777910232544,0.664544,999,,,,,,,225.5,3.822033898,225.5,3.822033898,,,,,,,,,,,,,,,,,,,"Colt Emerson","sa3022923",806068
"Nathan Lukes","TOR",40,173,155,42,29,8,1,3,20,19,14,0,27,2,1,1,,2,1,0.269345,0.0802604,0.155397,0.516487,0.334372,0.39413,0.319194,0.728503,0.124785,3.98343,0.305681,-0.0029722,-0.381988,21.2465,0.859897,105.028,-0.38496,1.50005,0.6375015676021576,-0.12448883056640625,0.660395,999,,,,,,,186.3,4.6575,186.3,4.6575,,,,,,,,,,,,,,,,,,,"Nathan Lukes","18123",664770
"Andrew Vaughn","MIL",97,418,377,93,58,19,1,15,43,56,32,0,83,5,3,0,,0,0,0.246988,0.0770715,0.198045,0.389162,0.31301,0.419809,0.318758,0.732819,0.172821,2.04787,0.277659,-0.577398,-0.609721,51.3163,1.93512,104.699,-1.18712,-1.06164,1.1405798196792603,-8.60115134716034,0.660237,272.2699890136719,,,,,,,456.6,4.707216494,456.6,4.707216494,,,,,,,,,,,,,,,,,,,"Andrew Vaughn","26197",683734
"Yoán Moncada","LAA",80,347,306,69,44,13,2,10,36,37,35,1,104,5,2,0,,1,0,0.225933,0.10055,0.29993,0.335245,0.312572,0.384126,0.306485,0.696697,0.158192,3.57848,0.304031,-0.215116,-0.432977,39.1958,-1.8531,94.4919,-0.648093,-1.89198,-2.9034445881843567,-2.725311815738678,0.648144,746.1500244140625,,,,,,,345.4,4.3175,345.4,4.3175,,,,,,,,,,,,,,,,,,,"Yoan Moncada","17232",660162
"Vaughn Grissom","LAA",48,207,186,48,33,10,0,4,23,21,17,0,37,3,2,0,,3,1,0.256237,0.0805568,0.179508,0.448763,0.324772,0.379675,0.310731,0.704447,0.123438,4.06756,0.297636,0.0748156,-0.0684265,24.1154,-0.39135,97.4167,0.00638904,-0.0870044,-0.6251134048216045,-0.19811546057462692,0.646542,999,,,,,,,212.3,4.422916666,212.3,4.422916666,,,,,,,,,,,,,,,,,,,"Vaughn Grissom","26031",687093
"Sung-Mun Song","SDP",52,227,206,50,36,9,1,5,25,23,18,1,42,1,2,1,,5,1,0.241822,0.0795778,0.183525,0.433608,0.303294,0.361584,0.290786,0.664878,0.119761,4.92832,0.279623,-0.0704153,0.338981,22.6854,-4.09842,88.5216,0.268566,0.750524,-2.8152286410331726,1.5224373936653137,0.639849,999,,,,,,,216.5,4.163461538,216.5,4.163461538,,,,,,,,,,,,,,,,,,,"Sung-Mun Song","37122",823550
"Ildemaro Vargas","ARI",63,274,254,68,48,12,2,5,29,32,15,0,31,2,2,1,,2,1,0.266883,0.0537781,0.112919,0.476252,0.310356,0.393951,0.306694,0.704307,0.127068,4.58796,0.28512,0.0320578,-0.250917,30.974,-1.41579,94.696,-0.218859,2.10859,-1.942085012793541,-0.9414129257202148,0.638706,999,,,,,,,272,4.317460317,272,4.317460317,,,,,,,,,,,,,,,,,,,"Ildemaro Vargas","13324",545121
"Luis Rengifo","MIL",71,305,278,67,48,12,1,6,32,32,22,0,53,3,2,1,,7,3,0.242039,0.0707828,0.175147,0.404133,0.301158,0.362881,0.291605,0.66404,0.120843,4.8924,0.277025,0.265451,-0.162379,30.7673,-5.31892,86.0983,0.103072,-0.0940226,-4.928959012031555,0.9967180714011192,0.637967,644.9299926757812,,,,,,,274,3.859154929,274,3.859154929,,,,,,,,,,,,,,,,,,,"Luis Rengifo","19858",650859
"Salvador Perez","KCR",110,453,419,102,64,19,1,18,46,62,22,4,95,8,3,0,,0,0,0.242804,0.0488973,0.209255,0.233673,0.291807,0.42203,0.3053,0.713837,0.179226,1.63203,0.269851,-1.56456,-0.589758,50.6652,-2.85175,91.837,-2.15431,-1.46241,-6.5119757652282715,-1.2943536043167114,0.624647,91.13999938964844,,,,,,,472.2,4.292727272,472.2,4.292727272,,,,,,,,,,,,,,,,,,,"Salvador Perez","7304",521692
"Amed Rosario","NYY",52,223,209,55,39,9,2,5,24,26,10,0,40,2,2,0,,4,1,0.263622,0.0464747,0.180694,0.257201,0.301598,0.392363,0.301343,0.693961,0.12874,5.02272,0.303612,0.398466,-0.00134297,24.2247,-2.1201,93.2562,0.397123,-0.629232,-1.3750568628311157,-0.20330610871315002,0.624089,999,,,,,,,224.3,4.313461538,224.3,4.313461538,,,,,,,,,,,,,,,,,,,"Amed Rosario","15518",642708
"Lane Thomas","KCR",74,319,282,66,42,13,2,9,37,36,30,0,79,4,2,0,,11,4,0.234771,0.0955805,0.248081,0.385279,0.315756,0.392502,0.310881,0.708259,0.157732,5.55089,0.291682,0.134131,-0.070473,37.1214,-0.56289,95.6816,0.0636583,-1.59985,-1.5596311166882515,-3.3737738132476807,0.618959,726.6699829101562,,,,,,,333,4.5,333,4.5,,,,,,,,,,,,,,,,,,,"Lane Thomas","16939",657041
"Henry Davis","PIT",47,186,164,36,23,8,0,5,20,20,16,0,45,4,1,1,,3,1,0.218432,0.0864984,0.242324,0.356953,0.301431,0.364004,0.294255,0.665435,0.145572,4.09885,0.266737,-0.0762026,-0.108604,19.1825,-2.84563,85.2758,-0.184807,-0.526587,-3.438223361968994,3.114616811275482,0.615926,999,,,,,,,170.7,3.631914893,170.7,3.631914893,,,,,,,,,,,,,,,,,,,"Henry Davis","29617",680779
"Daniel Schneemann","CLE",58,252,223,50,32,12,1,6,28,26,25,0,70,1,2,1,,5,2,0.225091,0.100413,0.276031,0.363775,0.305925,0.369824,0.298225,0.675749,0.144733,4.54094,0.294506,-0.131768,-0.1256,26.7369,-3.03374,91.1643,-0.257369,0.574124,-2.8812176287174225,0.18847614526748657,0.61223,999,,,,,,,235.8,4.065517241,235.8,4.065517241,,,,,,,,,,,,,,,,,,,"Daniel Schneemann","25180",682177
"Nasim Nuñez","WSN",67,288,250,56,45,8,1,2,32,23,31,0,64,2,2,3,,25,6,0.223241,0.108577,0.223782,0.485192,0.312282,0.290814,0.275655,0.603095,0.0675721,6.74667,0.288485,-0.0270024,2.20965,25.2456,-8.732,74.4375,2.18265,1.27997,-6.529567003250122,2.8298110961914062,0.600967,583.0999755859375,,,,,,,241,3.597014925,241,3.597014925,,,,,,,,,,,,,,,,,,,"Nasim Nunez","25979",683083
"Edouard Julien","COL",75,324,275,68,47,12,2,8,38,30,43,1,92,3,2,1,,5,2,0.247276,0.132841,0.282669,0.469953,0.352586,0.386153,0.328312,0.738739,0.138877,4.48333,0.339904,-0.197302,-0.476202,42.3175,4.01549,96.8367,-0.673504,-1.61528,-1.8888503313064575,-3.071759343147278,0.596629,746.0499877929688,,,,,,,369.1,4.921333333,369.1,4.921333333,,,,,,,,,,,,,,,,,,,"Edouard Julien","27534",666397
"Esteury Ruiz","MIA",31,136,120,29,19,6,1,3,18,15,11,0,31,3,1,1,,13,3,0.243258,0.082538,0.231121,0.357121,0.322493,0.388314,0.313287,0.710808,0.145057,7.73938,0.301706,-0.0117585,1.16746,16.0878,0.0256457,98.8561,1.1557,0.347733,0.9713988453149796,0.31038715690374374,0.594178,748.530029296875,,,,,,,152,4.903225806,152,4.903225806,,,,,,,,,,,,,,,,,,,"Esteury Ruiz","21780",665923
"Jake McCarthy","COL",50,214,192,52,37,9,3,4,26,22,15,0,36,4,1,2,,11,2,0.272504,0.0706675,0.167055,0.42302,0.334903,0.408481,0.324901,0.743384,0.135976,7.36177,0.315676,0.212888,0.724865,27.3905,2.06173,94.5,0.937753,0.196776,-0.45961546897888184,-0.9049213975667953,0.590562,506.760009765625,,,,,,,252.3,5.046,252.3,5.046,,,,,,,,,,,,,,,,,,,"Jake McCarthy","21622",664983
"Carson Williams","TBR",60,258,232,47,29,9,2,9,30,30,21,0,89,2,2,1,,7,3,0.20461,0.0821381,0.345647,0.237636,0.275979,0.366958,0.281748,0.642937,0.162348,5.91242,0.286547,-0.0454883,-0.115068,23.9554,-6.56577,77.7473,-0.160556,0.972793,-6.935328498482704,3.70273095369339,0.579376,724.5499877929688,,,,,,,227.2,3.786666666,227.2,3.786666666,,,,,,,,,,,,,,,,,,,"Carson Williams","30038",700246
"Blaze Alexander","BAL",47,202,179,41,28,7,1,4,21,20,17,0,61,4,1,1,,4,2,0.230524,0.0824107,0.303113,0.271881,0.309634,0.355418,0.295735,0.665052,0.124893,5.03369,0.322939,0.077368,-0.237465,21.0505,-2.84362,89.7093,-0.160097,0.734528,-2.612810730934143,1.271564543247223,0.575273,745.9099731445312,,,,,,,179.2,3.812765957,179.2,3.812765957,,,,,,,,,,,,,,,,,,,"Blaze Alexander","23789",677942
"Jonny DeLuca","TBR",71,306,278,65,42,13,2,8,34,35,21,1,63,4,2,1,,11,3,0.235034,0.0695312,0.205377,0.338553,0.29598,0.38416,0.296475,0.680139,0.149126,6.21564,0.274755,0.117469,0.609724,32.0112,-4.11592,87.892,0.727193,-0.505419,-3.636109709739685,-1.371468722820282,0.564936,999,,,,,,,297.8,4.194366197,297.8,4.194366197,,,,,,,,,,,,,,,,,,,"Jonny DeLuca","26365",676356
"Cedric Mullins","TBR",73,316,282,61,38,12,2,9,34,34,28,0,70,3,2,2,,15,4,0.21481,0.0874966,0.221818,0.394453,0.289748,0.361919,0.287215,0.651667,0.147109,5.91642,0.252854,-0.198896,0.80544,30.7369,-6.63592,81.5129,0.606543,-0.218917,-6.285292983055115,0.9107121527194977,0.564535,321.5,,,,,,,300.7,4.119178082,300.7,4.119178082,,,,,,,,,,,,,,,,,,,"Cedric Mullins","17929",656775
"Leody Taveras","BAL",36,156,141,35,24,6,1,4,18,17,13,0,32,0,1,1,,6,1,0.247725,0.0811522,0.207377,0.391326,0.309689,0.382627,0.303202,0.692316,0.134902,5.84966,0.295605,0.0278513,0.305916,17.1356,-1.24445,94.8524,0.333768,0.186805,-0.6099859476089478,0.7423608303070068,0.56162,999,,,,,,,163.3,4.536111111,163.3,4.536111111,,,,,,,,,,,,,,,,,,,"Leody Taveras","18900",665750
"Drew Millas","WSN",47,186,169,39,28,7,1,3,19,18,15,1,36,1,1,1,,3,1,0.233769,0.0798485,0.190535,0.419075,0.297525,0.347591,0.283968,0.645116,0.113822,4.99886,0.277161,0.0348911,0.00464956,17.6254,-4.40275,80.1323,0.0395406,-0.504762,-4.350379627197981,3.136441171169281,0.557183,999,,,,,,,154.5,3.287234042,154.5,3.287234042,,,,,,,,,,,,,,,,,,,"Drew Millas","25643",686452
"Owen Caissie","MIA",75,324,287,68,42,16,1,10,36,38,31,0,107,3,3,1,,4,1,0.237209,0.0944557,0.328766,0.287304,0.314251,0.398889,0.311578,0.71314,0.16168,3.83943,0.336831,0.0853477,-0.382955,37.9132,-0.388826,97.6849,-0.297607,-0.478101,-1.1870715618133545,-4.175323247909546,0.555521,528.5,,,,,,,346.7,4.622666666,346.7,4.622666666,,,,,,,,,,,,,,,,,,,"Owen Caissie","27496",683357
"Josh Lowe","LAA",88,379,344,82,52,17,2,11,43,42,29,1,104,2,3,1,,14,2,0.237544,0.0767072,0.275993,0.277932,0.298817,0.395405,0.301129,0.694221,0.157861,5.77219,0.305388,-0.153606,1.26747,41.0596,-3.66529,90.8018,1.11386,-0.489131,-2.9897003173828125,-4.618760704994202,0.555211,297.0899963378906,,,,,,,393.3,4.469318181,393.3,4.469318181,,,,,,,,,,,,,,,,,,,"Josh Lowe","19953",666139
"Joey Loperfido","HOU",64,275,248,59,39,13,1,7,30,31,20,1,78,4,2,1,,5,2,0.239119,0.0712494,0.284591,0.250357,0.303554,0.380755,0.299351,0.684309,0.141636,4.89467,0.319125,0.00874865,-0.142474,29.4138,-3.05767,91.331,-0.133725,1.13265,-2.941638797521591,-1.1080914735794067,0.55393,746.02001953125,,,,,,,267.5,4.1796875,267.5,4.1796875,,,,,,,,,,,,,,,,,,,"Joey Loperfido","29630",694388
"Jeremiah Jackson","BAL",60,259,243,59,38,12,1,9,27,33,12,0,59,2,2,1,,4,2,0.241955,0.0450283,0.226547,0.198759,0.280481,0.401988,0.294702,0.682468,0.160033,3.9662,0.282174,-0.0477085,-0.32336,26.7702,-3.86331,88.9971,-0.371068,-0.585432,-3.733209043741226,0.19234555959701538,0.551186,999,,,,,,,256.5,4.275,256.5,4.275,,,,,,,,,,,,,,,,,,,"Jeremiah Jackson","22239",669236
"Jasson Domínguez","NYY",40,171,152,39,26,7,1,5,22,21,16,0,41,1,1,0,,7,2,0.252871,0.0949205,0.238819,0.397458,0.327368,0.411558,0.322375,0.738925,0.158687,5.63797,0.309096,0.00389659,0.531227,21.5129,1.29483,107.744,0.535123,-0.409593,2.096965491771698,-2.6132962107658386,0.550057,421.5400085449219,,,,,,,198.1,4.9525,198.1,4.9525,,,,,,,,,,,,,,,,,,,"Jasson Dominguez","28080",691176
"Joey Bart","PIT",46,182,160,38,27,6,0,4,19,18,17,0,52,3,1,0,,1,0,0.235902,0.0933926,0.286235,0.32628,0.32005,0.361979,0.303661,0.682029,0.126077,2.4422,0.31775,-0.190829,-0.335069,20.0778,-1.38548,91.7191,-0.525898,-1.42397,-2.3087164759635925,2.1238701343536377,0.542654,999,,,,,,,169.7,3.689130434,169.7,3.689130434,,,,,,,,,,,,,,,,,,,"Joey Bart","21524",663698
"Jake Mangum","PIT",52,225,208,57,43,11,1,2,24,20,12,0,39,2,1,1,,9,2,0.275169,0.0537763,0.174228,0.308654,0.319271,0.365336,0.30047,0.684607,0.0901663,5.63068,0.328819,0.0608861,0.438052,24.2672,-2.29712,89.5335,0.498938,1.84313,-2.2899468541145325,0.1065589189529419,0.542401,672.4199829101562,,,,,,,221.1,4.251923076,221.1,4.251923076,,,,,,,,,,,,,,,,,,,"Jake Mangum","26202",663968
"Coby Mayo","BAL",37,161,143,32,18,7,1,6,19,21,14,0,45,2,1,0,,1,0,0.225461,0.0879911,0.280181,0.314051,0.300582,0.411374,0.309234,0.711956,0.185913,3.73787,0.280637,0.0332245,-0.168301,18.4941,-0.498628,99.0082,-0.135076,-0.3846,-0.3229808062314987,0.07836264371871948,0.541318,459.1600036621094,,,,,,,168.5,4.554054054,168.5,4.554054054,,,,,,,,,,,,,,,,,,,"Coby Mayo","28312",691723
"Miguel Rojas","LAD",39,167,153,38,28,8,0,3,17,16,11,0,23,1,1,1,,2,1,0.251887,0.0657794,0.134829,0.487874,0.305562,0.362908,0.293493,0.66847,0.111021,3.53739,0.275852,-0.0630008,-0.0607754,17.1115,-2.65727,87.1466,-0.123776,1.64332,-2.6725556775927544,2.390231192111969,0.541004,999,,,,,,,148.2,3.8,148.2,3.8,,,,,,,,,,,,,,,,,,,"Miguel Rojas","7802",500743
"Nathan Church","STL",60,258,235,60,43,10,1,5,29,28,16,0,40,4,2,1,,6,2,0.253789,0.0620998,0.153755,0.403887,0.309065,0.373762,0.299425,0.682827,0.119973,4.92778,0.282945,0.0357314,0.0217264,27.6626,-2.8586,92.8487,0.0574578,0.205382,-2.131914936006069,-1.2066546529531479,0.538278,999,,,,,,,248.5,4.141666666,248.5,4.141666666,,,,,,,,,,,,,,,,,,,"Nathan Church","31357",701675
"Ramón Urías","STL",44,190,171,41,27,8,0,5,20,20,15,0,41,3,1,0,,1,0,0.240421,0.0766988,0.214564,0.357464,0.308655,0.381212,0.30324,0.689867,0.140791,3.40482,0.285389,-0.104691,-0.184922,20.9114,-1.51227,95.4625,-0.289613,-0.0860568,-1.3102045059204102,0.2528320699930191,0.538242,999,,,,,,,184.7,4.197727272,184.7,4.197727272,,,,,,,,,,,,,,,,,,,"Ramon Urias","18795",602104
"Romy Gonzalez","BOS",40,174,161,43,28,9,1,5,20,20,10,0,43,2,1,1,,4,1,0.265797,0.0581002,0.245403,0.236754,0.313355,0.424646,0.318569,0.738001,0.158849,5.28928,0.331272,-0.139824,0.00687216,21.3339,0.77886,99.7983,-0.132952,-0.410227,-0.17430570349097252,-0.579671174287796,0.535791,999,,,,,,,199.4,4.985,199.4,4.985,,,,,,,,,,,,,,,,,,,"Romy Gonzalez","21562",663853
"Luisangel Acuña","CHW",71,306,281,70,54,11,1,3,35,25,19,0,55,2,2,2,,17,5,0.247938,0.0621946,0.180097,0.34534,0.298385,0.331609,0.279188,0.629994,0.0836716,6.07759,0.295281,0.218753,1.01367,27.7197,-8.40738,76.6084,1.23243,0.520613,-7.197098016738892,1.8761690258979797,0.532876,395.510009765625,,,,,,,258.1,3.635211267,258.1,3.635211267,,,,,,,,,,,,,,,,,,,"Luisangel Acuna","26548",682668
"Dylan Crews","WSN",73,314,282,66,43,12,2,9,34,33,24,1,73,4,2,1,,11,4,0.233125,0.0768001,0.232163,0.330803,0.301376,0.384851,0.299869,0.686227,0.151727,5.7305,0.280129,0.163825,0.352383,33.708,-3.35853,91.025,0.516208,-0.421265,-2.820741057395935,-2.4379319548606873,0.530515,282.2200012207031,,,,,,,312.1,4.275342465,312.1,4.275342465,,,,,,,,,,,,,,,,,,,"Dylan Crews","33541",686611
"Angel Martínez","CLE",74,319,291,70,45,16,1,8,34,34,19,0,68,4,2,2,,7,3,0.239271,0.0593462,0.212625,0.279112,0.292805,0.383711,0.2951,0.676516,0.14444,4.69703,0.283793,0.213289,-0.206572,33.0216,-4.64735,89.012,0.00671721,1.19123,-4.121992584317923,-1.6735835075378418,0.530292,748.5800170898438,,,,,,,302.2,4.083783783,302.2,4.083783783,,,,,,,,,,,,,,,,,,,"Angel Martinez","26540",682657
"Jake Rogers","DET",29,115,103,21,13,4,1,3,13,13,9,0,33,1,1,0,,1,0,0.205048,0.0805196,0.290576,0.277103,0.275102,0.353041,0.275902,0.628144,0.147993,4.42609,0.266173,-0.0190497,-0.0755233,10.0951,-3.46066,74.3517,-0.0945731,1.21989,-3.5626757442951202,3.460635185241699,0.524183,999,,,,,,,92,3.172413793,92,3.172413793,,,,,,,,,,,,,,,,,,,"Jake Rogers","19452",668670
"Logan O'Hoppe","LAA",73,292,262,60,40,8,1,11,30,34,23,0,81,4,2,1,,2,1,0.226918,0.0783022,0.276042,0.283661,0.296424,0.389964,0.300409,0.686389,0.163046,2.85637,0.279991,-0.53563,-0.468004,31.488,-2.99659,90.3061,-1.00363,-2.20267,-4.338156223297119,2.11214542388916,0.519211,246.50999450683594,,,,,,,288.3,3.949315068,288.3,3.949315068,,,,,,,,,,,,,,,,,,,"Logan O'Hoppe","24729",681351
"Masataka Yoshida","BOS",56,242,218,60,42,12,0,5,26,28,19,1,31,4,1,0,,2,0,0.277836,0.0791581,0.128785,0.614653,0.345262,0.414826,0.332535,0.760088,0.13699,3.60409,0.301493,-0.198281,-0.095445,32.4878,3.83524,109.419,-0.293726,-0.0258509,2.398188441991806,-5.71165332198143,0.515381,748.3300170898438,,,,,,,272.6,4.867857142,272.6,4.867857142,,,,,,,,,,,,,,,,,,,"Masataka Yoshida","31837",807799
"J.C. Escarra","NYY",23,90,80,19,12,4,1,2,10,10,8,0,17,1,1,0,,1,0,0.234874,0.0902869,0.18888,0.478011,0.311031,0.375237,0.30249,0.686267,0.140363,4.12872,0.272883,-0.0192107,-0.115366,9.87031,-0.772639,94.0461,-0.134577,0.0450352,-0.7666591703891754,1.804294440895319,0.515209,999,,,,,,,91.4,3.973913043,91.4,3.973913043,,,,,,,,,,,,,,,,,,,"J.C. Escarra","20084",641555
"Parker Meadows","DET",38,162,144,33,21,6,2,4,19,17,15,0,40,1,1,1,,5,1,0.227891,0.0931839,0.249375,0.37367,0.304234,0.373025,0.297313,0.677259,0.145134,6.71589,0.288944,0.136714,0.221981,17.0795,-2.07158,89.1008,0.358695,0.59741,-1.7233926653862,1.1762683987617493,0.515087,745.6900024414062,,,,,,,161.9,4.260526315,161.9,4.260526315,,,,,,,,,,,,,,,,,,,"Parker Meadows","23800",678009
"Brice Matthews","HOU",42,181,160,34,21,6,1,6,21,21,17,0,61,2,1,1,,8,2,0.215292,0.0944733,0.33368,0.283125,0.298406,0.380744,0.298534,0.679151,0.165453,6.62227,0.301195,0.00823588,0.465393,19.3038,-2.13959,90.7682,0.473629,-0.0628943,-1.5010303556919098,0.2148834466934204,0.507833,740.969970703125,,,,,,,176.5,4.202380952,176.5,4.202380952,,,,,,,,,,,,,,,,,,,"Brice Matthews","33280",694728
"A.J. Ewing","NYM",35,153,135,33,24,6,1,2,17,14,15,0,37,1,1,1,,7,2,0.245797,0.1005,0.2422,0.414946,0.326172,0.350295,0.301058,0.676467,0.104498,5.9586,0.321739,0,0.351398,16.5744,-1.48912,95.1204,0.351398,0,-0.5327294766902924,0.39537036418914795,0.506677,999,,,,,,,147.4,4.211428571,147.4,4.211428571,,,,,,,,,,,,,,,,,,,"A.J. Ewing","sa3022963",805999
"Gabriel Arias","CLE",43,185,169,39,24,8,1,5,19,20,12,0,58,2,1,1,,3,1,0.229312,0.0636354,0.311134,0.204527,0.28581,0.381466,0.290161,0.667276,0.152154,4.51648,0.311424,0.0681813,-0.201172,18.4315,-3.44076,85.6097,-0.132991,0.148642,-3.272601306438446,1.8381478935480118,0.505448,748.3800048828125,,,,,,,170.2,3.958139534,170.2,3.958139534,,,,,,,,,,,,,,,,,,,"Gabriel Arias","22563",672356
"Darell Hernaiz","ATH",38,163,146,38,27,7,1,2,18,16,14,0,24,1,1,1,,3,1,0.257223,0.082832,0.145705,0.56849,0.322537,0.360844,0.30263,0.683381,0.103621,4.41621,0.292206,-0.0314718,-0.0991643,17.926,-1.38328,90.1945,-0.130636,0.372243,-2.019261732697487,1.2571198344230652,0.497808,999,,,,,,,159.5,4.197368421,159.5,4.197368421,,,,,,,,,,,,,,,,,,,"Darell Hernaiz","26224",687231
"Mauricio Dubón","ATL",86,371,344,89,64,19,2,6,41,39,21,0,50,3,2,1,,3,1,0.259792,0.0555486,0.134232,0.413824,0.304551,0.372076,0.296171,0.676627,0.112284,3.80633,0.287992,0.0169276,-0.562601,38.7734,-5.08866,88.0011,-0.545674,-0.0294537,-5.824821770191193,-1.6913364082574844,0.495446,743.3800048828125,,,,,,,352.2,4.095348837,352.2,4.095348837,,,,,,,,,,,,,,,,,,,"Mauricio Dubon","16530",643289
"Hunter Feduccia","TBR",46,183,159,35,23,7,1,3,19,16,21,0,50,1,1,1,,1,0,0.217498,0.115278,0.27047,0.426214,0.311011,0.334204,0.289456,0.645214,0.116706,3.62903,0.292318,-0.0786031,-0.226962,18.1314,-3.50924,83.0568,-0.305565,-1.63895,-3.962992697954178,1.9382076263427734,0.48749,999,,,,,,,159.1,3.458695652,159.1,3.458695652,,,,,,,,,,,,,,,,,,,"Hunter Feduccia","23372",676439
"Javier Sanoja","MIA",48,209,192,50,35,11,2,3,21,22,14,0,22,1,1,1,,5,3,0.259984,0.0649091,0.105421,0.615712,0.310175,0.375228,0.300129,0.685403,0.115244,4.91891,0.279781,0.0712984,-0.39538,22.5161,-2.19491,89.8418,-0.324082,0.572103,-2.841984510421753,0.5347572490572929,0.476304,999,,,,,,,205.6,4.283333333,205.6,4.283333333,,,,,,,,,,,,,,,,,,,"Javier Sanoja","28253",691594
"Jake Fraley","TBR",68,295,262,63,43,13,1,7,32,30,28,1,63,3,2,0,,9,2,0.242051,0.0950105,0.213218,0.445603,0.320928,0.37479,0.306904,0.695718,0.132739,4.63775,0.292033,-0.141058,0.271999,33.4069,-1.47443,95.0759,0.130942,-0.542223,-1.5823407471179962,-4.006420910358429,0.468326,999,,,,,,,304.5,4.477941176,304.5,4.477941176,,,,,,,,,,,,,,,,,,,"Jake Fraley","19260",641584
"Jorge Soler","LAA",90,389,338,75,43,15,0,17,46,51,42,1,112,5,3,0,,0,0,0.221294,0.10811,0.286764,0.376998,0.314226,0.415285,0.318351,0.729511,0.193991,1.6633,0.273383,-0.721874,-0.578337,47.6223,1.67208,102.666,-1.30021,-0.885051,-0.0784151554107666,-8.755421102046967,0.466378,634.8099975585938,,,,,,,426.3,4.736666666,426.3,4.736666666,,,,,,,,,,,,,,,,,,,"Jorge Soler","14221",624585
"Ty France","SDP",54,232,208,52,36,10,1,6,25,26,14,0,42,8,1,0,,1,0,0.250226,0.0611532,0.182674,0.334766,0.319068,0.390907,0.311968,0.709975,0.140681,3.28548,0.285616,-0.133903,-0.328355,27.2021,-0.204655,103.032,-0.462259,0.313153,0.37130993604660034,-3.6028967201709747,0.459443,999,,,,,,,242.2,4.485185185,242.2,4.485185185,,,,,,,,,,,,,,,,,,,"Ty France","17982",664034
"Rhys Hoskins","CLE",68,293,250,55,32,12,1,11,33,34,37,1,80,3,2,0,,1,1,0.220078,0.126494,0.274243,0.461248,0.326222,0.399076,0.319056,0.725298,0.178998,2.78961,0.275463,-0.521717,-0.435364,36.0591,1.42794,105.514,-0.957082,-0.637513,0.947676956653595,-6.5691492557525635,0.45752,737.989990234375,,,,,,,321,4.720588235,321,4.720588235,,,,,,,,,,,,,,,,,,,"Rhys Hoskins","16472",656555
"José Fermín","STL",38,163,140,34,23,8,0,3,18,16,18,0,21,3,1,1,,5,2,0.239735,0.110155,0.128572,0.856757,0.335455,0.356115,0.309316,0.691571,0.116381,4.34429,0.262146,-0.0168623,-0.0452132,18.8132,-0.496058,99.6248,-0.0620755,-0.172593,-0.134747214615345,-0.906852662563324,0.450075,999,,,,,,,168.7,4.439473684,168.7,4.439473684,,,,,,,,,,,,,,,,,,,"Jose Fermin","21746",665877
"Will Benson","CIN",52,225,195,43,25,8,2,8,29,26,26,1,68,2,1,1,,5,2,0.221213,0.117167,0.303263,0.386355,0.317881,0.406471,0.316084,0.724353,0.185258,5.81701,0.292331,-0.190838,-0.0732517,27.1171,0.55279,97.2324,-0.26409,0.124917,-1.0015349984169006,-2.13449627161026,0.444934,999,,,,,,,243.5,4.682692307,243.5,4.682692307,,,,,,,,,,,,,,,,,,,"Will Benson","21853",666181
"Henry Bolte","ATH",45,195,174,41,28,8,1,4,22,19,16,0,62,3,1,1,,8,2,0.23658,0.0828992,0.316657,0.261795,0.308382,0.368168,0.298465,0.676549,0.131588,6.1997,0.338037,-0.0131221,0.365492,20.736,-2.31057,87.3255,0.35237,0,-2.561351954936981,0.16944444179534912,0.442504,999,,,,,,,188.7,4.193333333,188.7,4.193333333,,,,,,,,,,,,,,,,,,,"Henry Bolte","sa3020006",703607
"Alex Call","LAD",24,105,88,21,14,4,0,2,13,11,13,0,19,2,1,1,,2,1,0.240313,0.12855,0.183148,0.701892,0.349538,0.378734,0.325484,0.728271,0.138421,3.91374,0.279206,-0.0275861,-0.174868,13.4107,1.05518,109.061,-0.202454,0.328105,0.920529380440712,-0.12004360556602478,0.438081,999,,,,,,,106,4.416666666,106,4.416666666,,,,,,,,,,,,,,,,,,,"Alex Call","19296",669743
"Victor Robles","SEA",36,156,139,34,24,7,1,3,17,15,10,0,34,4,1,2,,8,2,0.244926,0.0660887,0.221569,0.298275,0.312179,0.358272,0.297261,0.670451,0.113346,5.98915,0.305738,0.0095772,0.529225,16.3853,-1.99474,95.8472,0.538802,0.521972,-0.22257035970687866,-0.9965461492538452,0.423345,727.5399780273438,,,,,,,157.2,4.366666666,157.2,4.366666666,,,,,,,,,,,,,,,,,,,"Victor Robles","18363",645302
"Kody Clemens","MIN",47,204,183,41,23,9,1,8,24,25,16,0,51,3,1,1,,4,1,0.224917,0.0769225,0.248142,0.309994,0.293744,0.413326,0.306083,0.70707,0.188409,5.53492,0.265738,0.0283035,0.0132641,22.939,-1.15425,94.635,0.0415676,1.18953,-1.2477987855672836,-1.7421060800552368,0.412532,700.7000122070312,,,,,,,215.4,4.582978723,215.4,4.582978723,,,,,,,,,,,,,,,,,,,"Kody Clemens","20572",665019
"Tyler Heineman","TOR",31,124,109,23,18,3,1,2,12,11,10,0,26,3,1,2,,1,0,0.213582,0.0770438,0.206343,0.373378,0.292701,0.30077,0.268703,0.593471,0.0871874,4.59402,0.262131,-0.111612,-0.0897303,10.2099,-4.47553,70.2468,-0.201343,0.798005,-4.559772953391075,3.2254740595817566,0.409693,999,,,,,,,93.9,3.029032258,93.9,3.029032258,,,,,,,,,,,,,,,,,,,"Tyler Heineman","13897",623168
"Matt Vierling","DET",57,246,221,54,35,11,1,6,27,27,20,0,54,2,2,0,,3,1,0.242546,0.0826488,0.218036,0.37906,0.309816,0.381513,0.302801,0.691329,0.138967,4.53494,0.293399,0.146585,-0.221342,26.9897,-2.04577,92.8815,-0.0747569,-1.81354,-2.1364618092775345,-2.35505473613739,0.40627,999,,,,,,,244.3,4.285964912,244.3,4.285964912,,,,,,,,,,,,,,,,,,,"Matt Vierling","21558",663837
"Alan Roden","MIN",39,167,146,36,25,7,1,3,18,17,17,0,32,3,1,1,,2,1,0.248419,0.0987999,0.192061,0.514419,0.335528,0.379221,0.316795,0.71475,0.130802,4.48429,0.294026,-0.0138154,-0.0938745,20.2769,0.508053,102.014,-0.10769,-0.152833,0.28950102627277374,-2.0948082506656647,0.404781,999,,,,,,,170.8,4.379487179,170.8,4.379487179,,,,,,,,,,,,,,,,,,,"Alan Roden","31564",702176
"Gary Sánchez","MIL",37,152,133,28,16,4,0,7,17,21,16,0,41,3,1,0,,0,0,0.212285,0.101768,0.269118,0.378155,0.306012,0.409745,0.313319,0.715756,0.19746,2.45322,0.24783,-0.137774,-0.221093,18.0487,0.0326865,100.973,-0.358868,-0.772264,-0.18295405805110931,-0.6191773116588593,0.399066,999,,,,,,,158.2,4.275675675,158.2,4.275675675,,,,,,,,,,,,,,,,,,,"Gary Sanchez","11442",596142
"Wenceel Pérez","DET",79,340,307,71,46,14,3,8,40,38,27,0,70,3,2,1,,9,3,0.231893,0.0808041,0.205115,0.393946,0.298367,0.376756,0.295908,0.675123,0.144863,5.7905,0.271982,0.362794,-0.00169571,35.4241,-4.73126,88.133,0.361098,-0.329208,-4.392206639051437,-3.4475718438625336,0.395287,748.5399780273438,,,,,,,322.2,4.078481012,322.2,4.078481012,,,,,,,,,,,,,,,,,,,"Wenceel Perez","22857",672761
"Denzel Clarke","ATH",44,190,170,37,24,8,2,4,22,20,15,0,64,3,1,1,,6,1,0.22049,0.0770897,0.33859,0.227679,0.292519,0.348278,0.2837,0.640797,0.127788,6.69191,0.328248,0.0343617,0.395913,17.9007,-4.52305,77.1548,0.430275,1.32027,-4.6796311140060425,1.9980441331863403,0.394293,728.3300170898438,,,,,,,172,3.909090909,172,3.909090909,,,,,,,,,,,,,,,,,,,"Denzel Clarke","29858",672016
"Miguel Andujar","SDP",71,306,285,77,53,15,2,8,32,36,17,1,48,2,2,0,,2,1,0.269238,0.0553535,0.156678,0.353295,0.312707,0.41147,0.31351,0.724177,0.142233,3.75068,0.298979,-0.191432,-0.389939,36.24,0.112914,104.088,-0.581371,-0.39297,0.9001098275184631,-7.2460565865039825,0.392192,722.9099731445312,,,,,,,334.3,4.708450704,334.3,4.708450704,,,,,,,,,,,,,,,,,,,"Miguel Andujar","15878",609280
"Nick Loftin","KCR",28,120,105,26,18,6,0,2,14,13,13,0,18,1,1,0,,2,1,0.246837,0.105866,0.150137,0.70513,0.333701,0.374172,0.314288,0.707874,0.127335,4.29356,0.276423,-0.013658,-0.100237,14.3292,0.120338,98.0281,-0.113895,-0.00153728,-0.3933800607919693,0.017135561211034656,0.385199,999,,,,,,,119.8,4.278571428,119.8,4.278571428,,,,,,,,,,,,,,,,,,,"Nick Loftin","27630",679845
"Zach Cole","HOU",58,249,221,47,26,10,2,9,28,31,22,1,98,3,2,1,,7,2,0.210577,0.0872192,0.393541,0.221627,0.28928,0.391679,0.295948,0.68096,0.181102,6.28929,0.325018,-0.0161724,0.0685767,25.9513,-3.45681,88.9869,0.0524043,0.141306,-3.1782143749296665,-1.6364718526601791,0.384319,743.5999755859375,,,,,,,249.9,4.308620689,249.9,4.308620689,,,,,,,,,,,,,,,,,,,"Zach Cole","31583",805904
"Travis d'Arnaud","LAA",42,166,151,32,19,7,0,5,17,17,11,0,46,3,1,0,,0,0,0.213337,0.065033,0.275496,0.236058,0.277521,0.365781,0.282089,0.643302,0.152444,2.77343,0.26915,-0.217673,-0.204875,15.4752,-4.18276,77.6864,-0.422549,0.102119,-4.797945410013199,3.120637387037277,0.38269,999,,,,,,,137.5,3.273809523,137.5,3.273809523,,,,,,,,,,,,,,,,,,,"Travis d'Arnaud","7739",518595
"Nathaniel Lowe","CIN",45,193,170,43,28,7,1,7,22,25,21,0,46,1,1,0,,0,0,0.252158,0.109293,0.24012,0.45516,0.33726,0.422143,0.331443,0.759403,0.169985,2.49281,0.305347,-0.214494,-0.346555,25.7458,2.88812,107.754,-0.561049,0.0134165,1.2168704271316528,-3.963898408226669,0.37788,999,,,,,,,228.6,5.08,228.6,5.08,,,,,,,,,,,,,,,,,,,"Nathaniel Lowe","19566",663993
"Giancarlo Stanton","NYY",50,218,195,44,25,8,0,12,25,34,20,1,67,1,1,0,,1,0,0.227613,0.0930558,0.308281,0.301853,0.302313,0.453846,0.32376,0.756159,0.226233,1.83775,0.275762,-0.403195,-0.23995,27.6249,1.89278,108.698,-0.643146,0,1.5894632935523987,-5.44444465637207,0.372894,251.4600067138672,,,,,,,252.3,5.046,252.3,5.046,,,,,,,,,,,,,,,,,,,"Giancarlo Stanton","4949",519317
"Leo Jiménez","MIA",30,131,113,26,18,5,0,2,14,13,11,0,27,5,1,0,,1,0,0.232601,0.0875147,0.208961,0.418809,0.327361,0.342383,0.301846,0.669743,0.109782,3.75221,0.286252,-0.0420952,-0.240824,14.2548,-1.18959,91.0181,-0.28292,0.0545859,-1.6743839383125305,0.8575179614126682,0.361651,999,,,,,,,115.8,3.86,115.8,3.86,,,,,,,,,,,,,,,,,,,"Leo Jimenez","23782",677870
"CJ Kayfus","CLE",32,139,123,30,18,7,1,4,16,16,13,0,38,2,1,0,,1,0,0.242768,0.0930754,0.274389,0.339209,0.323134,0.41469,0.322147,0.737824,0.171922,5.18185,0.316962,0.0443621,-0.14702,17.4291,1.02488,107.644,-0.102658,-0.036291,1.1480787247419357,-2.4052723720669746,0.360531,999,,,,,,,155.5,4.859375,155.5,4.859375,,,,,,,,,,,,,,,,,,,"CJ Kayfus","33704",692216
"José Tena","WSN",38,162,147,37,26,8,1,3,18,17,12,0,41,1,1,1,,4,2,0.254364,0.0735781,0.253208,0.290584,0.312307,0.383137,0.304667,0.695444,0.128773,5.19557,0.329691,0.0142071,-0.0911673,18.0473,-1.10377,94.3122,-0.0769601,-0.040122,-1.1695778667926788,-0.7310169748961926,0.357626,999,,,,,,,158.3,4.165789473,158.3,4.165789473,,,,,,,,,,,,,,,,,,,"Jose Tena","23691",677588
"Gavin Sheets","SDP",84,364,329,78,47,18,1,12,37,45,30,1,75,3,2,0,,2,1,0.237096,0.0811695,0.206625,0.392835,0.304301,0.408267,0.309616,0.712568,0.171171,2.9084,0.269222,-0.353627,-0.427824,41.9632,-1.01562,101.421,-0.781452,-1.5018,-0.1689453125,-8.449021220207214,0.357254,684.8099975585938,,,,,,,378.5,4.50595238,378.5,4.50595238,,,,,,,,,,,,,,,,,,,"Gavin Sheets","19901",657757
"Curtis Mead","WSN",44,188,169,42,28,9,1,4,22,21,14,0,37,4,1,0,,3,1,0.248923,0.0764821,0.196653,0.388919,0.320246,0.390333,0.312371,0.710579,0.14141,4.46935,0.292384,0.0545398,-0.0840148,22.1354,-0.104506,99.5896,-0.0294749,-0.162409,-0.12103277817368507,-2.6645700335502625,0.356124,999,,,,,,,192.5,4.375,192.5,4.375,,,,,,,,,,,,,,,,,,,"Curtis Mead","23986",678554
"Tyler Freeman","COL",53,230,201,54,40,10,1,3,27,22,17,0,29,9,1,1,,8,3,0.268761,0.074517,0.125768,0.592494,0.349671,0.376304,0.323549,0.725976,0.107544,5.3051,0.297893,-0.00364606,0.00611689,29.1422,1.96007,93.5738,0.00247084,-0.217539,-1.7496630111709237,-2.495625287294388,0.349252,745.8599853515625,,,,,,,249.1,4.7,249.1,4.7,,,,,,,,,,,,,,,,,,,"Tyler Freeman","22532",671289
"Agustín Ramírez","MIA",39,161,145,35,21,8,0,5,20,20,13,1,33,2,1,0,,4,1,0.241718,0.0789385,0.201862,0.391051,0.308623,0.41582,0.313526,0.724443,0.174102,5.06456,0.273787,-0.103342,0.127827,19.0891,0.061604,99.0197,0.0244853,-0.904569,-0.1626150067895651,-1.95024836063385,0.340003,86.8499984741211,,,,,,,171,4.384615384,171,4.384615384,,,,,,,,,,,,,,,,,,,"Agustin Ramirez","26546",682663
"Austin Hays","CHW",52,227,208,51,32,11,1,7,27,27,15,1,57,2,1,0,,3,1,0.244871,0.0673645,0.252644,0.266638,0.301195,0.411208,0.307345,0.712403,0.166337,4.77556,0.302665,-0.0096575,-0.145258,25.733,-1.0509,96.0051,-0.154916,-0.432171,-1.2222355604171753,-3.3880354464054108,0.32698,572.469970703125,,,,,,,234.9,4.517307692,234.9,4.517307692,,,,,,,,,,,,,,,,,,,"Austin Hays","19363",669720
"Everson Pereira","CHW",56,242,218,49,31,9,1,9,30,28,19,0,77,3,2,0,,4,1,0.22619,0.0797717,0.318456,0.250495,0.297497,0.396796,0.30325,0.694293,0.170606,4.70948,0.302064,-0.082311,-0.0554345,26.7221,-1.93045,93.1842,-0.137745,-0.740915,-2.0857622027397156,-3.1131376028060913,0.322477,999,,,,,,,243.6,4.35,243.6,4.35,,,,,,,,,,,,,,,,,,,"Everson Pereira","23695",677592
"Endy Rodríguez","PIT",25,102,91,21,14,5,0,2,10,10,9,0,22,1,1,0,,1,0,0.234217,0.0893996,0.216958,0.41206,0.307411,0.362509,0.296103,0.66992,0.128292,3.42015,0.285565,-0.0254012,-0.118824,10.62,-1.40013,86.5419,-0.144226,-0.0681537,-1.7668763250112534,1.2576179504394531,0.320918,999,,,,,,,91.8,3.672,91.8,3.672,,,,,,,,,,,,,,,,,,,"Endy Rodriguez","25332",682848
"Drew Gilbert","SFG",47,204,182,42,27,8,1,5,21,22,17,0,39,3,1,1,,2,1,0.229926,0.0822094,0.192826,0.426339,0.304641,0.370154,0.297033,0.674795,0.140228,4.18151,0.265213,0.00789506,-0.306368,21.4407,-2.65256,91.4555,-0.298473,-0.534191,-2.363453835248947,-1.299777328968048,0.319759,999,,,,,,,190.1,4.044680851,190.1,4.044680851,,,,,,,,,,,,,,,,,,,"Drew Gilbert","31545",687551
"Jesse Winker",,29,125,104,25,17,5,1,3,15,13,18,1,28,2,1,0,,2,1,0.240447,0.144,0.22122,0.650936,0.359755,0.388749,0.332673,0.748504,0.148302,4.59103,0.295145,-0.430989,-0.117345,16.8252,1.99862,113.237,-0.548334,-0.167424,1.4147971272468567,-2.5575472116470337,0.317848,999,,,,,,,145.4,5.013793103,145.4,5.013793103,,,,,,,,,,,,,,,,,,,"Jesse Winker","13590",608385
"Jonah Heim","ATH",30,120,109,25,17,5,0,3,12,13,9,0,22,1,1,0,,1,0,0.227811,0.0768311,0.186483,0.412001,0.289606,0.362993,0.286677,0.652599,0.135182,3.19255,0.25663,-0.116066,-0.0911192,11.6567,-2.58057,79.2053,-0.207185,-0.0919321,-3.160359337925911,2.261462911963463,0.317694,999,,,,,,,105.6,3.52,105.6,3.52,,,,,,,,,,,,,,,,,,,"Jonah Heim","16930",641680
"Rafael Marchán","PHI",28,110,98,21,15,4,0,2,10,10,8,0,19,2,1,0,,0,0,0.213119,0.0763015,0.17262,0.442021,0.286833,0.320207,0.271824,0.60704,0.107088,2.62081,0.243105,-0.0686385,-0.136715,9.31046,-3.68047,70.1831,-0.205353,1.02579,-4.090740203857422,3.1731693744659424,0.317313,999,,,,,,,80,2.857142857,80,2.857142857,,,,,,,,,,,,,,,,,,,"Rafael Marchan","21646",665561
"Dane Myers","CIN",39,167,150,37,27,5,0,4,20,19,14,0,42,2,1,0,,6,2,0.245182,0.0829347,0.25048,0.331103,0.31599,0.37247,0.304296,0.68846,0.127288,4.99864,0.309774,-0.0321447,0.213237,18.579,-1.18982,89.1576,0.181092,-0.728709,-1.9688993394374847,-0.5793261229991913,0.309174,999,,,,,,,163.1,4.182051282,163.1,4.182051282,,,,,,,,,,,,,,,,,,,"Dane Myers","22054",667472
"Brandon Valenzuela","TOR",23,91,82,17,11,3,0,2,9,10,8,0,24,1,1,0,,1,0,0.20975,0.0831186,0.269032,0.308954,0.278662,0.345993,0.275205,0.624655,0.136243,3.20688,0.264303,-0.00389789,-0.0933495,7.9405,-2.79114,74.7256,-0.0972474,0.524023,-2.8028076142072678,2.297943115234375,0.304323,999,,,,,,,69.6,3.026086956,69.6,3.026086956,,,,,,,,,,,,,,,,,,,"Brandon Valenzuela","23813",678218
"Connor Wong","BOS",46,183,165,40,27,9,0,4,20,19,13,0,44,3,1,1,,3,1,0.242843,0.0724802,0.241546,0.300068,0.308025,0.372621,0.299524,0.680646,0.129779,4.00649,0.307381,-0.0843405,-0.222483,19.6285,-2.01212,86.6785,-0.306824,-2.33756,-3.1824713051319122,1.2395977973937988,0.298127,999,,,,,,,173.6,3.773913043,173.6,3.773913043,,,,,,,,,,,,,,,,,,,"Connor Wong","19896",657136
"James Outman","MIN",34,146,128,27,16,6,1,5,18,15,15,0,50,2,1,0,,4,1,0.210569,0.101969,0.342241,0.297945,0.301979,0.381875,0.300563,0.683854,0.171306,6.32081,0.298501,0.0182192,0.297615,15.8129,-1.48476,90.8327,0.315834,-0.0516552,-1.265932857990265,-0.873260147869587,0.296934,999,,,,,,,149.1,4.385294117,149.1,4.385294117,,,,,,,,,,,,,,,,,,,"James Outman","24770",681546
"Christian Moore","LAA",29,124,108,24,16,4,1,3,13,12,14,0,38,1,1,0,,2,1,0.218583,0.1119,0.303281,0.368964,0.311037,0.355966,0.29643,0.667003,0.137383,5.3493,0.302664,-0.00960961,-0.0326018,13.0243,-1.67975,87.5652,-0.0422114,-0.0153754,-1.8660487085580826,0.42906907107681036,0.29144,748.3499755859375,,,,,,,117.9,4.065517241,117.9,4.065517241,,,,,,,,,,,,,,,,,,,"Christian Moore","34979",695681
"Taylor Walls","TBR",51,221,193,40,27,8,1,3,25,19,24,0,53,1,1,2,,10,3,0.207459,0.107783,0.240496,0.44817,0.296453,0.311455,0.274225,0.607908,0.103996,6.2325,0.267998,0.0770786,0.551483,19.1809,-6.98012,72.5651,0.628562,-0.365251,-6.530697584152222,1.668081820011139,0.282589,999,,,,,,,173.7,3.405882352,173.7,3.405882352,,,,,,,,,,,,,,,,,,,"Taylor Walls","22458",670764
"Edgar Quero","CHW",74,304,269,64,49,11,0,5,27,31,28,0,59,4,3,1,,1,1,0.23994,0.0907942,0.194342,0.467188,0.317979,0.338245,0.293892,0.656224,0.0983055,1.84497,0.286608,-0.285879,-0.567363,31.1845,-4.729,86.7377,-0.853242,-1.14517,-5.604260087013245,-0.37325358390808105,0.281192,475.1000061035156,,,,,,,263.4,3.559459459,263.4,3.559459459,,,,,,,,,,,,,,,,,,,"Edgar Quero","28022",700337
"Drew Romo","CHW",32,125,114,25,17,5,0,3,13,13,8,0,30,1,1,1,,1,1,0.222672,0.0657734,0.239621,0.274489,0.281687,0.357946,0.281006,0.639632,0.135273,3.54916,0.270033,-0.00726094,-0.157466,11.546,-3.26072,77.8614,-0.164727,-0.470985,-3.4345220774412155,1.976545512676239,0.278332,999,,,,,,,94.8,2.9625,94.8,2.9625,,,,,,,,,,,,,,,,,,,"Drew Romo","27763",691011
"Leo Rivas","SEA",19,83,69,14,11,2,0,1,10,7,12,0,22,1,1,1,,3,1,0.208361,0.142092,0.260929,0.544561,0.330471,0.294495,0.289017,0.624966,0.0861337,5.93018,0.28572,0.00911868,0.196136,8.18356,-1.61915,90.1683,0.205255,0.107575,-0.7561044543981552,0.5520192682743073,0.271427,999,,,,,,,66.5,3.5,66.5,3.5,,,,,,,,,,,,,,,,,,,"Leo Rivas","21009",660844
"TJ Rumfield","COL",79,340,304,80,54,16,1,9,38,39,28,0,64,5,2,0,,2,1,0.261371,0.0835877,0.188523,0.443383,0.331321,0.407298,0.323233,0.73862,0.145927,3.24912,0.302331,-0.146382,-0.541468,42.9638,2.80838,93.3574,-0.687849,0.915682,-3.3634053468704224,-5.302373766899109,0.270971,999,,,,,,,380.7,4.818987341,380.7,4.818987341,,,,,,,,,,,,,,,,,,,"TJ Rumfield","29805",681198
"Keibert Ruiz","WSN",54,215,200,49,33,10,0,6,21,25,10,0,26,2,2,0,,1,0,0.244794,0.0472045,0.118948,0.39685,0.287543,0.380516,0.290856,0.668059,0.135723,2.62464,0.254567,-0.253515,-0.240429,21.54,-3.87705,84.851,-0.493943,-2.32241,-4.356190711259842,1.8789751529693604,0.267653,720.3499755859375,,,,,,,197.7,3.661111111,197.7,3.661111111,,,,,,,,,,,,,,,,,,,"Keibert Ruiz","19610",660688
"Sam Haggerty","TEX",39,167,149,36,25,6,2,2,20,16,14,0,38,2,1,1,,8,2,0.240158,0.0854158,0.228765,0.373378,0.313563,0.350758,0.294079,0.664321,0.1106,6.92393,0.306436,-0.0221506,0.62874,17.1911,-2.57769,88.5292,0.60659,0.138049,-1.6553611159324646,-1.5051605850458145,0.266125,999,,,,,,,157.8,4.046153846,157.8,4.046153846,,,,,,,,,,,,,,,,,,,"Sam Haggerty","18054",664059
"Starling Marte","KCR",44,188,171,46,33,9,1,4,21,19,12,0,41,4,1,1,,5,1,0.268328,0.0635621,0.215243,0.295305,0.327327,0.390774,0.315214,0.7181,0.122446,5.14222,0.329963,-0.0880108,0.131334,22.5698,0.329929,98.6663,0.0433228,0.0255059,-0.2525572404265404,-3.7090619523078203,0.257849,999,,,,,,,210.7,4.788636363,210.7,4.788636363,,,,,,,,,,,,,,,,,,,"Starling Marte","9241",516782
"Graham Pauley","MIA",31,136,122,27,17,6,0,3,15,15,12,0,28,1,1,1,,2,1,0.223007,0.0848689,0.206561,0.410866,0.295121,0.366977,0.290915,0.662098,0.14397,4.47988,0.26062,-0.0304193,-0.0457047,13.6186,-2.4436,83.5301,-0.076124,0.481484,-2.729670137166977,0.7055584788322449,0.255943,999,,,,,,,114.8,3.703225806,114.8,3.703225806,,,,,,,,,,,,,,,,,,,"Graham Pauley","31363",688363
"Spencer Jones","NYY",32,140,126,29,16,6,1,6,18,19,11,0,53,1,1,0,,4,1,0.225705,0.0803217,0.379622,0.211583,0.292535,0.426061,0.309912,0.718596,0.200356,5.7242,0.32867,-0.0117456,0.165897,16.1848,-0.357291,99.1587,0.154151,-0.54591,0.015324488282203674,-2.3422064781188965,0.255199,999,,,,,,,156.7,4.896875,156.7,4.896875,,,,,,,,,,,,,,,,,,,"Spencer Jones","31532",682987
"Mitch Garver","SEA",24,95,81,16,10,3,0,3,10,10,12,0,28,1,1,0,,0,0,0.199897,0.122737,0.290973,0.421817,0.305939,0.345847,0.291389,0.651785,0.14595,3.55358,0.26046,-0.150956,-0.085148,9.53521,-1.66789,91.8021,-0.236104,-0.925555,-1.1522264927625656,0.9262966513633728,0.252998,999,,,,,,,84.5,3.520833333,84.5,3.520833333,,,,,,,,,,,,,,,,,,,"Mitch Garver","15161",641598
"Harry Ford","WSN",24,98,84,18,13,4,0,2,10,9,11,0,24,1,1,0,,2,1,0.219069,0.1133,0.246838,0.459004,0.318132,0.33637,0.294883,0.654503,0.117302,4.04263,0.281126,0,-0.0590733,10.1176,-1.44364,87.6094,-0.0590733,0.00960709,-1.4959829896688461,0.7565206969156861,0.252917,725.52001953125,,,,,,,84.2,3.508333333,84.2,3.508333333,,,,,,,,,,,,,,,,,,,"Harry Ford","29958",695670
"Taylor Trammell","HOU",24,104,90,20,11,4,1,3,12,12,12,0,31,1,1,0,,3,1,0.2176,0.11769,0.297218,0.395973,0.315552,0.39157,0.311533,0.707123,0.17397,5.36176,0.287226,-0.0380443,0.0205397,12.1252,-0.128154,99.7226,-0.0175045,-0.467688,-0.05141233280301094,-1.0602803230285645,0.251644,999,,,,,,,109.4,4.558333333,109.4,4.558333333,,,,,,,,,,,,,,,,,,,"Taylor Trammell","19960",666211
"Jahmai Jones","DET",25,110,95,23,14,5,1,3,14,13,11,0,27,2,1,0,,2,1,0.239506,0.10451,0.250115,0.417847,0.33336,0.413786,0.327082,0.747146,0.17428,5.62238,0.300416,-0.00126642,-0.123684,14.2237,1.25046,109.608,-0.124951,0.068993,1.1183864772319794,-2.4518402069807053,0.250421,999,,,,,,,122.2,4.888,122.2,4.888,,,,,,,,,,,,,,,,,,,"Jahmai Jones","18872",663330
"Thomas Saggese","STL",32,137,126,30,21,6,0,3,14,14,8,0,36,2,1,0,,2,1,0.240742,0.0619717,0.260957,0.237478,0.295069,0.357565,0.287189,0.652634,0.116823,4.01868,0.313142,0.0159821,-0.194909,13.3165,-2.87839,84.467,-0.178927,0.477946,-2.702215999364853,0.5532546639442444,0.246996,999,,,,,,,118.6,3.70625,118.6,3.70625,,,,,,,,,,,,,,,,,,,"Thomas Saggese","27883",695336
"Nick Yorke","PIT",34,146,133,34,24,7,0,2,16,14,11,0,32,1,1,0,,3,1,0.253271,0.0720424,0.216777,0.332334,0.311817,0.364334,0.297539,0.676151,0.111063,4.50275,0.313204,0.0187859,-0.111602,15.4535,-1.84419,87.5256,-0.0928161,0.0563362,-2.257229834794998,-0.24242926016449928,0.242907,999,,,,,,,135.4,3.982352941,135.4,3.982352941,,,,,,,,,,,,,,,,,,,"Nick Yorke","27504",694377
"Max Clark","DET",21,89,78,18,13,3,1,1,9,8,10,0,18,1,1,0,,2,1,0.234671,0.1096,0.206125,0.531717,0.322576,0.348568,0.299064,0.671143,0.113896,5.02243,0.287408,-0.0142058,0.00337961,9.4925,-1.00968,90.3068,-0.0108262,0,-1.0262727374210954,0.3174382746219635,0.240642,999,,,,,,,80.6,3.838095238,80.6,3.838095238,,,,,,,,,,,,,,,,,,,"Max Clark","sa3022683",703601
"Alejandro Osuna","TEX",24,105,91,23,16,4,0,2,12,11,10,0,22,2,1,1,,3,1,0.248676,0.095937,0.211264,0.454111,0.333886,0.372398,0.313175,0.706284,0.123722,5.02952,0.305583,0.0316765,-0.15523,12.3657,0.0101768,101.684,-0.123553,-0.225001,0.0839582234621048,-1.3453716784715652,0.239371,999,,,,,,,107.1,4.4625,107.1,4.4625,,,,,,,,,,,,,,,,,,,"Alejandro Osuna","27915",696030
"Tristan Gray","MIN",36,157,143,32,19,7,1,5,17,19,10,0,47,2,1,1,,1,0,0.221342,0.0652815,0.297461,0.219462,0.278996,0.381829,0.286819,0.660825,0.160487,3.47966,0.288788,-0.0515176,-0.208235,15.1922,-3.3411,81.3649,-0.259753,-0.099426,-3.7047870755195618,0.6101419255137444,0.236022,999,,,,,,,147.1,4.086111111,147.1,4.086111111,,,,,,,,,,,,,,,,,,,"Tristan Gray","19877",656484
"Bo Naylor","CLE",14,56,50,10,6,2,0,2,6,7,6,0,14,0,0,0,,0,0,0.211071,0.104918,0.239437,0.438185,0.29682,0.38484,0.298682,0.68166,0.173769,3.29907,0.246007,-0.0048451,-0.0766625,6.00749,-0.65836,91.4789,-0.0815075,-0.112484,-0.6480893343687057,0.9893680214881897,0.233793,574.2899780273438,,,,,,,48.6,3.471428571,48.6,3.471428571,,,,,,,,,,,,,,,,,,,"Bo Naylor","21865",666310
"Hyeseong Kim","LAD",24,105,96,24,18,4,1,2,12,12,6,0,26,1,1,1,,6,1,0.248175,0.0582206,0.247018,0.235694,0.297829,0.351557,0.285611,0.649386,0.103382,6.95317,0.320077,-0.0103445,0.605626,10.0256,-2.32995,81.7473,0.595281,0.00572398,-1.6668624877929688,0.45387210650369525,0.232077,740.77001953125,,,,,,,104.1,4.3375,104.1,4.3375,,,,,,,,,,,,,,,,,,,"Hyeseong Kim","35322",808975
"Pavin Smith","ARI",34,148,127,30,19,6,1,4,17,17,19,0,38,1,1,0,,1,0,0.237164,0.126531,0.256499,0.4933,0.335145,0.393442,0.320907,0.728587,0.156278,3.74822,0.30218,-0.185954,-0.182023,18.3816,0.940928,104.432,-0.367977,0.0150402,0.4074063003063202,-3.0726141752675176,0.23009,999,,,,,,,163.6,4.811764705,163.6,4.811764705,,,,,,,,,,,,,,,,,,,"Pavin Smith","19892",656976
"Andrew Benintendi","CHW",85,369,333,82,56,14,2,10,40,42,31,1,74,2,3,1,,2,1,0.247565,0.0849453,0.200628,0.423397,0.313196,0.395008,0.308395,0.708204,0.147443,3.87369,0.286958,-0.160048,-0.408384,42.2056,-1.39607,96.7286,-0.568432,-0.77395,-1.9912358522415161,-8.493086159229279,0.227481,735.8099975585938,,,,,,,372.2,4.378823529,372.2,4.378823529,,,,,,,,,,,,,,,,,,,"Andrew Benintendi","17901",643217
"Richie Palacios","TBR",34,148,127,29,21,6,1,2,16,14,17,0,30,2,1,0,,6,2,0.229652,0.113811,0.200121,0.568709,0.3267,0.33536,0.29774,0.66206,0.105707,5.44467,0.279792,-0.00290248,0.0887013,15.6053,-1.83538,88.7635,0.0857988,0.0162952,-1.8690112382173538,-1.0380257777869701,0.222637,999,,,,,,,140.1,4.120588235,140.1,4.120588235,,,,,,,,,,,,,,,,,,,"Richie Palacios","24589",680700
"Ryan Vilade","TBR",33,142,127,30,21,6,1,3,15,16,12,0,34,2,1,0,,2,1,0.238348,0.0845364,0.24046,0.351562,0.310027,0.366922,0.298777,0.676949,0.128574,4.76643,0.300941,0.00861588,-0.152323,15.1678,-1.65001,89.4778,-0.143707,0.653292,-1.9088749587535858,-0.8340532183647156,0.220854,999,,,,,,,135.3,4.1,135.3,4.1,,,,,,,,,,,,,,,,,,,"Ryan Vilade","22165",668723
"Troy Johnston","COL",47,204,184,49,33,10,1,5,23,24,14,0,42,3,1,0,,5,2,0.265544,0.0701507,0.205757,0.340939,0.328084,0.412284,0.322821,0.740368,0.14674,5.28974,0.318374,-0.0985591,0.0665307,25.71,1.61677,93.0749,-0.0320283,0.218831,-1.7056231796741486,-2.9368789941072464,0.219567,748.4099731445312,,,,,,,227,4.829787234,227,4.829787234,,,,,,,,,,,,,,,,,,,"Troy Johnston","26143",687859
"Cody Freeman","TEX",19,84,77,19,13,4,0,2,9,9,5,0,13,1,1,0,,1,0,0.248458,0.0588,0.149595,0.393061,0.29634,0.384838,0.296501,0.681178,0.136379,3.95691,0.270446,-0.0157248,-0.0499955,8.76003,-1.12437,90.1974,-0.0657202,-0.0573493,-1.0322245806455612,0.24141616374254227,0.213834,999,,,,,,,79.7,4.194736842,79.7,4.194736842,,,,,,,,,,,,,,,,,,,"Cody Freeman","25629",683227
"Rob Refsnyder","SEA",41,176,154,35,22,7,0,5,20,19,18,1,49,3,1,0,,2,1,0.224975,0.10439,0.278621,0.374668,0.315251,0.374248,0.304136,0.689498,0.149272,3.41811,0.291061,-0.0987617,-0.160472,19.5541,-1.2767,100.583,-0.259234,-0.15538,-0.13811669498682022,-3.8961211144924164,0.2084,999,,,,,,,173.3,4.226829268,173.3,4.226829268,,,,,,,,,,,,,,,,,,,"Rob Refsnyder","13770",608701
"Derek Hill","CHW",29,127,115,27,19,4,1,3,14,13,9,0,36,1,1,1,,5,2,0.23299,0.068461,0.28826,0.237497,0.291785,0.365796,0.288608,0.657581,0.132806,5.9027,0.31052,0.0262497,0.0711954,12.4379,-2.51128,83.0975,0.0974452,0.144755,-2.422998048365116,0.06944669783115387,0.204971,999,,,,,,,115.6,3.986206896,115.6,3.986206896,,,,,,,,,,,,,,,,,,,"Derek Hill","16947",656537
"Christopher Morel","MIA",50,214,190,42,25,8,1,8,24,25,21,0,64,2,1,0,,4,2,0.222342,0.0960386,0.300589,0.319501,0.304574,0.398882,0.307121,0.703456,0.17654,4.81694,0.289674,0.207527,-0.25699,24.296,-1.03275,94.632,-0.0494624,0.0325911,-1.4132765494287014,-3.7579954005777836,0.201085,999,,,,,,,220.3,4.406,220.3,4.406,,,,,,,,,,,,,,,,,,,"Christopher Morel","21897",666624
"Ryan Ritter","COL",16,68,60,15,10,3,1,2,8,8,5,0,18,1,0,1,,1,0,0.25062,0.0759401,0.263916,0.287744,0.321782,0.40158,0.316695,0.723363,0.15096,5.59022,0.326409,0.00315603,-0.0424263,8.23192,0.20084,88.8782,-0.0392703,0.274431,-0.935217946767807,0.5171783715486526,0.188747,999,,,,,,,77.1,4.81875,77.1,4.81875,,,,,,,,,,,,,,,,,,,"Ryan Ritter","31500",690022
"Griffin Conine","MIA",46,199,176,40,25,7,1,7,23,24,19,0,65,2,1,0,,2,1,0.227076,0.0954525,0.327255,0.291677,0.307737,0.394358,0.307923,0.702095,0.167283,3.97484,0.314228,-0.0889945,-0.213692,22.6475,-0.827913,95.181,-0.302687,0.36035,-1.437443196773529,-3.336872398853302,0.188272,999,,,,,,,203.8,4.430434782,203.8,4.430434782,,,,,,,,,,,,,,,,,,,"Griffin Conine","21626",665052
"Bryce Eldridge","SFG",65,282,253,58,35,12,0,11,28,35,25,3,88,2,2,0,,1,0,0.230186,0.0891334,0.310024,0.287505,0.303946,0.408259,0.306932,0.712205,0.178073,2.268,0.304626,-0.017659,-0.423062,31.9562,-1.40368,98.2365,-0.440721,-0.178454,-1.030823677778244,-6.564565181732178,0.184586,999,,,,,,,292.9,4.506153846,292.9,4.506153846,,,,,,,,,,,,,,,,,,,"Bryce Eldridge","33390",805811
"César Salazar","HOU",14,57,49,10,7,2,0,1,6,6,5,0,12,2,0,0,,1,0,0.208238,0.0901204,0.204513,0.440658,0.305401,0.320152,0.28339,0.625553,0.111913,3.38307,0.247824,-0.00796854,-0.0701501,5.35167,-1.37019,80.3358,-0.0781186,-0.0860722,-1.3966093733906746,1.0250389575958252,0.179124,999,,,,,,,45.1,3.221428571,45.1,3.221428571,,,,,,,,,,,,,,,,,,,"Cesar Salazar","21587",663967
"Brandon Lockridge","MIL",19,80,72,18,13,3,0,1,9,8,7,0,21,1,0,1,,4,1,0.246039,0.0855309,0.264282,0.323635,0.316117,0.338741,0.291963,0.654858,0.0927016,6.38667,0.335597,-0.00475596,0.388482,8.12005,-1.37633,86.3438,0.383726,0.288917,-0.9171063303947449,-0.03639194369316101,0.176204,999,,,,,,,75.7,3.984210526,75.7,3.984210526,,,,,,,,,,,,,,,,,,,"Brandon Lockridge","21496",663604
"Kaelen Culpepper","MIN",16,68,61,14,10,3,0,2,7,7,5,0,15,1,0,0,,1,0,0.236344,0.074401,0.214106,0.347496,0.301654,0.365976,0.294209,0.66763,0.129632,4.59058,0.28178,0,0.00194062,6.99109,-1.03999,86.4557,0.00194062,0,-1.0830864822492003,0.4294753074645996,0.172606,999,,,,,,,64.8,4.05,64.8,4.05,,,,,,,,,,,,,,,,,,,"Kaelen Culpepper","sa3025360",701785
"Tristan Peters","CHW",44,190,170,39,27,7,1,3,20,18,16,0,41,2,1,1,,3,2,0.229825,0.0850824,0.216718,0.392595,0.300761,0.342736,0.285223,0.643497,0.112911,4.85466,0.283164,0.00155508,-0.255228,18.1353,-4.28843,80.766,-0.253673,-0.600638,-4.555845111608505,-0.29940301179885864,0.1719,999,,,,,,,156.7,3.561363636,156.7,3.561363636,,,,,,,,,,,,,,,,,,,"Tristan Peters","30063",671976
"Nick Allen","HOU",26,114,102,24,18,4,0,1,11,9,9,0,23,1,1,1,,2,1,0.229898,0.0788088,0.198111,0.397801,0.294845,0.30798,0.270451,0.602825,0.078082,4.26321,0.282629,0.0204401,-0.12745,9.53287,-3.94587,71.4228,-0.10701,0.879029,-3.9492050260305405,1.6938440799713135,0.171171,999,,,,,,,84.4,3.246153846,84.4,3.246153846,,,,,,,,,,,,,,,,,,,"Nick Allen","22277",669397
"Enrique Hernández","LAD",35,152,138,31,20,6,0,4,16,17,11,0,35,1,1,1,,1,0,0.227278,0.0746999,0.229026,0.326164,0.288215,0.368677,0.28789,0.656892,0.141399,3.03839,0.271423,0.124522,-0.180023,14.8176,-3.09791,83.3083,-0.0555005,-0.280175,-3.0550904124975204,-0.3361937217414379,0.169492,999,,,,,,,128.5,3.671428571,128.5,3.671428571,,,,,,,,,,,,,,,,,,,"Enrique Hernandez","10472",571771
"Myles Straw","TOR",27,115,103,25,19,4,1,1,13,9,9,0,21,0,1,1,,3,1,0.239099,0.0816126,0.184642,0.442004,0.303307,0.324842,0.280015,0.628149,0.0857432,5.74844,0.288629,0.0800077,0.209422,10.5055,-3.0856,78.0392,0.28943,0.857864,-2.687792032957077,0.3723701238632202,0.168375,999,,,,,,,93.6,3.466666666,93.6,3.466666666,,,,,,,,,,,,,,,,,,,"Myles Straw","17620",664702
"Michael Conforto","CHC",22,94,81,19,11,4,0,3,11,10,11,0,24,1,1,0,,0,0,0.229075,0.112463,0.255363,0.440406,0.325015,0.390058,0.315364,0.715073,0.160983,2.75004,0.286323,-0.0231994,-0.122784,11.2963,0.176385,103.412,-0.145984,-0.647177,0.2345457673072815,-1.7302019000053406,0.167539,999,,,,,,,101.2,4.6,101.2,4.6,,,,,,,,,,,,,,,,,,,"Michael Conforto","16376",624424
"George Valera","CLE",40,175,156,36,23,7,0,6,19,21,16,0,47,1,1,0,,1,0,0.231012,0.0920181,0.267552,0.343926,0.305154,0.389561,0.304517,0.694715,0.158549,2.9865,0.290697,-0.0368592,-0.293225,19.4453,-1.21191,95.4988,-0.330084,-0.105694,-1.2575736045837402,-3.1541507244110107,0.164602,748.3099975585938,,,,,,,175.2,4.38,175.2,4.38,,,,,,,,,,,,,,,,,,,"George Valera","22541",671655
"Brett Harris","ATH",16,69,60,14,10,3,0,2,8,7,6,0,15,1,0,0,,1,0,0.230295,0.09438,0.213377,0.442316,0.316635,0.355159,0.299739,0.671794,0.124864,3.97684,0.277335,-0.0157785,-0.0678788,7.35655,-0.7409,88.2035,-0.0836573,0.370102,-1.0364765748381615,0.27596595883369446,0.163648,999,,,,,,,68.8,4.3,68.8,4.3,,,,,,,,,,,,,,,,,,,"Brett Harris","29788",695391
"James McCann","ARI",38,150,139,32,22,7,0,3,15,16,8,0,40,2,1,1,,1,0,0.233217,0.0499795,0.265541,0.188217,0.280132,0.358471,0.2796,0.638603,0.125253,2.93493,0.300971,-0.215841,-0.127612,13.6781,-4.08293,76.1359,-0.343453,-0.30448,-4.594969421625137,2.1618779003620148,0.1626,999,,,,,,,120.6,3.17368421,120.6,3.17368421,,,,,,,,,,,,,,,,,,,"James McCann","12859",543510
"Andruw Monasterio","BOS",18,79,70,18,12,4,0,1,9,8,7,0,17,1,0,0,,2,1,0.249703,0.0947743,0.218929,0.432899,0.326917,0.37036,0.309108,0.697277,0.120656,4.58812,0.310547,-0.00199274,-0.0885315,9.08978,-0.253432,93.2804,-0.0905243,-0.419317,-0.7167803347110748,-0.4381437450647354,0.160442,999,,,,,,,76.8,4.266666666,76.8,4.266666666,,,,,,,,,,,,,,,,,,,"Andruw Monasterio","19455",655316
"Justin Foscue","TEX",22,94,83,19,11,5,0,3,11,11,8,0,17,1,1,0,,1,0,0.225265,0.0899753,0.182921,0.49188,0.304107,0.376479,0.299875,0.680586,0.151215,3.77987,0.252785,-0.00889264,-0.0937688,10.1129,-1.0071,92.5217,-0.102661,-0.408371,-0.9321629032492638,-0.744482159614563,0.160044,999,,,,,,,95,4.318181818,95,4.318181818,,,,,,,,,,,,,,,,,,,"Justin Foscue","27501",679822
"Jorbit Vivas","WSN",35,152,132,31,23,6,1,2,16,13,14,0,22,4,1,1,,3,1,0.234121,0.0943268,0.143415,0.657718,0.323985,0.32633,0.293497,0.650315,0.0922093,4.32776,0.266159,0.00325394,-0.235527,15.5078,-2.40772,86.6599,-0.232273,0.0770329,-2.6295599937438965,-0.875281885266304,0.157873,999,,,,,,,140.4,4.011428571,140.4,4.011428571,,,,,,,,,,,,,,,,,,,"Jorbit Vivas","23917",678391
"Blake Perkins","MIL",17,75,66,14,10,3,0,1,8,7,8,0,20,1,0,0,,2,1,0.217631,0.105945,0.266368,0.397739,0.305439,0.329113,0.284622,0.634551,0.111482,5.74288,0.290531,0.0215381,0.0596047,7.13161,-1.73167,81.3148,0.0811428,0.399294,-1.5800689309835434,0.5906515419483185,0.154279,999,,,,,,,58.5,3.44117647,58.5,3.44117647,,,,,,,,,,,,,,,,,,,"Blake Perkins","19921",663368
"Jon Berti",,21,89,80,20,15,3,0,1,9,8,7,0,18,1,1,0,,4,1,0.249296,0.0759997,0.201923,0.37638,0.31309,0.344593,0.291916,0.657684,0.0952977,5.58499,0.30463,0.101651,0.246243,8.97671,-1.52547,85.2395,0.347894,-0.735533,-1.202719271183014,-0.30605798959732056,0.153592,999,,,,,,,78.9,3.757142857,78.9,3.757142857,,,,,,,,,,,,,,,,,,,"Jon Berti","12037",542932
"Alex Freeland","LAD",12,52,45,10,7,2,0,1,6,5,6,0,14,1,0,0,,1,0,0.222046,0.111124,0.270329,0.411068,0.315504,0.360755,0.300707,0.676259,0.138709,4.45166,0.289043,-0.00231671,0.00505459,5.65357,-0.524183,92.0881,0.00273789,0.0360354,-0.4875421146862209,0.2227638214826584,0.151,999,,,,,,,49.1,4.091666666,49.1,4.091666666,,,,,,,,,,,,,,,,,,,"Alex Freeland","31665",690976
"Jimmy Crooks","STL",15,58,53,12,8,2,0,2,6,6,4,0,17,1,0,0,,0,0,0.226042,0.0750995,0.288601,0.260219,0.290517,0.365754,0.287582,0.656271,0.139713,3.07431,0.296605,-0.00490288,-0.0705091,5.68175,-1.20553,84.7358,-0.075412,-0.0404488,-1.1299298778176308,0.8632549867033958,0.150044,999,,,,,,,53.8,3.586666666,53.8,3.586666666,,,,,,,,,,,,,,,,,,,"Jimmy Crooks","31354",699625
"Eli White","ATL",22,94,86,20,14,3,1,2,12,11,6,0,25,1,1,0,,3,1,0.237415,0.0623253,0.261793,0.238071,0.293017,0.373544,0.29092,0.666561,0.136129,6.53084,0.301317,-0.0316022,0.234499,9.4286,-1.69136,84.4035,0.202896,0.577398,-1.5367537885904312,-0.13217008113861084,0.149811,999,,,,,,,83.1,3.777272727,83.1,3.777272727,,,,,,,,,,,,,,,,,,,"Eli White","19346",642201
"Joey Wiemer","WSN",39,167,149,32,20,6,1,4,18,17,15,0,51,2,1,0,,3,1,0.211616,0.0906473,0.306497,0.295753,0.290436,0.353005,0.284274,0.643441,0.141389,4.94059,0.287149,-0.013955,0.0167503,15.8592,-3.90961,80.3419,0.00279528,0.858646,-3.895305807236582,-0.26172423362731934,0.144574,999,,,,,,,144.8,3.712820512,144.8,3.712820512,,,,,,,,,,,,,,,,,,,"Joey Wiemer","27690",686894
"Tyler Austin","CHC",23,99,90,22,13,5,0,4,12,13,8,1,22,1,1,0,,0,0,0.24626,0.0798998,0.224486,0.355924,0.309493,0.430687,0.31693,0.74018,0.184427,3.10861,0.283925,-0.146724,-0.106511,12.0503,0.312549,104.485,-0.253235,0,0.2747993469238281,-2.1847221851348877,0.142963,999,,,,,,,112.3,4.882608695,112.3,4.882608695,,,,,,,,,,,,,,,,,,,"Tyler Austin","11850",592122
"Emmanuel Rodriguez","MIN",12,52,43,9,6,2,0,1,6,5,8,0,18,1,0,0,,1,0,0.207519,0.148799,0.343578,0.433088,0.332372,0.351755,0.308308,0.684127,0.144236,4.60508,0.312189,0,-0.0215848,5.97625,-0.201501,96.1679,-0.0215848,0,-0.2577301748096943,-0.18672840297222137,0.138741,999,,,,,,,51.5,4.291666666,51.5,4.291666666,,,,,,,,,,,,,,,,,,,"Emmanuel Rodriguez","sa3014693",691181
"Shay Whitcomb","HOU",16,67,61,14,8,2,0,3,8,9,5,0,21,1,0,0,,2,0,0.219984,0.0694098,0.307047,0.226056,0.281511,0.389718,0.291507,0.671228,0.169734,4.75701,0.283481,-0.010297,0.044544,6.78539,-1.17932,85.9271,0.034247,0.0613459,-1.0838094167411327,0.11690149828791618,0.138573,999,,,,,,,73.2,4.575,73.2,4.575,,,,,,,,,,,,,,,,,,,"Shay Whitcomb","27789",694376
"Colby Thomas","ATH",12,53,48,12,7,3,0,2,6,7,3,0,16,1,0,0,,1,0,0.241747,0.0589089,0.294983,0.199703,0.298857,0.423887,0.312669,0.722744,0.18214,4.58164,0.314336,0.000947791,-0.0568135,6.21229,-0.0165192,97.1104,-0.0558657,0.167427,-0.23540004715323448,-0.246770977973938,0.136405,748.5900268554688,,,,,,,60.6,5.05,60.6,5.05,,,,,,,,,,,,,,,,,,,"Colby Thomas","31855",687515
"Jorge Mateo","ATL",13,58,53,12,8,3,0,1,7,6,3,0,16,0,0,0,,4,1,0.229624,0.0588787,0.269518,0.218459,0.277637,0.364791,0.280096,0.642428,0.135167,7.48971,0.297636,0.0542399,0.370453,5.25651,-1.53902,76.9889,0.424693,0.0950429,-1.143835961818695,0.5245182067155838,0.132536,999,,,,,,,46.1,3.546153846,46.1,3.546153846,,,,,,,,,,,,,,,,,,,"Jorge Mateo","17273",622761
"Tyrone Taylor","NYM",37,158,145,33,21,8,1,3,17,17,8,0,35,3,1,1,,4,1,0.227001,0.0500017,0.220144,0.227132,0.278704,0.367002,0.28108,0.645706,0.140001,5.78009,0.273137,0.158733,0.111884,14.5808,-4.10567,81.4349,0.270616,0.0931942,-3.2091951072216034,-0.7728551551699638,0.131273,999,,,,,,,134.7,3.64054054,134.7,3.64054054,,,,,,,,,,,,,,,,,,,"Tyrone Taylor","13675",621438
"Triston Casas","BOS",13,58,49,12,7,2,0,2,7,7,8,1,15,0,0,0,,0,0,0.236602,0.1312,0.254688,0.515141,0.341468,0.426961,0.333086,0.768429,0.190359,3.04033,0.288033,-0.0778083,-0.0812332,7.79477,0.943085,109.799,-0.159041,-0.0113456,0.5106389969587326,-1.235110953450203,0.130188,746.0599975585938,,,,,,,66.8,5.138461538,66.8,5.138461538,,,,,,,,,,,,,,,,,,,"Triston Casas","22514",671213
"Sterlin Thompson","COL",21,89,79,20,14,4,1,2,10,10,7,0,21,2,1,0,,2,1,0.257582,0.0819998,0.235379,0.348373,0.329521,0.408479,0.323005,0.738,0.150897,5.44001,0.320645,-0.014017,-0.0369649,11.2202,0.718002,93.2008,-0.050982,0,-0.7672405391931534,-0.9523148536682129,0.126822,999,,,,,,,97.1,4.623809523,97.1,4.623809523,,,,,,,,,,,,,,,,,,,"Sterlin Thompson","sa3019999",694514
"Reese McGuire",,15,57,52,12,8,2,0,1,5,6,3,0,13,1,0,0,,0,0,0.22008,0.0604949,0.229646,0.263427,0.27537,0.331648,0.268399,0.607017,0.111568,2.9126,0.26802,-0.0573655,-0.0418142,4.69808,-2.0798,69.0842,-0.0991796,0.0632222,-2.1952050775289536,1.1835925877094269,0.126324,999,,,,,,,42.4,2.826666666,42.4,2.826666666,,,,,,,,,,,,,,,,,,,"Reese McGuire","15674",624512
"Noelvi Marte","CIN",48,209,192,48,32,9,1,6,24,25,14,0,48,2,1,0,,6,2,0.248803,0.0657782,0.227802,0.288751,0.303936,0.399845,0.305931,0.703781,0.151043,5.32707,0.298131,0.0535375,0.00293371,23.5014,-1.20958,90.2779,0.0564712,-1.14339,-2.3533295914530754,-3.384127974510193,0.125348,147.7100067138672,,,,,,,218.8,4.558333333,218.8,4.558333333,,,,,,,,,,,,,,,,,,,"Noelvi Marte","26517",682622
"Andrés Chaparro","WSN",16,68,61,15,9,3,0,2,7,8,6,0,16,1,0,0,,0,0,0.238222,0.0818315,0.238111,0.343669,0.306924,0.414247,0.312994,0.721171,0.176025,3.05717,0.282115,-0.0325585,-0.0593364,8.02768,-0.00339815,100.016,-0.0918949,0.36881,-0.09061741514597088,-0.9569620490074158,0.124337,999,,,,,,,71.5,4.46875,71.5,4.46875,,,,,,,,,,,,,,,,,,,"Andres Chaparro","21797",665953
"Javier Báez","DET",42,183,172,40,28,8,1,4,19,20,7,0,42,2,1,0,,3,1,0.234626,0.036802,0.231631,0.158882,0.270358,0.364138,0.275742,0.634495,0.129512,4.75162,0.284007,0.0988107,0.056114,16.0784,-5.54376,74.2413,0.154925,-1.01193,-5.4006993025541306,0.2391490936279297,0.116659,740.6500244140625,,,,,,,148.4,3.533333333,148.4,3.533333333,,,,,,,,,,,,,,,,,,,"Javier Baez","12979",595879
"Leo De Vries","ATH",13,58,51,12,8,3,0,1,6,6,5,0,14,1,0,0,,1,0,0.226075,0.0919,0.247814,0.370843,0.304403,0.359949,0.292492,0.664352,0.133874,4.80573,0.286174,-0.018577,-0.0167958,5.88359,-0.968098,83.2115,-0.0353728,0,-1.1827873177826405,0.32006174325942993,0.116043,999,,,,,,,54.2,4.169230769,54.2,4.169230769,,,,,,,,,,,,,,,,,,,"Leo De Vries","sa3023363",815888
"Max Kepler",,18,78,69,16,10,3,0,2,8,9,8,0,16,1,1,0,,0,0,0.23384,0.0970005,0.205799,0.471335,0.314401,0.388904,0.307745,0.703305,0.155065,3.38062,0.269816,-0.118087,-0.086897,8.92848,-0.338142,96.1127,-0.204984,-0.118087,-0.5653093308210373,-0.9583643674850464,0.115838,999,,,,,,,75.1,4.172222222,75.1,4.172222222,,,,,,,,,,,,,,,,,,,"Max Kepler","12144",596146
"Ryan Mountcastle","BAL",14,62,57,15,9,3,0,2,7,8,4,0,15,0,0,0,,0,0,0.255861,0.0617946,0.246049,0.251148,0.305624,0.421893,0.314904,0.727516,0.166032,3.27278,0.311784,0.0173223,-0.0400315,7.44545,0.0934114,102.914,-0.0227092,0.0300257,0.19098243489861488,-1.2662705723196268,0.109215,748.0900268554688,,,,,,,66.5,4.75,66.5,4.75,,,,,,,,,,,,,,,,,,,"Ryan Mountcastle","18373",663624
"Jose Iglesias",,18,78,72,18,14,4,0,1,7,7,4,0,13,1,1,0,,1,0,0.253845,0.0570004,0.167124,0.341067,0.305215,0.348426,0.288466,0.653641,0.0945809,3.65113,0.295705,-0.0634877,-0.0759203,7.70096,-1.56567,82.8697,-0.139408,-0.476157,-1.7272608280181885,0.10270065069198608,0.105516,999,,,,,,,66.7,3.705555555,66.7,3.705555555,,,,,,,,,,,,,,,,,,,"Jose Iglesias","10231",578428
"Hao-Yu  Lee","DET",10,42,38,9,6,2,0,1,5,4,3,0,9,1,0,0,,1,0,0.230313,0.0780558,0.225919,0.345503,0.299769,0.364741,0.292208,0.66451,0.134429,5.86221,0.282269,-0.00981658,0.00739001,4.23425,-0.707953,85.5844,-0.00242657,0.136526,-0.7130919734481722,0.28590892255306244,0.103665,999,,,,,,,41.5,4.15,41.5,4.15,,,,,,,,,,,,,,,,,,,"Hao-Yu  Lee","30080",701678
"Rodolfo Durán","SDP",9,34,31,7,4,1,0,1,4,4,2,0,8,0,0,0,,0,0,0.221948,0.0588097,0.245193,0.23985,0.274005,0.368774,0.27989,0.642779,0.146827,3.76948,0.26913,-0.00902432,-0.0177879,3.07796,-0.908474,81.0573,-0.0268122,0.0108766,-0.7842723000794649,0.6698272246867418,0.103211,999,,,,,,,26.5,2.944444444,26.5,2.944444444,,,,,,,,,,,,,,,,,,,"Rodolfo Duran","20958",660710
"Kristian Campbell","BOS",11,47,41,10,7,2,0,1,5,5,5,0,13,1,0,0,,1,0,0.241962,0.1042,0.264628,0.393759,0.330889,0.366578,0.310658,0.697467,0.124616,3.86337,0.321302,0.00936061,-0.0481096,5.51359,-0.0923417,94.3483,-0.038749,0.104839,-0.35478534549474716,-0.2905314862728119,0.101139,746.1400146484375,,,,,,,50.1,4.554545454,50.1,4.554545454,,,,,,,,,,,,,,,,,,,"Kristian Campbell","33644",692225
"Jett Williams","MIL",14,59,52,11,7,2,0,1,6,5,6,0,16,1,0,0,,2,1,0.213453,0.101499,0.266466,0.38091,0.299966,0.337406,0.284655,0.637372,0.123953,5.46725,0.280735,-0.00476257,0.0396517,5.605,-1.35901,81.3376,0.0348892,0,-1.2687551267445087,0.28703704476356506,0.100315,999,,,,,,,46.8,3.342857142,46.8,3.342857142,,,,,,,,,,,,,,,,,,,"Jett Williams","sa3020134",702518
"Tyler Tolbert","KCR",21,89,80,18,13,4,1,1,10,8,5,0,23,1,1,1,,7,1,0.227737,0.0591805,0.25984,0.227758,0.283967,0.325436,0.27017,0.609403,0.0976992,7.8857,0.304376,-0.0370018,0.751358,7.40742,-3.09476,67.6373,0.714356,0.455804,-2.6759204268455505,0.5865139216184616,0.0993922,999,,,,,,,76,3.619047619,76,3.619047619,,,,,,,,,,,,,,,,,,,"Tyler Tolbert","25779",686475
"Eric Haase","SFG",15,57,53,11,8,2,0,1,6,6,4,0,18,0,0,0,,0,0,0.216947,0.0643872,0.317018,0.203102,0.27121,0.344402,0.270542,0.615613,0.127456,2.95518,0.297839,-0.0192886,-0.0402844,4.79791,-1.97996,73.3087,-0.0595731,-0.0336798,-1.8742369711399078,1.0866905935108662,0.0980567,999,,,,,,,35.8,2.386666666,35.8,2.386666666,,,,,,,,,,,,,,,,,,,"Eric Haase","14111",606992
"Heriberto Hernández","MIA",35,152,132,29,18,5,1,5,17,18,16,0,43,2,1,0,,2,1,0.222331,0.10782,0.281896,0.382483,0.313149,0.382699,0.30693,0.695848,0.160368,4.69295,0.287992,-0.0678824,-0.0857057,17.1614,-0.754041,94.5009,-0.153588,-0.286422,-1.1417983770370483,-2.956638514995575,0.0971412,999,,,,,,,152.6,4.36,152.6,4.36,,,,,,,,,,,,,,,,,,,"Heriberto Hernandez","24878",681715
"Weston Wilson","BAL",8,36,32,7,4,1,0,1,4,4,4,0,10,0,0,0,,1,0,0.219615,0.0998522,0.286096,0.349017,0.302113,0.37431,0.297633,0.676423,0.154695,5.01389,0.283439,-0.0143643,-0.00636687,3.8342,-0.454491,91.0161,-0.0207312,-0.0508657,-0.405058229342103,0.0787639170885086,0.0945004,999,,,,,,,33.4,4.175,33.4,4.175,,,,,,,,,,,,,,,,,,,"Weston Wilson","19358",642215
"Thairo Estrada",,15,63,58,14,10,3,0,1,6,7,3,0,13,1,0,0,,1,0,0.241612,0.048,0.202315,0.237254,0.287062,0.368323,0.286456,0.655386,0.126711,4.12708,0.282852,0.00445946,-0.0349306,6.05834,-1.35496,81.4884,-0.0304712,-0.0231892,-1.4031788911670446,0.20088489167392254,0.0943733,999,,,,,,,52.4,3.493333333,52.4,3.493333333,,,,,,,,,,,,,,,,,,,"Thairo Estrada","16426",642731
"David Fry","CLE",25,106,94,21,13,4,0,3,12,12,10,1,29,2,1,0,,1,0,0.220309,0.0959299,0.269137,0.356434,0.306239,0.381907,0.301322,0.688146,0.161598,3.56276,0.276016,-0.0599583,-0.0769473,11.5386,-1.0119,93.2975,-0.136906,-0.0473031,-0.9760024398565292,-1.755173459649086,0.0941649,999,,,,,,,101.3,4.052,101.3,4.052,,,,,,,,,,,,,,,,,,,"David Fry","24934",681807
"Jorge Barrosa","ARI",28,121,109,24,16,6,1,2,13,11,10,0,29,1,1,1,,2,1,0.223608,0.0851877,0.237248,0.359067,0.294076,0.338101,0.280021,0.632177,0.114493,4.80559,0.286694,-0.00150321,-0.168576,11.0744,-3.2519,76.4244,-0.170079,0.956076,-3.5579570829868317,0.41008859872817993,0.0909271,999,,,,,,,101.3,3.617857142,101.3,3.617857142,,,,,,,,,,,,,,,,,,,"Jorge Barrosa","23968",678489
"Braden Shewmake","HOU",22,93,86,19,13,4,1,2,10,9,5,0,19,1,1,0,,2,1,0.218941,0.0578607,0.20356,0.284245,0.269906,0.347541,0.270511,0.617447,0.1286,5.93754,0.255183,-0.00981004,0.157019,7.80415,-3.2239,71.464,0.147209,0.0442516,-2.9918698221445084,0.6368442252278328,0.0878971,999,,,,,,,75.5,3.431818181,75.5,3.431818181,,,,,,,,,,,,,,,,,,,"Braden Shewmake","25817",669699
"Santiago Espinal","LAD",18,78,72,18,13,3,0,1,8,8,5,0,11,1,1,1,,1,0,0.24679,0.06676,0.136236,0.490031,0.300953,0.334521,0.281768,0.635474,0.0877307,3.3179,0.276694,0.0125147,-0.0770365,7.27443,-1.9922,79.1144,-0.0645218,-0.016828,-2.0058626011013985,0.2259188611060381,0.0850253,999,,,,,,,66.8,3.711111111,66.8,3.711111111,,,,,,,,,,,,,,,,,,,"Santiago Espinal","19997",669289
"Jace Jung","DET",12,52,45,10,6,2,0,1,6,6,6,0,14,0,0,0,,0,0,0.219427,0.122403,0.26189,0.467384,0.318217,0.367323,0.304518,0.68554,0.147897,3.30518,0.280333,0.00326887,-0.0840927,5.81537,-0.362384,94.0643,-0.0808238,0.097599,-0.44659852236509323,-0.5372774749994278,0.0835516,999,,,,,,,44.2,3.683333333,44.2,3.683333333,,,,,,,,,,,,,,,,,,,"Jace Jung","31437",690291
"Walker Jenkins","MIN",7,31,27,6,4,1,0,1,3,3,3,0,7,0,0,0,,1,0,0.236368,0.105999,0.228435,0.464023,0.325902,0.356666,0.304721,0.682568,0.120298,4.56381,0.297476,-0.00540447,-0.00240595,3.49438,-0.212274,93.6966,-0.00781042,0,-0.24087122548371553,-0.03734568506479263,0.0820636,999,,,,,,,29.8,4.257142857,29.8,4.257142857,,,,,,,,,,,,,,,,,,,"Walker Jenkins","sa3022894",805805
"Mickey Gasper","BOS",5,19,17,4,3,1,0,0,2,2,2,0,4,0,0,0,,0,0,0.243635,0.108646,0.188133,0.577493,0.338117,0.378977,0.318351,0.717093,0.135341,3.83798,0.285976,-0.00528622,-0.00817297,2.36086,0.0828963,99.6479,-0.0134592,-0.111326,-0.02146101091057062,0.2652171775698662,0.081907,999,,,,,,,14.3,2.86,14.3,2.86,,,,,,,,,,,,,,,,,,,"Mickey Gasper","24759",681508
"Andrew McCutchen","TEX",39,167,144,32,22,6,0,4,18,17,20,1,42,1,1,0,,1,0,0.224224,0.119871,0.251273,0.477056,0.322049,0.358675,0.302396,0.680724,0.134451,2.67681,0.282105,-0.306109,-0.294303,18.3208,-1.44796,94.2583,-0.600412,-0.100862,-1.7326350212097168,-3.2378989458084106,0.0809385,999,,,,,,,155.1,3.976923076,155.1,3.976923076,,,,,,,,,,,,,,,,,,,"Andrew McCutchen","9847",457705
"Ronny Mauricio","NYM",9,37,34,8,5,1,0,1,4,4,2,0,9,0,0,0,,1,0,0.239741,0.0610483,0.253657,0.240673,0.29045,0.397144,0.296262,0.687594,0.157403,4.76541,0.292061,-0.00200497,0.0300892,3.85703,-0.503136,91.835,0.0280842,0.0789158,-0.3290179371833801,-0.12818299233913422,0.0789163,999,,,,,,,31,3.444444444,31,3.444444444,,,,,,,,,,,,,,,,,,,"Ronny Mauricio","23698",677595
"Christian Koss","SFG",11,47,43,10,7,2,0,1,5,5,2,0,11,1,0,0,,1,0,0.242234,0.0494051,0.224198,0.220364,0.290483,0.355556,0.283787,0.64604,0.113322,4.77831,0.300166,0.00772989,-0.0383063,4.44181,-1.11817,82.3819,-0.0305765,0.198338,-1.013148471713066,0.21701112017035484,0.0788267,999,,,,,,,39.1,3.554545454,39.1,3.554545454,,,,,,,,,,,,,,,,,,,"Christian Koss","27653",683766
"Rafael Flores Jr.","PIT",7,29,26,6,4,1,0,1,3,3,2,0,8,0,0,0,,0,0,0.231422,0.083399,0.278861,0.29907,0.300275,0.365347,0.293277,0.665622,0.133925,3.3173,0.305307,-0.0123051,-0.0340331,2.97412,-0.467773,84.6055,-0.0463381,0.00984407,-0.5778287686407566,0.3833008427172899,0.0788086,999,,,,,,,25.9,3.7,25.9,3.7,,,,,,,,,,,,,,,,,,,"Rafael Flores Jr.","31991",804668
"Yohel Pozo","STL",18,76,73,19,13,4,0,2,8,10,2,0,9,0,1,0,,0,0,0.259047,0.0315847,0.118529,0.266471,0.284154,0.404251,0.296549,0.688405,0.145204,2.74279,0.269617,-0.0545406,-0.10929,7.99949,-1.02338,90.8786,-0.163831,-0.311853,-0.9893715083599091,-0.8201867341995239,0.0784965,999,,,,,,,69.8,3.877777777,69.8,3.877777777,,,,,,,,,,,,,,,,,,,"Yohel Pozo","18848",650968
"Max Schuemann","NYY",8,36,31,7,5,1,0,1,4,3,4,0,8,1,0,0,,1,0,0.22045,0.110096,0.228545,0.481724,0.320682,0.323609,0.292114,0.644291,0.103159,5.45624,0.28094,-0.0035023,0.0341222,3.67156,-0.617126,86.8982,0.0306199,-0.233805,-0.5298675131052732,0.04397284984588623,0.0781713,999,,,,,,,37.4,4.675,37.4,4.675,,,,,,,,,,,,,,,,,,,"Max Schuemann","24488",680474
"César Prieto","STL",12,53,49,12,9,3,0,1,6,5,2,0,8,1,0,0,,1,1,0.254723,0.0456569,0.154291,0.295914,0.296749,0.367954,0.29076,0.664702,0.113231,4.02699,0.28824,-0.0089672,-0.149927,5.27457,-0.954242,86.913,-0.158894,-0.288595,-0.9765597432851791,-0.025014609098434448,0.0770888,999,,,,,,,44.4,3.7,44.4,3.7,,,,,,,,,,,,,,,,,,,"Cesar Prieto","30163",693409
"Braxton Fulford","COL",7,29,26,6,4,1,0,1,3,3,2,0,8,1,0,0,,0,0,0.237516,0.0752554,0.269814,0.278916,0.31028,0.395207,0.309165,0.705487,0.157691,4.74388,0.305195,0.00179698,-0.0330791,3.29835,-0.0905841,83.7203,-0.0312821,0.0640638,-0.5846863426268101,0.6242489963769913,0.0758821,999,,,,,,,28.9,4.128571428,28.9,4.128571428,,,,,,,,,,,,,,,,,,,"Braxton Fulford","29704",690924
"Adael Amador","COL",10,42,37,9,6,2,0,1,5,4,4,0,7,0,0,0,,1,0,0.247871,0.0958005,0.161141,0.594514,0.325241,0.376318,0.310036,0.701558,0.128447,5.15688,0.279826,-0.0402216,0.0142217,4.83967,-0.102534,84.3167,-0.0259999,-0.00446907,-0.8034801315516233,0.14491364313289523,0.0750928,999,,,,,,,42.5,4.25,42.5,4.25,,,,,,,,,,,,,,,,,,,"Adael Amador","27962",691182
"Robert Hassell III","WSN",31,136,124,29,21,5,0,2,13,12,10,0,34,1,1,1,,3,1,0.234886,0.0729001,0.252073,0.289202,0.293805,0.339015,0.279809,0.63282,0.104129,4.00064,0.303122,0.0134815,0.0305882,12.3928,-3.66933,77.2834,0.0440697,0.530593,-3.6159079521894455,-0.17897528409957886,0.0747713,999,,,,,,,107.6,3.470967741,107.6,3.470967741,,,,,,,,,,,,,,,,,,,"Robert Hassell III","27482",690987
"Zach Dezenzo","HOU",18,78,70,17,11,3,0,2,9,9,6,0,23,1,1,0,,1,0,0.234825,0.0777787,0.296223,0.262568,0.300261,0.39038,0.302029,0.690641,0.155556,3.91325,0.310358,0.00413921,-0.0307796,8.49374,-0.696299,93.1754,-0.0266404,-0.463304,-0.6522545982152224,-1.2966369092464447,0.0746421,999,,,,,,,75.6,4.2,75.6,4.2,,,,,,,,,,,,,,,,,,,"Zach Dezenzo","31562",701305
"Bryce Teodosio","LAA",42,181,166,36,26,6,2,2,18,15,10,0,58,3,1,1,,9,2,0.21768,0.0561356,0.31865,0.176167,0.272359,0.315858,0.260794,0.588216,0.0981776,7.1325,0.316479,0.00715374,0.707291,13.743,-7.70042,63.017,0.714445,1.51995,-7.196103751659393,1.6495801210403442,0.0719433,999,,,,,,,133.7,3.183333333,133.7,3.183333333,,,,,,,,,,,,,,,,,,,"Bryce Teodosio","29524",669326
"Bryce Johnson","SDP",20,84,74,17,12,3,0,1,9,8,7,0,23,1,1,1,,4,1,0.226545,0.0841623,0.2767,0.304164,0.302952,0.320588,0.280009,0.62354,0.0940433,5.99251,0.313321,-0.0161096,0.210767,7.7031,-2.26299,81.1392,0.194657,0.0359394,-1.6908006966114044,-0.4159124046564102,0.0717566,999,,,,,,,68.1,3.405,68.1,3.405,,,,,,,,,,,,,,,,,,,"Bryce Johnson","20002",669369
"Abimelec Ortiz","WSN",28,120,107,24,15,5,0,4,13,13,11,0,29,1,1,0,,1,0,0.227685,0.0877001,0.238752,0.367327,0.302578,0.391765,0.30366,0.694342,0.16408,3.42029,0.271117,-0.0094307,-0.134772,13.2915,-0.91732,93.6218,-0.144202,0,-1.053249329328537,-2.259413480758667,0.0706813,999,,,,,,,117.4,4.192857142,117.4,4.192857142,,,,,,,,,,,,,,,,,,,"Abimelec Ortiz","sa3016926",694673
"Isiah Kiner-Falefa","BOS",27,116,107,27,21,4,1,1,12,11,6,0,18,1,1,1,,4,1,0.253407,0.0510957,0.158721,0.321922,0.299516,0.329764,0.278901,0.62928,0.0763569,5.19002,0.296275,0.0997216,0.147918,10.4874,-3.216,72.4721,0.247639,-0.113764,-3.5151676535606384,0.18747089058160782,0.0681562,746.1500244140625,,,,,,,96.7,3.581481481,96.7,3.581481481,,,,,,,,,,,,,,,,,,,"Isiah Kiner-Falefa","16512",643396
"Blake Dunn","CIN",11,47,41,10,7,2,0,1,6,5,4,0,13,1,0,0,,2,0,0.236022,0.0899382,0.28159,0.319394,0.323839,0.35094,0.302292,0.67478,0.114918,5.5227,0.322232,0.00149868,0.107147,5.14879,-0.411188,87.785,0.108646,-0.152052,-0.5725913047790527,-0.3574536442756653,0.0651262,999,,,,,,,49,4.454545454,49,4.454545454,,,,,,,,,,,,,,,,,,,"Blake Dunn","29487",694362
"Orlando Arcia","MIN",8,37,33,8,5,1,0,1,4,4,3,0,8,0,0,0,,0,0,0.227798,0.074399,0.215674,0.34496,0.288472,0.357833,0.283759,0.646305,0.130035,3.78248,0.270356,-0.00336445,-0.0292742,3.45391,-0.87052,79.2569,-0.0326387,0.0773823,-0.9274094626307487,0.282783567905426,0.0629968,999,,,,,,,33.1,4.1375,33.1,4.1375,,,,,,,,,,,,,,,,,,,"Orlando Arcia","13185",606115
"Bryan Torres","STL",5,21,18,5,4,1,0,0,2,2,2,0,4,0,0,0,,1,0,0.263025,0.1117,0.181002,0.617121,0.348958,0.349637,0.31368,0.698596,0.0866123,4.70487,0.319505,-0.0100446,0.00506061,2.50223,0.0107068,102.614,-0.00498399,0,0.06035327957943082,-0.15061728656291962,0.0625898,999,,,,,,,20.8,4.16,20.8,4.16,,,,,,,,,,,,,,,,,,,"Bryan Torres","sa885119",663494
"Andy Ibáñez","NYM",12,53,48,11,8,2,0,1,5,6,4,0,10,1,0,0,,1,0,0.234841,0.0715689,0.196796,0.363671,0.296105,0.354531,0.286851,0.650637,0.11969,4.17653,0.277083,-0.0579607,-0.0442447,5.10728,-1.12153,85.3886,-0.102205,0.0318135,-1.0151140838861465,-0.15645809099078178,0.0596959,999,,,,,,,45.7,3.808333333,45.7,3.808333333,,,,,,,,,,,,,,,,,,,"Andy Ibanez","18819",628451
"Tim Tawa","ARI",21,90,80,18,11,4,0,2,9,10,7,0,22,1,1,0,,2,1,0.218761,0.0836654,0.248579,0.336575,0.289125,0.358277,0.285374,0.647402,0.139516,4.37669,0.269773,-0.00323183,-0.10473,8.5749,-2.01407,80.0915,-0.107961,0.139903,-2.222539246082306,-0.18015922605991364,0.0594299,748.489990234375,,,,,,,76.2,3.628571428,76.2,3.628571428,,,,,,,,,,,,,,,,,,,"Tim Tawa","29571",694374
"Johan Rojas","PHI",7,31,29,7,5,1,0,0,3,3,2,0,7,0,0,0,,2,0,0.24315,0.0603013,0.211025,0.285755,0.294049,0.347529,0.282445,0.641578,0.10438,6.37988,0.298816,0.030215,0.118827,2.92703,-0.77962,77.4589,0.149042,0.108271,-0.6890457272529602,0.22030755877494812,0.0588965,999,,,,,,,22.9,3.271428571,22.9,3.271428571,,,,,,,,,,,,,,,,,,,"Johan Rojas","24336",679032
"Juan Brito","CLE",6,26,23,5,3,1,0,1,3,3,3,0,5,0,0,0,,0,0,0.22476,0.101353,0.211401,0.479434,0.31127,0.358687,0.296683,0.669958,0.133927,3.82449,0.270436,-0.000608815,-0.0518345,2.69606,-0.341756,90.102,-0.0524433,-0.050652,-0.3523732200264931,0.041168976575136185,0.0587447,999,,,,,,,26.3,4.383333333,26.3,4.383333333,,,,,,,,,,,,,,,,,,,"Juan Brito","26693",682877
"Mike Tauchman","NYM",10,42,36,8,6,2,0,1,5,4,5,0,10,0,0,0,,0,0,0.229665,0.129301,0.238039,0.543191,0.335986,0.353125,0.309909,0.689111,0.12346,3.3945,0.291299,-0.0778236,-0.0546087,4.87534,-0.107708,101.184,-0.132432,-0.0109869,-0.07324517890810966,-0.7640732554718852,0.0579817,999,,,,,,,39,3.9,39,3.9,,,,,,,,,,,,,,,,,,,"Mike Tauchman","15274",643565
"Elias Díaz","KCR",10,38,35,8,5,2,0,1,4,4,3,0,9,0,0,0,,0,0,0.230343,0.0674772,0.231992,0.29086,0.286738,0.36013,0.28373,0.646869,0.129788,2.41402,0.281136,-0.0540858,-0.0492823,3.60807,-0.910518,76.9779,-0.103368,-0.275083,-1.1410351321101189,0.47183021903038025,0.0568274,999,,,,,,,34,3.4,34,3.4,,,,,,,,,,,,,,,,,,,"Elias Diaz","11680",553869
"Dominic Smith","ATL",45,193,174,44,30,8,0,5,21,22,15,0,38,2,1,0,,1,0,0.250453,0.077668,0.198818,0.39065,0.316202,0.388891,0.308888,0.705093,0.138438,3.2977,0.291447,-0.271002,-0.156066,22.2032,-0.654489,96.7125,-0.427068,0.0187352,-1.1808276772499084,-4.705493228510022,0.0566906,999,,,,,,,195.5,4.344444444,195.5,4.344444444,,,,,,,,,,,,,,,,,,,"Dominic Smith","15653",642086
"Cooper Ingle","CLE",2,9,8,2,1,0,0,0,1,1,1,0,2,0,0,0,,0,0,0.231589,0.142201,0.211103,0.673609,0.346572,0.362436,0.318715,0.709008,0.130846,2.80526,0.282181,-0.00057767,-0.0133523,1.15418,0.0432106,105.28,-0.01393,0,0.04457694850862026,0.1836419701576233,0.0564778,999,,,,,,,6.2,3.1,6.2,3.1,,,,,,,,,,,,,,,,,,,"Cooper Ingle","sa3023069",694876
"Jared Oliva","SFG",6,26,24,6,4,1,0,0,3,3,2,0,6,0,0,0,,2,0,0.231727,0.0626325,0.231911,0.270072,0.291421,0.353315,0.283998,0.644736,0.121588,7.98265,0.289723,-0.00998803,0.201702,2.47214,-0.616731,82.5263,0.191714,0.138333,-0.3496857285499573,0.007623612880706787,0.054048,999,,,,,,,22.3,3.716666666,22.3,3.716666666,,,,,,,,,,,,,,,,,,,"Jared Oliva","19968",666931
"Carlos Santana","ARI",30,132,116,26,18,5,0,3,13,14,14,0,25,1,1,0,,1,0,0.224004,0.109136,0.19233,0.567442,0.312595,0.353018,0.296029,0.665614,0.129014,3.19595,0.257916,-0.22219,-0.059233,13.7502,-1.82185,87.3901,-0.281423,0.744123,-2.2510766088962555,-1.60927152633667,0.053944,999,,,,,,,119.2,3.973333333,119.2,3.973333333,,,,,,,,,,,,,,,,,,,"Carlos Santana","2396",467793
"Lenyn Sosa","TOR",35,152,143,35,23,7,0,5,16,19,6,0,34,1,1,1,,1,0,0.245079,0.0393594,0.226305,0.173922,0.277751,0.397775,0.291257,0.675526,0.152696,2.88539,0.287911,-0.00300587,-0.234932,15.232,-2.68346,85.7833,-0.237938,-0.518382,-2.7785388380289078,-1.9188444018363953,0.0536209,487.05999755859375,,,,,,,143.2,4.091428571,143.2,4.091428571,,,,,,,,,,,,,,,,,,,"Lenyn Sosa","22896",672820
"Vidal Bruján","NYM",7,32,28,6,5,1,0,0,3,3,3,0,7,0,0,0,,1,1,0.225973,0.0839442,0.206284,0.406935,0.299561,0.328639,0.279384,0.6282,0.102667,5.38841,0.276215,0.014542,-0.0524116,2.87261,-0.864673,80.2735,-0.0378696,-0.0170919,-0.7773707881569862,0.24648835137486458,0.0534215,999,,,,,,,16.6,2.371428571,16.6,2.371428571,,,,,,,,,,,,,,,,,,,"Vidal Brujan","20536",660644
"Will Wagner","SDP",4,16,14,4,3,1,0,0,2,1,2,0,3,0,0,0,,0,0,0.253106,0.103501,0.176975,0.584833,0.336373,0.362902,0.311666,0.699275,0.109796,3.33019,0.298614,-0.00854777,-0.0189568,1.85081,-0.0178357,102.825,-0.0275045,-0.0963567,0.025447703897953033,-0.039875201880931854,0.0523926,999,,,,,,,17.3,4.325,17.3,4.325,,,,,,,,,,,,,,,,,,,"Will Wagner","29634",695238
"Ryan Kreidler","MIN",10,42,36,7,4,2,0,1,4,4,5,0,13,1,0,0,,1,0,0.197237,0.10963,0.308317,0.355575,0.294922,0.322695,0.278258,0.617617,0.125458,5.24785,0.276526,0.00570694,0.0109219,3.76049,-1.18171,75.4671,0.0166288,0.0301829,-1.1928004249930382,0.25425693206489086,0.0513468,999,,,,,,,38.3,3.83,38.3,3.83,,,,,,,,,,,,,,,,,,,"Ryan Kreidler","25867",668952
"Alek Thomas","ARI",9,37,34,8,5,2,0,1,4,4,2,0,8,0,0,0,,1,0,0.238759,0.0539639,0.229363,0.235277,0.286289,0.379962,0.289964,0.666251,0.141203,5.56163,0.291499,0.0754195,0.00759903,3.66836,-0.691805,83.2358,0.0830185,0.085633,-0.650172770023346,-0.08381146937608719,0.0505979,746.030029296875,,,,,,,33.9,3.766666666,33.9,3.766666666,,,,,,,,,,,,,,,,,,,"Alek Thomas","23792",677950
"Gage Workman","DET",7,31,28,6,4,1,0,1,4,4,3,0,11,0,0,0,,1,0,0.217818,0.0839162,0.350582,0.239363,0.287919,0.381304,0.291701,0.669223,0.163486,6.62652,0.317361,-0.0000915126,0.0035477,3.16277,-0.543882,85.235,0.00345618,-0.203885,-0.5424603740684688,-0.05450180172920227,0.049452,999,,,,,,,28.8,4.114285714,28.8,4.114285714,,,,,,,,,,,,,,,,,,,"Gage Workman","27573",669398
"MJ Melendez","NYM",27,116,104,23,13,5,1,4,13,14,10,0,35,1,1,0,,2,1,0.218237,0.084498,0.298104,0.283452,0.288681,0.402757,0.299935,0.691438,0.18452,4.50944,0.277933,-0.0480495,-0.226761,12.468,-1.23542,94.3512,-0.274811,-0.484399,-1.051265686750412,-2.3294606804847717,0.0491466,999,,,,,,,116.6,4.318518518,116.6,4.318518518,,,,,,,,,,,,,,,,,,,"MJ Melendez","22197",669004
"Edwin Arroyo","CIN",10,42,38,9,7,2,0,1,4,4,3,0,9,0,0,0,,1,0,0.244464,0.0669964,0.204999,0.326814,0.301113,0.352175,0.288127,0.653288,0.107711,4.81238,0.298241,-0.00333793,-0.0199397,4.09564,-0.846562,78.0811,-0.0232776,0,-1.1098831724375486,0.18672838807106018,0.0480221,999,,,,,,,38.5,3.85,38.5,3.85,,,,,,,,,,,,,,,,,,,"Edwin Arroyo","sa3017626",695490
"Gabriel Gonzalez","MIN",8,37,33,8,6,2,0,1,4,4,2,0,7,0,0,0,,0,0,0.247593,0.0631994,0.198513,0.318364,0.303373,0.385201,0.301103,0.688574,0.137608,3.74108,0.289897,-0.00275298,-0.0302137,3.96927,-0.35516,91.2043,-0.0329667,0,-0.4123773016035557,-0.3921296298503876,0.046639,999,,,,,,,33,4.125,33,4.125,,,,,,,,,,,,,,,,,,,"Gabriel Gonzalez","sa3015723",694224
"Aidan Miller","PHI",5,21,18,4,3,1,0,0,2,2,2,0,6,0,0,0,,1,0,0.219649,0.104403,0.263671,0.395959,0.309268,0.339678,0.29057,0.648946,0.120029,5.53876,0.289534,-0.00112558,0.0400855,2.08931,-0.381793,83.0245,0.0389599,0,-0.381811436265707,0.1120370402932167,0.0436349,999,,,,,,,15.2,3.04,15.2,3.04,,,,,,,,,,,,,,,,,,,"Aidan Miller","sa3022609",805795
"Ryan Ward","LAD",6,26,24,5,3,1,0,1,3,3,2,0,7,0,0,0,,0,0,0.223679,0.0795094,0.26094,0.304704,0.287955,0.410692,0.301102,0.698646,0.187013,4.77231,0.265634,-0.00553425,-0.0203758,2.83518,-0.253696,92.359,-0.0259101,0.121438,-0.262654609978199,-0.19600015878677368,0.0421191,999,,,,,,,22.3,3.716666666,22.3,3.716666666,,,,,,,,,,,,,,,,,,,"Ryan Ward","27449",669899
"Randal Grichuk","CHW",16,69,63,15,9,3,0,2,8,8,4,0,15,1,1,0,,0,0,0.235377,0.0595266,0.218813,0.272043,0.286807,0.407084,0.299324,0.69389,0.171706,3.09875,0.269203,0.0184513,-0.101976,7.33345,-0.764003,90.4797,-0.0835247,-0.0605105,-0.8524916097521782,-1.096004381775856,0.0421025,999,,,,,,,63.5,3.96875,63.5,3.96875,,,,,,,,,,,,,,,,,,,"Randal Grichuk","10243",545341
"Cole Carrigg","COL",5,21,19,5,3,1,0,0,2,2,1,0,5,0,0,0,,1,0,0.255559,0.0632007,0.226572,0.278944,0.309179,0.393748,0.305892,0.702926,0.138189,7.35329,0.316273,-0.00176642,0.0603804,2.34947,-0.121634,81.4779,0.0586139,0,-0.40049316361546516,0.1120370402932167,0.0417235,999,,,,,,,16.8,3.36,16.8,3.36,,,,,,,,,,,,,,,,,,,"Cole Carrigg","sa3022596",694249
"Tommy Troy","ARI",4,16,14,3,2,1,0,0,2,1,1,0,4,0,0,0,,0,0,0.245389,0.0835975,0.227869,0.366866,0.315291,0.361699,0.299404,0.67699,0.11631,5.32693,0.310735,-0.000824324,-0.00181492,1.69336,-0.175282,89.7022,-0.00263924,0,-0.19565849658101797,0.05648148059844971,0.0396292,999,,,,,,,8.7,2.175,8.7,2.175,,,,,,,,,,,,,,,,,,,"Tommy Troy","sa3022561",694371
"Miles Mastrobuoni","SEA",4,16,14,3,2,1,0,0,2,1,2,0,3,0,0,0,,0,0,0.236925,0.104803,0.204034,0.513651,0.319329,0.327988,0.290545,0.647317,0.0910626,4.91222,0.294518,-0.0114545,0.0154821,1.55371,-0.284298,91.2206,0.00402758,-0.0490909,-0.1569340219721198,0.006464648991823196,0.0394127,999,,,,,,,11.7,2.925,11.7,2.925,,,,,,,,,,,,,,,,,,,"Miles Mastrobuoni","20017",670156
"Tanner Murray","CHW",11,47,44,10,7,2,0,1,5,5,2,0,11,0,0,0,,0,0,0.230985,0.051998,0.237588,0.218858,0.277484,0.350944,0.274637,0.628428,0.119959,3.33412,0.286414,-0.00147883,-0.063526,4.12604,-1.47988,73.4737,-0.0650048,0.2739,-1.5483260974287987,0.2927273064851761,0.0386997,999,,,,,,,33.2,3.018181818,33.2,3.018181818,,,,,,,,,,,,,,,,,,,"Tanner Murray","28848",695020
"Gio Urshela",,6,26,24,6,4,1,0,0,3,3,2,0,5,0,0,0,,0,0,0.253194,0.0640007,0.19023,0.336439,0.303813,0.365825,0.293564,0.669637,0.112631,3.29914,0.299091,-0.019654,-0.0324597,2.67519,-0.41369,86.3716,-0.0521137,-0.130742,-0.4731981158256531,-0.03737732768058777,0.038338,999,,,,,,,18.5,3.083333333,18.5,3.083333333,,,,,,,,,,,,,,,,,,,"Gio Urshela","10681",570482
"Esmerlyn Valdez","PIT",6,26,23,5,3,1,0,1,3,3,2,0,7,0,0,0,,0,0,0.230681,0.0933998,0.272914,0.342231,0.310429,0.386568,0.306528,0.696997,0.155887,3.02382,0.295214,-0.00178994,-0.0323339,2.95035,-0.138528,93.6834,-0.0341239,0,-0.2298339121043682,-0.28009259700775146,0.0368734,999,,,,,,,23.3,3.883333333,23.3,3.883333333,,,,,,,,,,,,,,,,,,,"Esmerlyn Valdez","sa3015768",699013
"Cameron Cauley","TEX",5,21,19,4,3,1,0,0,2,2,2,0,6,0,0,0,,1,0,0.216877,0.0777995,0.268001,0.290296,0.281206,0.341438,0.274852,0.622643,0.124561,5.55247,0.281731,0,0.0205658,1.82242,-0.648679,75.2846,0.0205658,0,-0.5886463988572359,0.2240740805864334,0.0363855,999,,,,,,,14.2,2.84,14.2,2.84,,,,,,,,,,,,,,,,,,,"Cameron Cauley","sa3017167",695508
"Luis Vázquez","BAL",6,26,24,5,4,1,0,1,3,3,2,0,6,0,0,0,,0,0,0.228637,0.0647026,0.244567,0.264559,0.287915,0.351792,0.281925,0.639708,0.123156,4.3392,0.285299,-0.0040678,-0.0159235,2.40809,-0.65526,80.1961,-0.0199913,-0.0467797,-0.6251344233751297,0.08284996449947357,0.0358635,999,,,,,,,22.3,3.716666666,22.3,3.716666666,,,,,,,,,,,,,,,,,,,"Luis Vazquez","23442",676679
"Austin Slater","NYM",9,37,32,7,5,1,0,1,4,3,4,0,11,0,0,0,,0,0,0.221753,0.105831,0.303787,0.348373,0.311105,0.335558,0.29016,0.646663,0.113805,4.63321,0.312142,-0.00282866,-0.0192558,3.67423,-0.685938,87.6553,-0.0220845,0.0733451,-0.5619893074035645,-0.3220253139734268,0.0352479,999,,,,,,,31.5,3.5,31.5,3.5,,,,,,,,,,,,,,,,,,,"Austin Slater","16153",596103
"Will Brennan","SFG",6,26,24,7,5,1,0,0,3,3,1,0,4,0,0,0,,0,0,0.26754,0.0509464,0.136649,0.372828,0.309309,0.382087,0.301021,0.691397,0.114548,4.18995,0.297049,-0.00606198,-0.0450298,2.83345,-0.255425,94.1875,-0.0510918,-0.0212145,-0.23118572682142258,-0.3013071306049824,0.0345646,999,,,,,,,21.1,3.516666666,21.1,3.516666666,,,,,,,,,,,,,,,,,,,"Will Brennan","25660",686823
"Dom Keegan","TBR",5,19,17,3,2,1,0,0,2,2,2,0,6,0,0,0,,0,0,0.200085,0.0909,0.320652,0.283485,0.280482,0.325748,0.270525,0.60623,0.125663,3.95103,0.281413,-0.00372519,-0.0195888,1.61225,-0.665717,70.0159,-0.0233139,0,-0.704629722982645,0.37654322385787964,0.0343593,999,,,,,,,8.7,1.74,8.7,1.74,,,,,,,,,,,,,,,,,,,"Dom Keegan","sa3020194",681371
"Michael Stefanic","ATH",2,11,9,2,2,0,0,0,1,1,1,0,1,0,0,0,,0,0,0.259541,0.104094,0.139267,0.747439,0.348496,0.342044,0.311585,0.69054,0.0825031,3.47862,0.297051,-0.0061,-0.0136981,1.23318,-0.0125839,96.3636,-0.0197981,-0.0427,-0.06498506665229797,0.03260864317417145,0.0338349,999,,,,,,,5.2,2.6,5.2,2.6,,,,,,,,,,,,,,,,,,,"Michael Stefanic","25353",683021
"Austin Barnes",,10,38,34,7,5,1,0,1,4,3,3,0,9,0,0,0,,1,0,0.212961,0.0890003,0.238766,0.372752,0.288109,0.307269,0.267687,0.595378,0.0943084,3.94244,0.270905,-0.0786749,-0.0148052,3.10996,-1.40862,68.5956,-0.0934801,-0.466074,-1.5129162892699242,0.2808395028114319,0.0329248,999,,,,,,,28.4,2.84,28.4,2.84,,,,,,,,,,,,,,,,,,,"Austin Barnes","12158",605131
"Nelson Velázquez","STL",11,47,42,9,5,2,0,2,5,6,4,0,13,0,0,0,,0,0,0.213686,0.0889003,0.277379,0.320501,0.288553,0.385408,0.29441,0.673962,0.171722,3.87556,0.261771,0.0597127,-0.0335777,4.8877,-0.718227,89.4133,0.026135,-0.038125,-0.5691732708364725,-0.6970755681395531,0.032053,748.5599975585938,,,,,,,45,4.09090909,45,4.09090909,,,,,,,,,,,,,,,,,,,"Nelson Velazquez","23359",676369
"Josh Rojas","KCR",7,31,28,7,5,1,0,0,3,3,3,0,7,0,0,0,,1,0,0.236505,0.0931007,0.21445,0.434137,0.310806,0.3455,0.291553,0.656306,0.108995,4.55212,0.293467,-0.0429586,0.00252998,3.15899,-0.547657,82.367,-0.0404286,-0.187299,-0.6923867091536522,-0.07526236772537231,0.0319886,999,,,,,,,25,3.571428571,25,3.571428571,,,,,,,,,,,,,,,,,,,"Josh Rojas","19734",668942
"Oswaldo Cabrera","NYY",6,26,23,5,4,1,0,1,3,3,2,0,6,0,0,0,,0,0,0.228766,0.0863005,0.230289,0.374749,0.300149,0.368086,0.293177,0.668235,0.13932,4.1757,0.275972,-0.00769231,-0.0131455,2.64493,-0.418417,87.6309,-0.0208378,-0.020979,-0.3987983539700508,-0.18764567747712135,0.0313455,999,,,,,,,23.3,3.883333333,23.3,3.883333333,,,,,,,,,,,,,,,,,,,"Oswaldo Cabrera","21707",665828
"Otto Kemp","PHI",11,47,42,9,6,2,0,1,6,6,3,0,14,2,0,0,,1,0,0.225854,0.0705419,0.288576,0.244448,0.305681,0.376061,0.300419,0.681742,0.150208,5.00885,0.299647,-0.0148628,-0.0579238,5.07722,-0.482754,89.7714,-0.0727866,-0.262934,-0.643242172896862,-0.6177176237106323,0.0312695,999,,,,,,,40.5,3.681818181,40.5,3.681818181,,,,,,,,,,,,,,,,,,,"Otto Kemp","31792",805249
"Jacob Melton","TBR",15,63,57,12,7,3,0,1,7,6,5,0,19,0,0,0,,4,1,0.2088,0.0818001,0.304802,0.268371,0.277818,0.34353,0.274276,0.621348,0.13473,6.50235,0.283897,0.0137304,0.314399,5.48286,-1.99171,72.6001,0.328129,0.205955,-1.7147661447525024,-0.17058774828910828,0.029989,727.5700073242188,,,,,,,48.1,3.206666666,48.1,3.206666666,,,,,,,,,,,,,,,,,,,"Jacob Melton","31661",689200
"Ryan Bliss","SEA",5,21,19,4,3,1,0,0,2,2,2,0,6,0,0,0,,1,0,0.211407,0.0798209,0.275677,0.289545,0.281993,0.329792,0.271932,0.611785,0.118386,6.13393,0.280432,-0.000816243,-0.00252783,1.75819,-0.692487,78.3993,-0.00334407,0.0850937,-0.531382039655,0.0850936621427536,0.0274159,999,,,,,,,14.2,2.84,14.2,2.84,,,,,,,,,,,,,,,,,,,"Ryan Bliss","29547",669208
"Tyler Locklear","ARI",7,32,28,7,4,1,0,1,3,3,3,0,9,1,0,0,,1,0,0.237203,0.0865999,0.271577,0.318878,0.315551,0.38656,0.308343,0.702111,0.149357,4.47755,0.307868,-0.00530916,-0.00783477,3.61628,-0.121001,95.826,-0.0131439,0.0110607,-0.1696187872439623,-0.6290627429261804,0.0260223,999,,,,,,,37.4,5.342857142,37.4,5.342857142,,,,,,,,,,,,,,,,,,,"Tyler Locklear","31396",682988
"Garrett Stubbs","PHI",4,14,13,3,2,0,0,0,2,1,1,0,3,0,0,0,,0,0,0.222462,0.0819675,0.243531,0.336579,0.296093,0.332011,0.279181,0.628104,0.109549,4.67025,0.282316,-0.0061417,-0.0179053,1.30006,-0.394409,75.2225,-0.024047,-0.0172506,-0.44518387876451015,0.26284196972846985,0.0257272,999,,,,,,,6.8,1.7,6.8,1.7,,,,,,,,,,,,,,,,,,,"Garrett Stubbs","18067",596117
"Jared Young","NYM",2,11,9,2,1,0,0,0,1,1,1,0,3,0,0,0,,0,0,0.239431,0.0971236,0.241057,0.402908,0.323764,0.41345,0.32258,0.737213,0.174019,4.27621,0.288369,-0.00389054,-0.0106654,1.3273,0.0815341,109.864,-0.0145559,-0.023354,0.10870206635445356,-0.21162561886012554,0.0253821,999,,,,,,,5.2,2.6,5.2,2.6,,,,,,,,,,,,,,,,,,,"Jared Young","20404",676724
"Braden Montgomery","CHW",18,79,71,16,10,3,0,2,8,8,7,0,23,1,1,0,,1,0,0.223942,0.0851,0.290217,0.293229,0.296429,0.354579,0.287394,0.651008,0.130637,4.60391,0.302785,0,-0.0506377,7.69575,-1.64746,82.2615,-0.0506377,0,-1.7038290277123451,-0.7719135880470276,0.0253059,999,,,,,,,72,4,72,4,,,,,,,,,,,,,,,,,,,"Braden Montgomery","sa3038253",695731
"Tyler Black","MIL",7,32,28,6,4,1,0,1,4,4,4,0,8,0,0,0,,1,0,0.227785,0.114041,0.25153,0.45339,0.326106,0.361472,0.306262,0.687578,0.133687,6.21515,0.295899,0.000319399,0.0402461,3.62125,-0.177297,96.1394,0.0405655,-0.0286866,-0.10653336346149445,-0.7175754774361849,0.0251869,999,,,,,,,31.8,4.542857142,31.8,4.542857142,,,,,,,,,,,,,,,,,,,"Tyler Black","29949",672012
"Petey Halpin","CLE",18,77,70,15,10,3,0,1,8,7,6,0,22,0,0,0,,2,0,0.215739,0.0747998,0.290439,0.25754,0.277696,0.332624,0.269854,0.61032,0.116885,5.52786,0.293021,0.00393822,0.0236216,6.40814,-2.70532,71.6209,0.0275598,0.305978,-2.552278717979789,0.1407003253698349,0.0250198,999,,,,,,,53.9,2.994444444,53.9,2.994444444,,,,,,,,,,,,,,,,,,,"Petey Halpin","27931",690984
"Cooper Pratt","MIL",4,16,14,3,2,1,0,0,2,1,2,0,3,0,0,0,,0,0,0.215915,0.0974985,0.198401,0.491421,0.298984,0.312011,0.274972,0.610996,0.096096,5.23864,0.261538,-0.00254795,0.0144216,1.40227,-0.497005,74.7046,0.0118737,0,-0.47003234550356865,0.17222222685813904,0.0242821,999,,,,,,,11.7,2.925,11.7,2.925,,,,,,,,,,,,,,,,,,,"Cooper Pratt","sa3022867",806198
"Johnathan Rodríguez","BAL",2,10,9,2,2,0,0,0,1,1,1,0,3,0,0,0,,0,0,0.250095,0.089247,0.280494,0.318177,0.320148,0.417457,0.320629,0.737605,0.167362,3.18037,0.32194,-0.00218612,-0.019364,1.28911,0.0637677,106.857,-0.0215501,-0.0107357,0.06226437725126743,-0.19592091627418995,0.0228637,999,,,,,,,5.2,2.6,5.2,2.6,,,,,,,,,,,,,,,,,,,"Johnathan Rodriguez","22530",671286
"Brett Sullivan","COL",31,124,113,27,17,6,1,2,13,12,9,0,22,1,1,0,,1,0,0.233582,0.0706486,0.17566,0.402189,0.292153,0.359773,0.286,0.651926,0.126191,4.61768,0.270728,-0.0109902,-0.145267,11.9553,-2.73013,67.8512,-0.156257,-0.548784,-4.891937017440796,1.8786847591400146,0.0221985,999,,,,,,,112,3.612903225,112,3.612903225,,,,,,,,,,,,,,,,,,,"Brett Sullivan","18217",664954
"Anthony Santander","TOR",4,16,14,3,2,1,0,1,2,2,2,0,4,0,0,0,,0,0,0.224812,0.0999986,0.230731,0.433399,0.307828,0.418425,0.315074,0.726253,0.193613,2.76898,0.252678,-0.0235641,-0.0204123,1.87904,0.0257101,102.19,-0.0439764,-0.0153354,-0.003487762063741684,-0.3327736696228385,0.0208606,748.4199829101562,,,,,,,21.1,5.275,21.1,5.275,,,,,,,,,,,,,,,,,,,"Anthony Santander","14551",623993
"Jordan Beck","COL",63,272,247,59,38,12,2,7,30,29,22,0,75,1,2,0,,8,3,0.240985,0.0795952,0.275153,0.289276,0.303758,0.397266,0.30544,0.701024,0.156281,5.68285,0.312998,0.0727925,0.0557917,30.4434,-1.68094,81.1684,0.128584,0.00489137,-5.939505219459534,-2.9080715449526906,0.0208529,232.9199981689453,,,,,,,271.2,4.304761904,271.2,4.304761904,,,,,,,,,,,,,,,,,,,"Jordan Beck","31431",687597
"Luis Lara","MIL",2,11,9,2,2,0,0,0,1,1,1,0,2,0,0,0,,0,0,0.231808,0.0994994,0.202156,0.492191,0.316135,0.326265,0.288299,0.642399,0.0944566,5.42022,0.28566,-0.00168136,0.0123394,1.0508,-0.215386,83.834,0.0106581,0,-0.1946622058749199,0.03827160596847534,0.0205005,999,,,,,,,5.2,2.6,5.2,2.6,,,,,,,,,,,,,,,,,,,"Luis Lara","sa3018514",800325
"George Lombard Jr.","NYY",5,21,18,4,3,1,0,0,2,2,2,0,6,0,0,0,,1,0,0.206911,0.1016,0.279307,0.363758,0.295876,0.309088,0.273415,0.604964,0.102177,4.96477,0.283607,-0.00345946,0.00722008,1.78315,-0.667527,74.0171,0.00376062,0,-0.6314014382660389,0.1111111119389534,0.0198446,999,,,,,,,15.2,3.04,15.2,3.04,,,,,,,,,,,,,,,,,,,"George Lombard Jr.","sa3023233",806146
"Brock Wilken","MIL",5,21,18,3,2,1,0,1,2,2,3,0,7,0,0,0,,0,0,0.186206,0.1196,0.325192,0.367784,0.289935,0.330876,0.278904,0.62081,0.144669,3.55478,0.255756,-0.00172522,-0.0206158,1.93811,-0.594253,77.3981,-0.0223411,0,-0.5964618790894747,0.07654321193695068,0.0198082,999,,,,,,,20.1,4.02,20.1,4.02,,,,,,,,,,,,,,,,,,,"Brock Wilken","sa3022499",694385
"Kameron Misner","KCR",5,21,18,4,2,1,0,0,2,2,2,0,7,0,0,0,,1,0,0.20971,0.108199,0.314629,0.343894,0.29957,0.348384,0.288367,0.647954,0.138674,5.38678,0.294622,-0.0151777,0.0181415,2.05189,-0.419207,80.172,0.0029638,-0.0446899,-0.4857780453749001,-0.04468989744782448,0.0194123,999,,,,,,,15.2,3.04,15.2,3.04,,,,,,,,,,,,,,,,,,,"Kameron Misner","26374",670224
"Heston Kjerstad","BAL",5,21,19,4,3,1,0,1,2,2,1,0,5,0,0,0,,0,0,0.23022,0.0696987,0.26289,0.265125,0.295537,0.384402,0.296725,0.679939,0.154182,4.12101,0.287857,-0.00493151,-0.0212348,2.17568,-0.274994,90.3908,-0.0261663,-0.0427397,-0.2610668074339628,-0.26496195048093796,0.0192575,999,,,,,,,18.7,3.74,18.7,3.74,,,,,,,,,,,,,,,,,,,"Heston Kjerstad","31166",677008
"Jim Jarvis","ATL",10,42,38,9,6,2,0,0,5,4,3,0,7,1,0,0,,1,0,0.230145,0.0677381,0.177446,0.381739,0.293041,0.309455,0.268856,0.602495,0.0793104,4.96245,0.275995,-0.00338462,-0.0215106,3.44123,-1.50097,69.2896,-0.0248952,0.0378146,-1.5473297722637653,0.3365800231695175,0.0185976,999,,,,,,,32.1,3.21,32.1,3.21,,,,,,,,,,,,,,,,,,,"Jim Jarvis","33492",805347
"Yohendrick Piñango","TOR",19,84,75,17,12,4,0,2,9,8,7,0,19,1,1,0,,1,0,0.231442,0.0849109,0.22572,0.376178,0.300606,0.357394,0.289774,0.658,0.125953,3.82377,0.28426,-0.000896711,-0.074446,8.30314,-1.58126,84.7617,-0.0753427,-0.0806594,-1.577785700559616,-1.1263383626937866,0.0180774,999,,,,,,,76.5,4.026315789,76.5,4.026315789,,,,,,,,,,,,,,,,,,,"Yohendrick Pinango","26664",682818
"Alex Jackson","MIN",1,5,4,1,1,0,0,0,0,1,0,0,2,0,0,0,,0,0,0.202476,0.0703006,0.315905,0.222537,0.266916,0.365593,0.276034,0.632509,0.163117,3.73303,0.265532,-0.00155128,-0.00329632,0.421141,-0.143682,73.9354,-0.0048476,-0.00465385,-0.1516974586993456,0.08871034765616059,0.0168578,999,,,,,,,1.6,1.6,1.6,1.6,,,,,,,,,,,,,,,,,,,"Alex Jackson","17276",656577
"Jeferson Quero","MIL",1,5,4,1,1,0,0,0,1,1,0,0,1,0,0,0,,0,0,0.222726,0.0774887,0.218517,0.354611,0.289188,0.359377,0.285808,0.648565,0.136652,3.11266,0.261073,0,-0.0032702,0.470455,-0.108372,82.1272,-0.0032702,0.0101638,-0.10704039316624403,0.10584282409399748,0.0167343,999,,,,,,,1.6,1.6,1.6,1.6,,,,,,,,,,,,,,,,,,,"Jeferson Quero","28272",691620
"Kevin Alcántara","CHC",4,16,14,3,2,1,0,0,2,2,1,0,5,0,0,0,,0,0,0.221285,0.0749009,0.322731,0.232084,0.28291,0.370141,0.285867,0.653051,0.148857,3.88645,0.302661,0.000817568,-0.0037904,1.50709,-0.346235,83.2056,-0.00297284,-0.0261622,-0.3151841703802347,-0.04483500495553017,0.0165927,999,,,,,,,8.7,2.175,8.7,2.175,,,,,,,,,,,,,,,,,,,"Kevin Alcantara","25971",682634
"Nicky Lopez","CHC",6,26,23,5,4,1,0,0,3,2,2,0,4,0,0,0,,0,0,0.23239,0.0845309,0.157833,0.535572,0.304716,0.296185,0.271876,0.6009,0.0637948,4.96274,0.276789,0.0204088,-0.0475904,2.21487,-0.87401,73.6215,-0.0271817,-0.000687856,-0.8444844186306,0.1300220307894051,0.0159468,999,,,,,,,13.9,2.316666666,13.9,2.316666666,,,,,,,,,,,,,,,,,,,"Nicky Lopez","19339",670032
"Jhonny Pereda","SEA",1,5,4,1,1,0,0,0,0,0,0,0,1,0,0,0,,0,0,0.237571,0.100895,0.243916,0.413648,0.317683,0.327727,0.290129,0.645411,0.0901561,2.49601,0.311477,-0.00166365,-0.0059299,0.471913,-0.0882417,90.9346,-0.00759355,-0.032921,-0.058246877044439316,0.05967156961560249,0.015633,999,,,,,,,1.6,1.6,1.6,1.6,,,,,,,,,,,,,,,,,,,"Jhonny Pereda","19802",640902
"Chas McCormick","CHC",4,16,14,3,2,1,0,0,2,2,1,0,4,0,0,0,,0,0,0.226728,0.0898997,0.259138,0.346919,0.305735,0.35863,0.294769,0.664365,0.131902,4.5774,0.286796,-0.0319121,0.000394941,1.62045,-0.232877,89.3034,-0.0315171,-0.122064,-0.23036960884928703,-0.14073657616972923,0.0154584,999,,,,,,,8.7,2.175,8.7,2.175,,,,,,,,,,,,,,,,,,,"Chas McCormick","19599",676801
"John Rave","KCR",16,68,60,14,9,3,0,2,7,7,6,0,17,0,0,0,,2,1,0.226314,0.0951005,0.254283,0.373994,0.303196,0.367007,0.295644,0.670203,0.140693,5.45014,0.285863,-0.0210465,0.0489301,7.07023,-0.960848,85.1849,0.0278835,-0.00570157,-1.15895152464509,-1.0327077195979655,0.0152446,999,,,,,,,64.9,4.05625,64.9,4.05625,,,,,,,,,,,,,,,,,,,"John Rave","26284",670231
"Denzer Guzman","LAA",2,10,9,2,1,0,0,0,1,1,1,0,3,0,0,0,,0,0,0.215329,0.077196,0.287525,0.268485,0.280874,0.333212,0.272181,0.614086,0.117882,3.80853,0.288069,0.000816327,-0.007053,0.881185,-0.344154,70.8606,-0.00623667,0.08,-0.3623979678377509,0.1540740728378296,0.0152243,999,,,,,,,5.2,2.6,5.2,2.6,,,,,,,,,,,,,,,,,,,"Denzer Guzman","28816",694203
"Josh Kasevich","TOR",4,16,14,3,3,1,0,0,1,1,1,0,3,0,0,0,,0,0,0.235343,0.0719998,0.159966,0.450095,0.295066,0.314755,0.271936,0.609822,0.0794124,3.63807,0.274689,-0.00238293,-0.0135752,1.32968,-0.523647,72.474,-0.0159582,0,-0.524826979264617,0.13070988655090332,0.0149412,999,,,,,,,8.7,2.175,8.7,2.175,,,,,,,,,,,,,,,,,,,"Josh Kasevich","sa3020203",688460
"Gabriel Rincones Jr.","PHI",7,31,27,6,4,1,0,1,3,3,3,0,9,0,0,0,,1,0,0.213138,0.104401,0.27454,0.380277,0.302771,0.360939,0.292924,0.66371,0.147801,4.81236,0.272965,-0.0054382,0.00969409,3.19391,-0.512739,84.6369,0.00425588,0,-0.5669507454149425,-0.3361110985279083,0.0144598,999,,,,,,,29.8,4.257142857,29.8,4.257142857,,,,,,,,,,,,,,,,,,,"Gabriel Rincones Jr.","sa3020758",687282
"Eduardo Valencia","DET",1,5,4,1,1,0,0,0,0,0,0,0,1,0,0,0,,0,0,0.223862,0.0753943,0.244483,0.308383,0.288791,0.359079,0.284356,0.647871,0.135218,3.55934,0.275092,-0.000876812,-0.00536249,0.453437,-0.111386,80.1749,-0.0062393,0,-0.11793548800051212,0.09336419403553009,0.0143285,999,,,,,,,1.6,1.6,1.6,1.6,,,,,,,,,,,,,,,,,,,"Eduardo Valencia","sa3006622",680664
"A.J. Vukovich","ARI",2,11,10,2,2,0,0,0,1,1,1,0,3,0,0,0,,0,0,0.245145,0.0666978,0.278526,0.239467,0.298477,0.403152,0.303728,0.701629,0.158007,4.09539,0.316603,-0.000767296,-0.0103852,1.16592,-0.0798403,92.6644,-0.0111525,0,-0.1028173603117466,-0.11296296119689941,0.0138354,999,,,,,,,4.2,2.1,4.2,2.1,,,,,,,,,,,,,,,,,,,"A.J. Vukovich","sa3014525",691021
"Paul DeJong","DET",2,10,9,2,1,0,0,0,1,1,1,0,3,0,0,0,,0,0,0.203761,0.0703982,0.30704,0.22928,0.26812,0.360272,0.275423,0.628392,0.15651,3.29102,0.261634,-0.0132283,-0.00908559,0.916061,-0.31949,74.0219,-0.0223139,0.0715884,-0.34248170256614685,0.10893410444259644,0.0129481,999,,,,,,,5.2,2.6,5.2,2.6,,,,,,,,,,,,,,,,,,,"Paul DeJong","18015",657557
"Justyn-Henry Malloy","TBR",6,26,22,5,3,1,0,1,3,2,4,0,8,0,0,0,,0,0,0.215476,0.1333,0.301007,0.442847,0.329997,0.348257,0.305936,0.678254,0.132782,3.66762,0.301044,-0.000534151,-0.0254126,2.96205,-0.152351,94.4094,-0.0259467,-0.00416637,-0.19962416402995586,-0.5878083212301135,0.0123043,999,,,,,,,30.3,5.05,30.3,5.05,,,,,,,,,,,,,,,,,,,"Justyn-Henry Malloy","29606",669234
"Kyren Paris","LAA",2,10,9,2,1,0,0,0,1,1,1,0,3,0,0,0,,0,0,0.201303,0.095997,0.327026,0.293545,0.286464,0.337272,0.277801,0.623736,0.135968,6.14891,0.284203,0,0.023643,0.928511,-0.296828,74.7326,0.023643,0.0110164,-0.2851927150040865,0.04805343132466078,0.0122761,999,,,,,,,5.2,2.6,5.2,2.6,,,,,,,,,,,,,,,,,,,"Kyren Paris","26420",677347
"Logan Porter","SFG",1,5,4,1,1,0,0,0,0,0,1,0,1,0,0,0,,0,0,0.209519,0.108635,0.272784,0.398245,0.303039,0.312163,0.278676,0.615203,0.102644,3.10532,0.281552,-0.00233365,-0.00532236,0.431394,-0.133429,78.8805,-0.00765601,-0.00966209,-0.12731008930131793,0.0837021004408598,0.0122272,999,,,,,,,4.6,4.6,4.6,4.6,,,,,,,,,,,,,,,,,,,"Logan Porter","20626",682515
"Trei Cruz","DET",2,10,9,2,1,0,0,0,1,1,1,0,3,0,0,0,,0,0,0.206641,0.116598,0.270113,0.431664,0.302806,0.310483,0.276952,0.613289,0.103842,4.3483,0.279615,-0.00331507,-0.00811662,0.929035,-0.306515,75.0747,-0.0114317,0,-0.31862481497228146,0.07469135522842407,0.0118854,999,,,,,,,5.2,2.6,5.2,2.6,,,,,,,,,,,,,,,,,,,"Trei Cruz","sa3014420",669360
"Zack Short","DET",6,26,22,4,3,1,0,1,3,3,3,0,8,0,0,0,,0,0,0.188014,0.124388,0.288465,0.431205,0.296379,0.305634,0.274344,0.602013,0.11762,3.44452,0.253037,-0.00865297,-0.0405437,2.26725,-0.821626,73.2786,-0.0491966,-0.119249,-0.8725181482732296,0.08615194261074066,0.0116521,999,,,,,,,21.7,3.616666666,21.7,3.616666666,,,,,,,,,,,,,,,,,,,"Zack Short","19562",670097
"Jacob Gonzalez","CHW",5,21,19,4,3,1,0,0,2,2,2,0,4,0,0,0,,0,0,0.213368,0.0781057,0.192291,0.406185,0.281389,0.321569,0.268658,0.602957,0.1082,4.35894,0.248914,0,-0.00597916,1.73143,-0.76009,69.3549,-0.00597916,0,-0.767596822232008,0.15061728656291962,0.01117,999,,,,,,,12.3,2.46,12.3,2.46,,,,,,,,,,,,,,,,,,,"Jacob Gonzalez","sa3022498",694378
"Maximo Acosta","MIA",4,16,14,3,2,1,0,0,2,1,1,0,4,0,0,0,,1,0,0.223558,0.0723981,0.250116,0.289458,0.285385,0.343469,0.277658,0.628854,0.119911,5.31418,0.283601,0.0024638,0.0173776,1.40255,-0.450776,74.4489,0.0198414,-0.0517398,-0.4551593232899904,0.04162437468767166,0.0111174,999,,,,,,,10.6,2.65,10.6,2.65,,,,,,,,,,,,,,,,,,,"Maximo Acosta","27963",691185
"Christian Encarnacion-Strand","BAL",4,16,14,3,2,1,0,1,2,2,1,0,4,0,0,0,,0,0,0.23652,0.0520023,0.270797,0.192034,0.283815,0.415439,0.301508,0.699253,0.178918,3.92811,0.290294,0.00474725,-0.0161087,1.69217,-0.145837,93.6857,-0.0113614,0.0147692,-0.12712884601205587,-0.30004557501524687,0.0111023,999,,,,,,,18.1,4.525,18.1,4.525,,,,,,,,,,,,,,,,,,,"Christian Encarnacion-Strand","30011",687952
"Anthony Seigler","BOS",1,5,4,1,1,0,0,0,1,0,1,0,1,0,0,0,,0,0,0.218818,0.127196,0.226025,0.562752,0.3233,0.340508,0.298322,0.663808,0.12169,5.48977,0.275491,0,0.00431013,0.559821,-0.0630597,85.8503,0.00431013,-0.00871429,-0.08360454626381397,0.010112875141203403,0.0110546,999,,,,,,,4.6,4.6,4.6,4.6,,,,,,,,,,,,,,,,,,,"Anthony Seigler","23802",678011
"Connor Joe","SEA",4,16,14,3,2,1,0,0,2,1,2,0,4,0,0,0,,0,0,0.213987,0.109338,0.247332,0.442068,0.309665,0.337584,0.290342,0.64725,0.123597,4.33841,0.275744,-0.00679918,-0.0255138,1.55115,-0.286858,91.081,-0.032313,-0.029458,-0.19583449512720108,-0.23316167294979095,0.0109159,999,,,,,,,11.7,2.925,11.7,2.925,,,,,,,,,,,,,,,,,,,"Connor Joe","16572",656582
"Jose Siri","LAA",2,10,9,2,1,0,0,0,1,1,1,0,4,0,0,0,,0,0,0.20525,0.0692964,0.351432,0.197183,0.267825,0.367651,0.27737,0.635476,0.162401,5.5401,0.287842,0.00764331,0.00558019,0.92488,-0.300459,74.4355,0.0132235,0.011465,-0.2992429155856371,0.04850200470536947,0.0108845,999,,,,,,,5.2,2.6,5.2,2.6,,,,,,,,,,,,,,,,,,,"Jose Siri","17452",642350
"Tre' Morgan","TBR",4,16,14,3,2,1,0,0,2,2,2,0,4,0,0,0,,0,0,0.235448,0.102997,0.227039,0.453655,0.321256,0.360446,0.302149,0.681702,0.124998,4.33363,0.29245,0,-0.0113395,1.72861,-0.140031,91.801,-0.0113395,0,-0.16416587587445974,-0.28240740299224854,0.010031,999,,,,,,,11.7,2.925,11.7,2.925,,,,,,,,,,,,,,,,,,,"Tre' Morgan","sa3022919",691003
"Wilmer Flores",,24,105,93,22,14,4,0,4,12,12,9,0,19,1,1,0,,0,0,0.232219,0.0880003,0.184323,0.477424,0.307501,0.388872,0.305367,0.696373,0.156653,2.43793,0.254697,-0.364974,-0.144183,11.7028,-0.652693,94.4796,-0.509158,-0.0134819,-1.1914287209510803,-2.2542226715013385,0.00977175,999,,,,,,,109.4,4.558333333,109.4,4.558333333,,,,,,,,,,,,,,,,,,,"Wilmer Flores","5827",527038
"Dylan Carlson","CHC",1,5,5,1,1,0,0,0,1,1,1,0,1,0,0,0,,0,0,0.226593,0.107502,0.236432,0.454686,0.319766,0.357853,0.302373,0.677619,0.13126,4.28819,0.283166,0.00122361,-0.00636619,0.57243,-0.0453448,94.5127,-0.00514257,0.0162906,-0.03914599493145943,-0.03972790017724037,0.00973927,999,,,,,,,3.6,3.6,3.6,3.6,,,,,,,,,,,,,,,,,,,"Dylan Carlson","20126",666185
"Max Anderson","DET",1,5,5,1,1,0,0,0,1,1,0,0,1,0,0,0,,0,0,0.249178,0.0533047,0.17078,0.312125,0.294354,0.371718,0.289442,0.666073,0.122541,3.25585,0.283339,0,-0.00543387,0.51754,-0.100235,83.679,-0.00543387,0,-0.10600814828649163,0.018672838807106018,0.00948595,999,,,,,,,0.6,0.6,0.6,0.6,,,,,,,,,,,,,,,,,,,"Max Anderson","sa3022567",801194
"Adrian Del Castillo","ARI",30,129,116,26,16,6,0,4,13,16,10,0,38,1,1,0,,0,0,0.2253,0.0806735,0.291719,0.276545,0.29147,0.3794,0.292693,0.67087,0.1541,2.86589,0.296294,-0.0472353,-0.143938,13.0719,-2.12642,85.1054,-0.191173,-0.0265945,-2.461856782436371,-1.7398660741746426,0.00943865,999,,,,,,,117.6,3.92,117.6,3.92,,,,,,,,,,,,,,,,,,,"Adrian Del Castillo","29554",680728
"Jonah Bride","TEX",1,5,4,1,1,0,0,0,1,0,1,0,1,0,0,0,,0,0,0.217869,0.123605,0.250529,0.493374,0.322662,0.338132,0.297366,0.660794,0.120263,2.74371,0.279498,-0.00341808,-0.00797837,0.551174,-0.0666011,90.7933,-0.0113964,-0.0403333,-0.06813081912696362,-0.021660495549440384,0.00923467,999,,,,,,,4.6,4.6,4.6,4.6,,,,,,,,,,,,,,,,,,,"Jonah Bride","24703",681146
"Nick Sogard","BOS",2,11,9,2,2,0,0,0,1,1,1,0,2,0,0,0,,0,0,0.236163,0.113204,0.223114,0.50738,0.327384,0.332065,0.29686,0.659449,0.0959025,4.00859,0.302005,-0.0125935,-0.00526798,1.10713,-0.138633,84.8433,-0.0178615,-0.0291226,-0.20620443113148212,-0.06677689962089062,0.00921798,999,,,,,,,5.2,2.6,5.2,2.6,,,,,,,,,,,,,,,,,,,"Nick Sogard","25483",686765
"Rhylan Thomas","HOU",4,16,14,4,3,1,0,0,2,1,1,0,2,0,0,0,,0,0,0.259613,0.065893,0.10486,0.628388,0.311928,0.344707,0.290541,0.656636,0.0850948,4.28074,0.280252,0,0.00373096,1.55367,-0.284339,85.2623,0.00373096,-0.0218182,-0.26647093263454735,-0.18848485313355923,0.00825994,999,,,,,,,14.3,3.575,14.3,3.575,,,,,,,,,,,,,,,,,,,"Rhylan Thomas","31793",689041
"LaMonte Wade Jr.","CHW",2,11,9,2,1,0,0,0,1,1,1,0,2,0,0,0,,0,0,0.220589,0.139097,0.233312,0.596184,0.33647,0.357735,0.309631,0.694205,0.137146,3.1309,0.270512,-0.0289359,-0.0151459,1.21645,-0.0293124,97.5797,-0.0440818,-0.0203333,-0.07415789365768433,-0.20860494673252106,0.0082172,999,,,,,,,5.2,2.6,5.2,2.6,,,,,,,,,,,,,,,,,,,"LaMonte Wade Jr.","18126",664774
"Christian Franklin","WSN",4,16,14,3,2,1,0,0,2,1,2,0,4,0,0,0,,0,0,0.223796,0.111299,0.259422,0.429028,0.318271,0.328881,0.29189,0.647153,0.105085,4.81736,0.298332,-0.00332265,-0.00207932,1.58379,-0.269536,85.5592,-0.00540197,0,-0.27385890763252974,-0.16805556416511536,0.00821378,999,,,,,,,11.7,2.925,11.7,2.925,,,,,,,,,,,,,,,,,,,"Christian Franklin","sa3017510",681047
"Mark Canha",,13,58,50,12,8,2,0,1,6,5,5,0,12,1,0,0,,1,0,0.234737,0.0949998,0.212454,0.447154,0.322108,0.349003,0.299721,0.671111,0.114266,3.58995,0.28652,-0.10562,-0.0558328,6.17288,-0.622645,90.6007,-0.161453,-0.153289,-0.800366222858429,-1.0682584196329117,0.00808406,999,,,,,,,52.3,4.023076923,52.3,4.023076923,,,,,,,,,,,,,,,,,,,"Mark Canha","11445",592192
"Kahlil Watson","CLE",1,5,5,1,1,0,0,0,1,1,0,0,2,0,0,0,,0,0,0.204991,0.0947944,0.317643,0.298431,0.287964,0.348549,0.282306,0.636514,0.143558,5.43873,0.281755,0,0.00217834,0.479191,-0.128373,80.1981,0.00217834,0,-0.11782956076785922,0.0183641966432333,0.00794041,999,,,,,,,0.6,0.6,0.6,0.6,,,,,,,,,,,,,,,,,,,"Kahlil Watson","sa3017513",696135
"Victor Mesa Jr.","TBR",1,5,5,1,1,0,0,0,1,1,0,0,1,0,0,0,,0,0,0.233713,0.0757931,0.22386,0.338574,0.295719,0.373195,0.293152,0.668914,0.139482,4.66884,0.281645,0.0007625,-0.00208148,0.537694,-0.0851866,85.6029,-0.00131898,-0.035075,-0.09077083319425583,-0.016247836872935295,0.00762434,999,,,,,,,0.6,0.6,0.6,0.6,,,,,,,,,,,,,,,,,,,"Victor Mesa Jr.","25999",683748
"Vimael Machín","COL",1,5,5,1,1,0,0,0,1,1,0,0,1,0,0,0,,0,0,0.258078,0.0909015,0.172697,0.526363,0.328401,0.385821,0.313305,0.714222,0.127743,4.43069,0.297329,-0.00493878,-0.00323639,0.618838,0.00106262,86.5565,-0.00817516,-0.0279864,-0.0914807990193367,-0.009313557296991348,0.00749653,999,,,,,,,0.6,0.6,0.6,0.6,,,,,,,,,,,,,,,,,,,"Vimael Machin","17684",605353
"Hayden Senger","NYM",1,5,4,1,1,0,0,0,0,0,0,0,1,0,0,0,,0,0,0.19786,0.0585015,0.310552,0.188379,0.254031,0.306101,0.248468,0.560131,0.10824,4.06825,0.272382,-0.00257746,-0.0024697,0.31675,-0.252741,59.0948,-0.00504717,0.00429577,-0.23871421488001943,0.09843158069998026,0.0070661,999,,,,,,,1.6,1.6,1.6,1.6,,,,,,,,,,,,,,,,,,,"Hayden Senger","21489",663584
"Trey Sweeney","DET",1,5,5,1,1,0,0,0,1,0,0,0,1,0,0,0,,0,0,0.216645,0.0864076,0.268135,0.322254,0.289339,0.339448,0.278567,0.628787,0.122802,4.92809,0.282198,-0.00296933,-0.000625611,0.471374,-0.146401,76.1874,-0.00359494,-0.0170736,-0.15033473237417638,0.038944900035858154,0.00702487,999,,,,,,,0.6,0.6,0.6,0.6,,,,,,,,,,,,,,,,,,,"Trey Sweeney","29575",700242
"Maverick Handley","BAL",1,5,4,1,1,0,0,0,0,0,0,0,1,0,0,0,,0,0,0.196714,0.0961044,0.278588,0.34497,0.28575,0.289459,0.261784,0.575209,0.0927449,4.4859,0.268568,-0.00253521,-0.00252637,0.362812,-0.197343,66.3215,-0.00506158,-0.0202817,-0.1932407272979617,0.07231089845299721,0.00695041,999,,,,,,,1.6,1.6,1.6,1.6,,,,,,,,,,,,,,,,,,,"Maverick Handley","26106",668974
"James Triantos","CHC",1,5,5,1,1,0,0,0,1,0,0,0,1,0,0,0,,0,0,0.24437,0.0538979,0.156585,0.344209,0.290327,0.342794,0.278738,0.633121,0.0984246,5.49286,0.278527,0,0.00870722,0.4721,-0.145676,78.3217,0.00870722,0,-0.12562704924494028,0.018672838807106018,0.0068663,999,,,,,,,0.6,0.6,0.6,0.6,,,,,,,,,,,,,,,,,,,"James Triantos","sa3017295",701649
"Nick Madrigal","LAA",1,5,5,1,1,0,0,0,0,0,0,0,1,0,0,0,,0,0,0.259253,0.0643962,0.112078,0.574566,0.318654,0.343271,0.294315,0.661925,0.0840179,4.23526,0.287311,-0.00447205,-0.00488298,0.533778,-0.078892,86.1085,-0.00935503,-0.0357764,-0.09425083175301552,-0.01725788041949272,0.00686047,999,,,,,,,0.6,0.6,0.6,0.6,,,,,,,,,,,,,,,,,,,"Nick Madrigal","20521",663611
"Jonatan Clase","TOR",2,10,9,2,1,0,0,0,1,1,1,0,3,0,0,0,,0,0,0.21823,0.0860002,0.270665,0.317737,0.290435,0.342329,0.280557,0.632763,0.124099,5.67577,0.286119,0.0023121,0.0275218,0.959643,-0.275908,78.4126,0.0298339,-0.0208089,-0.2362212911248207,-0.058154597878456116,0.00672456,999,,,,,,,5.2,2.6,5.2,2.6,,,,,,,,,,,,,,,,,,,"Jonatan Clase","26599",682729
"Joshua Báez","STL",1,5,5,1,1,0,0,0,1,1,0,0,2,0,0,0,,0,0,0.225513,0.0760944,0.291385,0.261147,0.293942,0.376991,0.294329,0.670933,0.151478,5.49706,0.295347,0,0.0100215,0.542733,-0.0801479,89.3581,0.0100215,0,-0.05646876245737076,-0.05648148059844971,0.00640001,999,,,,,,,0.6,0.6,0.6,0.6,,,,,,,,,,,,,,,,,,,"Joshua Baez","sa3017022",695491
"Tyler Fitzgerald","LAD",1,5,5,1,1,0,0,0,1,1,0,0,2,0,0,0,,0,0,0.213759,0.0648037,0.317108,0.204359,0.272093,0.363994,0.278131,0.636087,0.150235,5.22623,0.287407,0.00572781,0.0047616,0.469526,-0.14825,76.6233,0.0104894,0.00214793,-0.13436980172991753,0.020820767851546407,0.00619157,999,,,,,,,0.6,0.6,0.6,0.6,,,,,,,,,,,,,,,,,,,"Tyler Fitzgerald","26208",666149
"Gustavo Campero","LAA",1,5,5,1,1,0,0,0,1,1,0,0,1,0,0,0,,0,0,0.234342,0.0782074,0.20941,0.373466,0.309664,0.3721,0.30069,0.681764,0.137758,5.42137,0.277841,0,0.005858,0.560616,-0.052054,90.5,0.005858,-0.0105,-0.0521998256444931,-0.06605555582791567,0.0061702,999,,,,,,,0.6,0.6,0.6,0.6,,,,,,,,,,,,,,,,,,,"Gustavo Campero","22707",672569
"Grant McCray","SFG",4,16,14,3,2,1,0,0,2,1,1,0,5,0,0,0,,0,0,0.21241,0.0849991,0.302783,0.280726,0.283695,0.338787,0.274814,0.622482,0.126378,5.69033,0.293347,-0.000807564,0.0132781,1.36632,-0.487001,76.2346,0.0124706,0.0589522,-0.4293320095166564,-0.03441203013062477,0.00598034,999,,,,,,,8.7,2.175,8.7,2.175,,,,,,,,,,,,,,,,,,,"Grant McCray","25690",687529
"Austin Wynns","ATH",1,5,4,1,1,0,0,0,0,0,0,0,1,0,0,0,,0,0,0.21376,0.0699261,0.265188,0.263685,0.273619,0.326522,0.265904,0.60014,0.112761,2.52675,0.276214,-0.00277733,-0.00567926,0.384982,-0.184509,64.896,-0.00845658,0.0206809,-0.2078697020187974,0.11481674574315548,0.0058255,999,,,,,,,1.6,1.6,1.6,1.6,,,,,,,,,,,,,,,,,,,"Austin Wynns","15271",642851
"Nelson Rada","LAA",10,41,36,8,7,1,0,0,4,3,4,0,10,1,0,0,,2,1,0.231679,0.0970006,0.237654,0.408159,0.314865,0.300881,0.279037,0.615746,0.0692024,5.43155,0.30694,-0.00992481,0.0521532,3.75567,-1.14568,75.5841,0.0422284,0,-1.1514846943318844,-0.222222238779068,0.00560622,999,,,,,,,27.7,2.77,27.7,2.77,,,,,,,,,,,,,,,,,,,"Nelson Rada","sa3018421",703185
"RJ Schreck","TOR",1,5,4,1,1,0,0,0,1,1,1,0,1,0,0,0,,0,0,0.208411,0.120994,0.242446,0.499058,0.31579,0.350882,0.296593,0.666672,0.142471,4.25391,0.256889,-0.000801325,-0.00393343,0.547893,-0.0698818,89.4592,-0.00473476,0,-0.06969033647328615,-0.05601852014660835,0.00555986,999,,,,,,,4.6,4.6,4.6,4.6,,,,,,,,,,,,,,,,,,,"RJ Schreck","sa3022602",702302
"Chadwick Tromp","ATL",1,5,4,1,1,0,0,0,0,0,0,0,1,0,0,0,,0,0,0.202812,0.0766928,0.265633,0.288717,0.26754,0.314824,0.258945,0.582364,0.112012,3.47146,0.260299,-0.00163514,-0.00386955,0.354815,-0.210008,62.4996,-0.00550469,-0.00490541,-0.2179661295376718,0.0884587885811925,0.00519881,999,,,,,,,1.6,1.6,1.6,1.6,,,,,,,,,,,,,,,,,,,"Chadwick Tromp","16953",644433
"Seby Zavala","LAD",1,5,4,1,0,0,0,0,0,0,0,0,2,0,0,0,,0,0,0.178124,0.0857041,0.370938,0.231047,0.257461,0.310051,0.253542,0.567512,0.131926,4.09193,0.264417,-0.00875658,-0.00364504,0.333846,-0.230977,59.7787,-0.0124016,-0.0254737,-0.24027870316058397,0.06789050810039043,0.00516078,999,,,,,,,1.6,1.6,1.6,1.6,,,,,,,,,,,,,,,,,,,"Seby Zavala","18887",664874
"Will Wilson","SEA",4,16,14,3,2,1,0,0,2,1,1,0,4,0,0,0,,0,0,0.198797,0.0733513,0.280505,0.261498,0.263774,0.310419,0.255677,0.574193,0.111623,3.78896,0.260936,-0.00294097,-0.01551,1.11334,-0.724666,67.2015,-0.0184509,0.0395714,-0.6197802145034075,0.13216403499245644,0.00491837,999,,,,,,,8.7,2.175,8.7,2.175,,,,,,,,,,,,,,,,,,,"Will Wilson","25434",669717
"Alika Williams","PIT",1,5,5,1,1,0,0,0,1,0,0,0,1,0,0,0,,0,0,0.240243,0.0673064,0.194343,0.346327,0.297504,0.340355,0.28224,0.63786,0.100112,4.34795,0.289794,-0.00364458,-0.00476894,0.486968,-0.130807,77.0454,-0.00841352,-0.034259,-0.15065723564475775,0.021759483963251114,0.0046212,999,,,,,,,0.6,0.6,0.6,0.6,,,,,,,,,,,,,,,,,,,"Alika Williams","27604",675961
"Willie MacIver","TOR",1,5,4,1,1,0,0,0,0,0,0,0,1,0,0,0,,0,0,0.214689,0.078004,0.276368,0.282247,0.286466,0.33757,0.27712,0.624036,0.122881,4.53334,0.28198,-0.000828767,-0.00227023,0.425355,-0.139468,76.045,-0.003099,-0.0157466,-0.13806328759528697,0.07761761918663979,0.00450213,999,,,,,,,1.6,1.6,1.6,1.6,,,,,,,,,,,,,,,,,,,"Willie MacIver","24641",680862
"Tyler Callihan","PIT",6,26,24,5,4,1,0,0,3,2,2,0,7,0,0,0,,1,0,0.227282,0.0742992,0.260185,0.285563,0.288706,0.337911,0.27726,0.626617,0.110629,5.17862,0.297509,-0.00624631,0.0160084,2.32913,-0.759747,73.6335,0.00976205,-0.0401549,-0.807166988030076,-0.02148202806711197,0.0042641,999,,,,,,,14.8,2.466666666,14.8,2.466666666,,,,,,,,,,,,,,,,,,,"Tyler Callihan","27497",682997
"Stuart Fairchild","CLE",1,5,5,1,1,0,0,0,1,1,0,0,1,0,0,0,,0,0,0.221572,0.0867041,0.272587,0.318078,0.301017,0.357763,0.291881,0.65878,0.136191,5.35407,0.289684,-0.00367284,0.00168547,0.519168,-0.0883965,86.7944,-0.00198737,0,-0.08201867691241205,-0.05509259179234505,0.00408876,999,,,,,,,0.6,0.6,0.6,0.6,,,,,,,,,,,,,,,,,,,"Stuart Fairchild","20321",656413
"Michael Helman","TEX",5,21,19,4,3,1,0,0,2,2,1,0,5,0,0,0,,0,0,0.210342,0.0658019,0.247838,0.265504,0.269761,0.340121,0.268137,0.609882,0.129779,5.05044,0.259744,-0.00770973,0.0186304,1.70841,-0.762695,70.659,0.0109206,-0.0813805,-0.7123075164854527,0.03065650910139084,0.00394436,999,,,,,,,9.3,1.86,9.3,1.86,,,,,,,,,,,,,,,,,,,"Michael Helman","24605",680737
"Junior Perez","ATH",1,5,5,1,1,0,0,0,1,1,0,0,2,0,0,0,,0,0,0.203886,0.0909012,0.318085,0.285776,0.279869,0.351512,0.278048,0.631382,0.147627,5.59416,0.280134,-0.00040264,0.00405813,0.473049,-0.149832,73.2613,0.00365549,0,-0.16247771633788943,0.018827160820364952,0.00387644,999,,,,,,,0.6,0.6,0.6,0.6,,,,,,,,,,,,,,,,,,,"Junior Perez","sa3005744",678577
"P.J. Higgins","CIN",1,5,4,1,1,0,0,0,0,0,0,0,1,0,0,0,,0,0,0.226136,0.0693841,0.251493,0.275889,0.284686,0.327789,0.271609,0.612476,0.101653,2.46945,0.292368,-0.00287698,-0.00843135,0.403965,-0.160858,66.7657,-0.0113083,-0.0178704,-0.19960023649036884,0.07549374736845493,0.00382361,999,,,,,,,1.6,1.6,1.6,1.6,,,,,,,,,,,,,,,,,,,"P.J. Higgins","18433",664731
"Oliver Dunn","CHW",4,16,14,3,2,1,0,0,2,1,1,0,5,0,0,0,,0,0,0.203693,0.0911002,0.32125,0.28358,0.283859,0.326145,0.2715,0.610004,0.122451,5.3326,0.289085,-0.00164865,0.00917323,1.33507,-0.533577,71.3126,0.00752458,-0.0395676,-0.5271977465599775,0.016913913190364838,0.00351265,999,,,,,,,8.7,2.175,8.7,2.175,,,,,,,,,,,,,,,,,,,"Oliver Dunn","26295",686554
"Tomás Nido","DET",1,5,4,1,1,0,0,0,0,0,0,0,1,0,0,0,,0,0,0.220399,0.0493036,0.239065,0.206235,0.263663,0.317101,0.25603,0.580763,0.0967016,3.24046,0.276357,-0.0124315,-0.00430324,0.343501,-0.221322,60.6623,-0.0167347,-0.0182329,-0.23836655728518963,0.07513131760060787,0.00342296,999,,,,,,,1.6,1.6,1.6,1.6,,,,,,,,,,,,,,,,,,,"Tomas Nido","13755",621512
"Akil Baddoo","MIL",1,5,5,1,1,0,0,0,1,1,1,0,2,0,0,0,,0,0,0.211806,0.109599,0.296577,0.369545,0.30098,0.357219,0.291087,0.658199,0.145413,5.69962,0.285036,0.00708571,0.00399404,0.537528,-0.0955637,85.744,0.0110798,-0.00921143,-0.07945082429796457,-0.06661883741617203,0.00330584,999,,,,,,,3.6,3.6,3.6,3.6,,,,,,,,,,,,,,,,,,,"Akil Baddoo","22168",668731
"Rece Hinds","CIN",4,16,14,3,2,1,0,1,2,2,1,0,5,0,0,0,,0,0,0.228971,0.062586,0.344937,0.181442,0.283468,0.426031,0.30427,0.709499,0.19706,5.58964,0.313415,0.00102718,0.00341307,1.74145,-0.111875,89.1399,0.00444025,-0.0504829,-0.19745120592415333,-0.2932298555970192,0.00322434,999,,,,,,,18.1,4.525,18.1,4.525,,,,,,,,,,,,,,,,,,,"Rece Hinds","27493",677956
"Jose Herrera","TEX",1,5,4,1,1,0,0,0,0,0,1,0,1,0,0,0,,0,0,0.207445,0.105697,0.241436,0.437785,0.295662,0.298207,0.269543,0.593869,0.0907618,3.25984,0.267471,-0.00765823,-0.00495816,0.395949,-0.168874,71.6274,-0.0126164,-0.0245063,-0.1724695609882474,0.06885786354541779,0.00303704,999,,,,,,,4.6,4.6,4.6,4.6,,,,,,,,,,,,,,,,,,,"Jose Herrera","17040",645444
"Zac Veen","COL",17,73,66,16,11,3,0,2,8,8,6,0,17,1,1,0,,2,1,0.24614,0.0791,0.232623,0.340035,0.310308,0.386783,0.304943,0.697091,0.140643,5.46579,0.303595,-0.00801156,0.0449414,8.16676,-0.482097,80.828,0.0369298,0,-1.626322876662016,-0.7842592597007751,0.00269402,743.6599731445312,,,,,,,73.1,4.3,73.1,4.3,,,,,,,,,,,,,,,,,,,"Zac Veen","27770",691728
"Kristian Robinson","ARI",1,5,5,1,1,0,0,0,1,1,1,0,2,0,0,0,,0,0,0.218293,0.102504,0.32067,0.319655,0.305015,0.351634,0.291543,0.656649,0.133341,6.13879,0.313044,-0.000757764,0.00198667,0.530809,-0.0920718,84.3174,0.0012289,0,-0.09675523906480521,-0.05648148059844971,0.0022782,999,,,,,,,3.6,3.6,3.6,3.6,,,,,,,,,,,,,,,,,,,"Kristian Robinson","sa3006884",677565
"Héctor Rodríguez","CIN",1,5,5,1,1,0,0,0,1,1,0,0,1,0,0,0,,0,0,0.245655,0.061801,0.186226,0.33186,0.295992,0.392303,0.298211,0.688294,0.146648,4.50533,0.277462,0,-0.00290785,0.554764,-0.0630107,84.9895,-0.00290785,0,-0.09592402214184403,-0.05601852014660835,0.00226343,999,,,,,,,0.6,0.6,0.6,0.6,,,,,,,,,,,,,,,,,,,"Hector Rodriguez","sa3015828",699302
"Dairon Blanco","TEX",1,5,5,1,1,0,0,0,1,1,0,0,1,0,0,0,,0,0,0.231793,0.064802,0.254325,0.2548,0.292438,0.346889,0.28264,0.639327,0.115096,6.37213,0.297407,-0.00224074,0.0282526,0.488664,-0.129111,80.6493,0.0260119,-0.00970988,-0.0932321548461914,-0.06572839710861444,0.00215779,999,,,,,,,0.6,0.6,0.6,0.6,,,,,,,,,,,,,,,,,,,"Dairon Blanco","19779",680118
"Chris Taylor","LAA",1,5,5,1,1,0,0,0,0,0,0,0,2,0,0,0,,0,0,0.208965,0.0921043,0.322556,0.285545,0.291671,0.323604,0.275423,0.615275,0.114639,4.22961,0.301274,-0.00692308,0.000756112,0.454241,-0.158428,73.094,-0.00616697,-0.00692308,-0.1705990587361157,0.011595441959798336,0.00200114,999,,,,,,,0.6,0.6,0.6,0.6,,,,,,,,,,,,,,,,,,,"Chris Taylor","13757",621035
"Nick Morabito","NYM",1,5,5,1,1,0,0,0,1,0,0,0,1,0,0,0,,0,0,0.231219,0.0821049,0.259933,0.315869,0.302191,0.329529,0.282218,0.63172,0.0983102,5.26049,0.306164,0,0.0102218,0.490899,-0.131982,82.2149,0.0102218,0,-0.10089839715510607,-0.05648148059844971,0.0018543,999,,,,,,,0.6,0.6,0.6,0.6,,,,,,,,,,,,,,,,,,,"Nick Morabito","sa3020418",703492
"Omar Martinez","LAA",2,9,8,2,1,0,0,0,1,1,1,0,3,0,0,0,,0,0,0.192965,0.0904477,0.342085,0.264401,0.271261,0.317493,0.262386,0.588754,0.124528,2.99282,0.27499,0,-0.0141373,0.730253,-0.390058,64.1132,-0.0141373,-0.0835304,-0.41517336666584015,0.1016547903418541,0.00132967,999,,,,,,,6.2,3.1,6.2,3.1,,,,,,,,,,,,,,,,,,,"Omar Martinez","25369",683079
"Mason McCoy","SDP",4,16,14,3,2,1,0,0,1,1,1,0,5,0,0,0,,0,0,0.20363,0.0763011,0.299386,0.254859,0.269555,0.312192,0.258634,0.581747,0.108562,5.03191,0.280151,-0.00239738,0.0156053,1.16986,-0.69878,66.4961,0.013208,-0.0711223,-0.6147840665653348,0.09832216799259186,0.00102819,999,,,,,,,8.7,2.175,8.7,2.175,,,,,,,,,,,,,,,,,,,"Mason McCoy","22232",669200
"Christian Cairo","PHI",4,16,14,3,2,1,0,0,1,1,2,0,4,0,0,0,,1,0,0.207006,0.103397,0.260178,0.397409,0.298185,0.284214,0.266474,0.582399,0.077208,5.13782,0.281774,-0.00248064,0.0158017,1.26011,-0.593211,66.5176,0.0133211,0,-0.6091237310320139,0.09336419403553009,0.0006585,999,,,,,,,13.6,3.4,13.6,3.4,,,,,,,,,,,,,,,,,,,"Christian Cairo","sa3010028",686551
"Patrick Wisdom","SEA",1,5,5,1,0,0,0,0,1,1,0,0,2,0,0,0,,0,0,0.188626,0.0876306,0.370528,0.236502,0.266498,0.398008,0.287427,0.664506,0.209382,3.90751,0.249031,-0.00333738,-0.00334846,0.50478,-0.10789,89.0732,-0.00668584,-0.00822141,-0.07346315821632743,-0.10081400442868471,0.000438468,999,,,,,,,0.6,0.6,0.6,0.6,,,,,,,,,,,,,,,,,,,"Patrick Wisdom","13602",621550
"Dominic Fletcher","PIT",1,5,5,1,1,0,0,0,1,1,0,0,1,0,0,0,,0,0,0.234791,0.0632983,0.215093,0.294284,0.290949,0.35822,0.28481,0.64917,0.123429,4.19443,0.284908,-0.00284706,-0.00495611,0.497878,-0.119898,78.8059,-0.00780317,-0.0519588,-0.1391372038051486,-0.03328598290681839,0.000168003,999,,,,,,,0.6,0.6,0.6,0.6,,,,,,,,,,,,,,,,,,,"Dominic Fletcher","26149",666150
"Justin Turner",,21,89,78,19,13,4,0,2,9,9,8,0,18,1,1,0,,1,0,0.242278,0.0940003,0.199212,0.471862,0.323392,0.364764,0.305514,0.688156,0.122486,2.8804,0.287808,-0.380782,-0.117071,9.95798,-0.544199,94.5804,-0.497854,0.0179534,-1.0671943128108978,-1.942694690078497,0.00000993882,999,,,,,,,87.7,4.176190476,87.7,4.176190476,,,,,,,,,,,,,,,,,,,"Justin Turner","5235",457759
"Matt Koperniak","STL",1,5,5,1,1,0,0,0,1,1,0,0,1,0,0,0,,0,0,0.233843,0.0712048,0.211653,0.336422,0.292316,0.348952,0.282508,0.641268,0.115109,3.85784,0.280036,-0.00236129,-0.00486047,0.492138,-0.130742,81.2603,-0.00722176,0,-0.12430662522092462,-0.05648148059844971,-0.00054065,999,,,,,,,0.6,0.6,0.6,0.6,,,,,,,,,,,,,,,,,,,"Matt Koperniak","sa3014834",689288
"Jared Serna","MIA",2,10,9,2,2,0,0,0,1,1,1,0,2,0,0,0,,0,0,0.221855,0.0744027,0.178281,0.417335,0.286196,0.316968,0.268671,0.603163,0.0951126,4.43143,0.260405,-0.000825939,-0.000777944,0.858734,-0.376817,68.2924,-0.00160388,0,-0.39457018265966326,0.037345677614212036,-0.000930433,999,,,,,,,5.2,2.6,5.2,2.6,,,,,,,,,,,,,,,,,,,"Jared Serna","sa3015579",691858
"Korey Lee","CHW",1,5,4,1,1,0,0,0,0,0,0,0,1,0,0,0,,0,0,0.207144,0.0580042,0.287781,0.201557,0.258176,0.342003,0.262841,0.600178,0.134859,4.19967,0.265506,0.00227329,-0.000354741,0.372993,-0.196498,65.3476,0.00191855,-0.0151553,-0.19492903724312782,0.0789805268868804,-0.00180464,999,,,,,,,1.6,1.6,1.6,1.6,,,,,,,,,,,,,,,,,,,"Korey Lee","25543",686676
"Riley Adams","WSN",1,5,4,1,1,0,0,0,0,0,0,0,2,0,0,0,,0,0,0.207996,0.0738974,0.329543,0.224242,0.277915,0.350099,0.276674,0.628014,0.142103,3.22086,0.289885,-0.0015817,-0.00525698,0.423625,-0.141198,75.1359,-0.00683868,-0.0229346,-0.14770822692662477,0.07042955420911312,-0.00217518,999,,,,,,,1.6,1.6,1.6,1.6,,,,,,,,,,,,,,,,,,,"Riley Adams","19864",656180
"Jase Bowen","SDP",1,5,5,1,1,0,0,0,1,1,0,0,2,0,0,0,,0,0,0.21255,0.0652999,0.300812,0.217079,0.269767,0.349918,0.270844,0.619685,0.137367,5.39488,0.282728,-0.00077707,0.0017953,0.442216,-0.180665,74.8606,0.00101823,0,-0.15605102467816323,-0.05648148059844971,-0.0037885,999,,,,,,,0.6,0.6,0.6,0.6,,,,,,,,,,,,,,,,,,,"Jase Bowen","sa3011267",687749
"Victor Bericoto","SFG",1,5,5,1,1,0,0,0,1,1,0,0,1,0,0,0,,0,0,0.234332,0.0622977,0.241572,0.257884,0.28515,0.360361,0.282638,0.645511,0.126029,3.58472,0.290758,-0.000770701,-0.00580094,0.488656,-0.129119,81.5947,-0.00657164,0,-0.12062422093003988,-0.09336419403553009,-0.00408464,999,,,,,,,0.6,0.6,0.6,0.6,,,,,,,,,,,,,,,,,,,"Victor Bericoto","sa3008767",682674
"Kemp Alderman","MIA",6,26,24,6,4,1,0,1,3,3,2,0,7,0,0,0,,0,0,0.231602,0.0603011,0.282039,0.213804,0.283398,0.371734,0.285095,0.655132,0.140133,5.0383,0.301472,0,-0.00325575,2.49543,-0.593441,79.5436,-0.00325575,0,-0.6370709147304296,-0.28009259700775146,-0.00479204,999,,,,,,,27.9,4.65,27.9,4.65,,,,,,,,,,,,,,,,,,,"Kemp Alderman","sa3022562",694580
"Kyle Farmer","ATL",7,31,29,6,5,1,0,1,3,3,2,0,7,1,0,0,,0,0,0.22608,0.0594461,0.232799,0.255354,0.284424,0.342623,0.27677,0.627047,0.116543,3.24768,0.278206,-0.0123272,-0.0721333,2.78248,-0.924173,74.7106,-0.0844605,-0.0705823,-1.0247313752770424,-0.07058225944638252,-0.00520998,999,,,,,,,25.9,3.7,25.9,3.7,,,,,,,,,,,,,,,,,,,"Kyle Farmer","14813",571657
"Steward Berroa","PHI",1,5,5,1,1,0,0,0,1,0,1,0,2,0,0,0,,0,0,0.205218,0.0994002,0.291157,0.341398,0.289494,0.305086,0.268321,0.594579,0.0998677,6.0518,0.284784,-0.000742331,0.0157873,0.42788,-0.189896,67.783,0.0150449,-0.0608712,-0.18459518160670996,-0.04219833016395569,-0.00539476,999,,,,,,,3.6,3.6,3.6,3.6,,,,,,,,,,,,,,,,,,,"Steward Berroa","22766",672642
"Michael Siani","LAD",1,5,5,1,1,0,0,0,1,0,0,0,2,0,0,0,,0,0,0.194813,0.0906966,0.289276,0.31353,0.273218,0.283213,0.252062,0.556431,0.0883994,5.66053,0.269139,-0.00422093,0.00870551,0.358863,-0.258912,58.7651,0.00448458,0.00281395,-0.25103704491630197,0.021486792480573058,-0.00567681,999,,,,,,,0.6,0.6,0.6,0.6,,,,,,,,,,,,,,,,,,,"Michael Siani","22557",672279
"Matthew Lugo","LAA",6,26,24,5,3,1,0,1,3,3,2,0,8,0,0,0,,0,0,0.221153,0.0613993,0.305934,0.200694,0.276149,0.359461,0.278107,0.63561,0.138308,4.92562,0.300424,-0.00356083,-0.00634677,2.32772,-0.735629,74.9434,-0.0099076,0.101484,-0.7755557876080275,-0.17629411071538925,-0.00604014,999,,,,,,,22.3,3.716666666,22.3,3.716666666,,,,,,,,,,,,,,,,,,,"Matthew Lugo","25980",683090
"Justin Dean","CHC",2,10,9,2,1,0,0,0,1,1,1,0,3,0,0,0,,0,0,0.202113,0.0949018,0.318093,0.298346,0.284593,0.286933,0.259477,0.571526,0.0848199,6.00669,0.297729,-0.00505923,0.0166338,0.780675,-0.454875,65.1274,0.0115745,-0.024453,-0.42061787471175194,0.012892715632915497,-0.00609728,999,,,,,,,5.2,2.6,5.2,2.6,,,,,,,,,,,,,,,,,,,"Justin Dean","25005",681909
"Trey Mancini","LAA",1,5,5,1,1,0,0,0,1,1,0,0,1,0,0,0,,0,0,0.222167,0.0752924,0.288868,0.260647,0.288732,0.355654,0.283008,0.644386,0.133487,3.18515,0.293355,-0.00839161,-0.00529787,0.486174,-0.126496,78.3191,-0.0136895,-0.0167832,-0.14618887286633253,-0.10937580652534962,-0.00787826,999,,,,,,,0.6,0.6,0.6,0.6,,,,,,,,,,,,,,,,,,,"Trey Mancini","15149",641820
"Manuel Margot",,4,16,14,3,3,1,0,0,2,1,1,0,3,0,0,0,,0,0,0.237742,0.0659987,0.19063,0.346213,0.295044,0.331551,0.278104,0.626595,0.0938089,4.00615,0.285777,0.00478681,-0.0157383,1.40823,-0.445101,75.7512,-0.0109515,-0.209024,-0.4604887217283249,-0.15300564095377922,-0.0084224,999,,,,,,,8.7,2.175,8.7,2.175,,,,,,,,,,,,,,,,,,,"Manuel Margot","14712",622534
"Ethan Murray","MIL",1,5,5,1,1,0,0,0,0,0,0,0,2,0,0,0,,0,0,0.189807,0.0834015,0.315118,0.264667,0.264411,0.284728,0.247895,0.549138,0.0949211,4.21326,0.269815,-0.00161039,-0.00218193,0.349633,-0.283459,56.1559,-0.00379232,0,-0.2822183668613434,0.01913580298423767,-0.00866604,999,,,,,,,0.6,0.6,0.6,0.6,,,,,,,,,,,,,,,,,,,"Ethan Murray","sa3017051",696140
"Garrett Hampson","CIN",1,5,5,1,1,0,0,0,0,0,0,0,1,0,0,0,,0,0,0.212781,0.0832005,0.274808,0.302759,0.283329,0.289826,0.258758,0.573156,0.0770452,4.49792,0.293646,0.00469903,0.00183765,0.387286,-0.23049,57.9625,0.00653668,-0.0375922,-0.2539583230391145,-0.01891939714550972,-0.0101098,999,,,,,,,0.6,0.6,0.6,0.6,,,,,,,,,,,,,,,,,,,"Garrett Hampson","19262",641658
"Jeimer Candelario","LAA",1,5,5,1,1,0,0,0,1,1,0,0,2,0,0,0,,0,0,0.203969,0.0754748,0.292399,0.258123,0.275194,0.355902,0.277533,0.631096,0.151933,3.38332,0.265797,-0.00138084,-0.00821432,0.463127,-0.149542,74.548,-0.00959516,0,-0.16514129284769297,-0.12962962687015533,-0.0118896,999,,,,,,,0.6,0.6,0.6,0.6,,,,,,,,,,,,,,,,,,,"Jeimer Candelario","13621",600869
"Blaine Crim","COL",18,78,70,17,11,4,0,2,9,9,6,0,18,1,1,0,,0,0,0.247887,0.0819995,0.229276,0.357645,0.31551,0.409562,0.315151,0.725071,0.161675,3.40815,0.296582,-0.0473963,-0.089883,9.40008,0.133448,87.8207,-0.137279,0.037917,-1.2693548649549484,-1.474582999944687,-0.0136034,999,,,,,,,76.6,4.255555555,76.6,4.255555555,,,,,,,,,,,,,,,,,,,"Blaine Crim","25714",688760
"Andrew Pintar","MIA",2,10,9,2,1,0,0,0,1,1,1,0,3,0,0,0,,0,0,0.212671,0.0753986,0.287272,0.262464,0.277858,0.303799,0.260212,0.581657,0.0911275,5.23616,0.295507,-0.00165753,0.00820022,0.786913,-0.448637,62.4974,0.00654269,0,-0.4582442562095821,-0.037345681339502335,-0.0150869,999,,,,,,,5.2,2.6,5.2,2.6,,,,,,,,,,,,,,,,,,,"Andrew Pintar","sa3020715",801464
"Yohandy Morales","WSN",18,78,71,17,11,3,0,2,8,8,6,0,23,1,1,0,,1,0,0.232554,0.0757992,0.288998,0.262283,0.295449,0.361058,0.288551,0.656507,0.128504,3.88865,0.313026,-0.0058624,-0.0744699,7.70635,-1.56028,83.272,-0.0803323,0,-1.6352189779281616,-1.1390432119369507,-0.0167059,999,,,,,,,74.6,4.144444444,74.6,4.144444444,,,,,,,,,,,,,,,,,,,"Yohandy Morales","sa3022672",691002
"Bryan De La Cruz","PHI",4,16,14,3,2,1,0,0,2,2,1,0,4,0,0,0,,0,0,0.228036,0.0663006,0.277275,0.239115,0.282454,0.370666,0.28545,0.65312,0.14263,3.23424,0.290109,-0.0177577,-0.014677,1.50178,-0.351545,79.5172,-0.0324347,-0.110263,-0.41321348771452904,-0.2783183604478836,-0.0173252,999,,,,,,,8.7,2.175,8.7,2.175,,,,,,,,,,,,,,,,,,,"Bryan De La Cruz","19600",650559
"Tim Elko","CHW",10,42,39,9,6,1,0,2,4,5,2,0,14,0,0,0,,0,0,0.228651,0.0560004,0.327866,0.170803,0.276591,0.387208,0.28809,0.663799,0.158557,3.07452,0.308547,-0.0107746,-0.0402215,4.12822,-0.854822,82.7408,-0.0509961,0.0314259,-0.9088728502392769,-0.7216605059802532,-0.0182344,999,,,,,,,39.1,3.91,39.1,3.91,,,,,,,,,,,,,,,,,,,"Tim Elko","31522",671284
"Nate Eaton","BOS",12,53,48,11,7,2,0,1,5,5,3,0,13,1,0,0,,2,0,0.231068,0.0651007,0.255392,0.254906,0.287436,0.355283,0.282044,0.642719,0.124215,5.52281,0.295937,-0.00093415,0.080725,4.90153,-1.32728,74.6374,0.0797908,-0.15974,-1.4960378557443619,-0.49862855672836304,-0.0183424,999,,,,,,,44.6,3.716666666,44.6,3.716666666,,,,,,,,,,,,,,,,,,,"Nate Eaton","25055",681987
"Brandon Drury","KCR",6,26,24,5,3,1,0,1,3,3,2,0,7,0,0,0,,0,0,0.220327,0.0721016,0.250597,0.287719,0.285291,0.352946,0.281323,0.638238,0.132619,3.14311,0.275357,-0.0241311,-0.0328669,2.41536,-0.673511,75.3198,-0.0569979,-0.0573974,-0.8174271434545517,-0.26279866322875023,-0.0184134,999,,,,,,,22.3,3.716666666,22.3,3.716666666,,,,,,,,,,,,,,,,,,,"Brandon Drury","11615",592273
"Jarred Kelenic","CHW",22,95,85,19,12,4,0,3,10,10,8,0,28,0,1,0,,2,1,0.222953,0.0880362,0.291587,0.301921,0.292804,0.368981,0.289367,0.661785,0.146028,4.48934,0.294473,0.0274571,-0.113133,9.38694,-1.82492,83.621,-0.0856759,-0.544897,-1.9174658432602882,-1.6368722915649414,-0.0293268,999,,,,,,,86.2,3.918181818,86.2,3.918181818,,,,,,,,,,,,,,,,,,,"Jarred Kelenic","22558",672284
"Billy Cook","PIT",16,68,62,14,9,3,0,2,7,7,5,0,19,1,0,0,,2,1,0.223764,0.0699823,0.285914,0.244767,0.286228,0.354989,0.281449,0.641217,0.131225,5.68546,0.29755,-0.0199147,0.0750984,6.28692,-1.74416,76.5033,0.0551837,-0.283057,-1.837648682296276,-0.7125325500965118,-0.0293978,999,,,,,,,62.9,3.93125,62.9,3.93125,,,,,,,,,,,,,,,,,,,"Billy Cook","29573",695257
"Charlie Condon","COL",25,110,97,23,15,4,1,3,12,12,10,0,29,2,1,0,,1,0,0.241333,0.0939002,0.261151,0.359563,0.323307,0.391386,0.314755,0.714693,0.150053,4.20407,0.308696,0,-0.115319,13.1248,0.151522,87.5494,-0.115319,0,-1.7355302348732948,-2.259413480758667,-0.0347426,999,,,,,,,115.2,4.608,115.2,4.608,,,,,,,,,,,,,,,,,,,"Charlie Condon","sa3025257",809707
"Jacob Berry","MIA",15,63,56,13,9,3,0,1,6,6,5,0,13,1,0,0,,2,1,0.224714,0.0784007,0.210718,0.372065,0.291906,0.334095,0.277722,0.626001,0.10938,4.82283,0.273665,-0.0103863,0.0520416,5.61347,-1.79983,74.4929,0.0416554,0,-1.855070747435093,-0.5975308418273926,-0.0372232,999,,,,,,,53.9,3.593333333,53.9,3.593333333,,,,,,,,,,,,,,,,,,,"Jacob Berry","sa3019825",694351
"Felix Reyes","PHI",21,89,84,21,14,4,0,2,10,11,3,0,17,1,1,0,,1,0,0.245236,0.0360037,0.195812,0.183869,0.275274,0.392592,0.288069,0.667865,0.147356,4.20849,0.279627,-0.0188963,-0.0689335,8.69911,-1.80307,81.3115,-0.0878298,-0.214121,-2.056560166180134,-1.278472512960434,-0.0384617,999,,,,,,,77.9,3.709523809,77.9,3.709523809,,,,,,,,,,,,,,,,,,,"Felix Reyes","28763",694025
"Sebastián Rivero","LAA",11,43,40,8,6,2,0,1,4,4,2,0,9,0,0,0,,0,0,0.206475,0.0470163,0.217466,0.216201,0.251654,0.306194,0.246245,0.557849,0.0997193,3.34564,0.251355,-0.0141082,-0.0576384,2.72701,-2.31439,52.9947,-0.0717466,-0.287817,-2.4355349764227867,0.5455166697502136,-0.0440106,999,,,,,,,26,2.363636363,26,2.363636363,,,,,,,,,,,,,,,,,,,"Sebastian Rivero","21735",665861
"Deyvison De Los Santos","MIA",19,84,77,18,12,3,0,3,9,10,5,0,21,1,1,0,,1,0,0.235495,0.0559032,0.254252,0.219874,0.283836,0.380287,0.288516,0.664123,0.144792,4.14829,0.28824,0.0052768,-0.0459572,8.2177,-1.6667,81.8866,-0.0406804,0.243273,-1.8365815356373787,-1.3999368250370026,-0.0461915,999,,,,,,,80.6,4.242105263,80.6,4.242105263,,,,,,,,,,,,,,,,,,,"Deyvison De Los Santos","27969",691277
"Jhostynxon Garcia","PIT",24,105,96,22,14,4,1,3,11,11,7,0,28,1,1,0,,1,0,0.227587,0.0623,0.271666,0.229325,0.281992,0.367443,0.283862,0.649435,0.139856,4.43701,0.291727,0,-0.0758639,9.87699,-2.47851,78.1559,-0.0758639,-0.16443,-2.7831034883856773,-1.2848001569509506,-0.0600164,999,,,,,,,98.6,4.108333333,98.6,4.108333333,,,,,,,,,,,,,,,,,,,"Jhostynxon Garcia","28142",691373
"Nick Castellanos","SDP",45,195,180,43,28,9,1,6,20,23,12,0,47,2,1,0,,2,0,0.239362,0.0596935,0.240614,0.248088,0.28967,0.390435,0.294758,0.680105,0.151073,3.849,0.289993,-0.244848,-0.0981881,20.149,-2.89758,91.2424,-0.343036,-1.11717,-2.3675658106803894,-4.750808119773865,-0.0639181,631.0399780273438,,,,,,,194.8,4.328888888,194.8,4.328888888,,,,,,,,,,,,,,,,,,,"Nick Castellanos","11737",592206
"Adam Frazier","LAA",48,207,187,43,31,8,1,3,21,18,14,0,41,3,1,1,,3,1,0.232157,0.0698623,0.198,0.352839,0.295788,0.332747,0.278721,0.628535,0.10059,4.22022,0.280242,-0.0176769,-0.329075,18.7251,-5.78169,75.3661,-0.346752,-1.08443,-6.368594855070114,-1.417766809463501,-0.0658741,999,,,,,,,164.8,3.433333333,164.8,3.433333333,,,,,,,,,,,,,,,,,,,"Adam Frazier","15223",624428
"Jose Fernandez","ARI",74,322,301,74,53,13,2,7,33,34,14,0,76,2,2,2,,5,2,0.245946,0.044823,0.234957,0.190771,0.283404,0.366997,0.283295,0.650401,0.12105,4.82573,0.305056,0,-0.278505,30.2259,-7.76979,78.6672,-0.278505,-0.963061,-8.40894728899002,-6.065221846103668,-0.385558,999,,,,,,,280.2,3.786486486,280.2,3.786486486,,,,,,,,,,,,,,,,,,,"Jose Fernandez","28020",699912