Name,Team,G,PA,AB,H,1B,2B,3B,HR,R,RBI,BB,IBB,SO,HBP,SF,SH,GDP,SB,CS,AVG,BB%,K%,BB/K,OBP,SLG,wOBA,OPS,ISO,Spd,BABIP,UBR,wSB,wRC,wRAA,wRC+,BsR,Fld,Off,Def,WAR,ADP,InterSD,InterSK,IntraSD,Vol,Skew,Dim,FPTS,FPTS/G,SPTS,SPTS/G,P10,P20,P30,P40,P50,P60,P70,P80,P90,TT10,TT20,TT30,TT40,TT50,TT60,TT70,TT80,TT90,NameASCII,PlayerId,MLBAMID
"Bobby Witt Jr.","KCR",65,276.823,249.186,73.4933,42.7262,13.1896,4.85955,12.7179,46.8264,40.0764,22.5919,1.92708,47.029,2.35161,2.34547,0.348043,2.72115,13.8931,4.24811,0.294933,0.0816113,0.169888,0.480382,0.356042,0.539981,0.380626,0.896023,0.245047,7.88858,0.316894,,0.66073,47.3433,14.3094,142.24,0.66073,4.39,14.419374525547028,7.399259090423584,3.20619,3.0999999046325684,,,,,,,438.6,6.747692307,438.6,6.747692307,,,,,,,,,,,,,,,,,,,"Bobby Witt Jr.","25764",677951
"Juan Soto","NYM",64,276.51,223.559,63.9947,35.1131,9.96556,0.457201,18.4588,48.3491,46.0611,49.1687,3.69902,45.1351,1.6561,1.75185,0.374568,5.46218,6.65531,2.31777,0.286254,0.177818,0.163231,1.08937,0.415808,0.582624,0.422872,0.998432,0.296371,4.30739,0.281577,,-0.0752887,56.7692,23.7726,173.345,-0.0752887,-0.77,24.45520793646574,-4.062180995941162,2.97522,4.650000095367432,,,,,,,493.3,7.7078125,493.3,7.7078125,,,,,,,,,,,,,,,,,,,"Juan Soto","20123",665742
"Cal Raleigh","SEA",60,243.589,210.646,48.852,22.2271,8.55646,0.130332,17.9381,35.7503,43.6855,28.6802,1.77693,69.6861,2.19317,1.76398,0.191898,2.39423,2.77474,0.822986,0.231915,0.11774,0.286081,0.411563,0.327705,0.529244,0.363541,0.85695,0.29733,3.54262,0.247735,,-0.0640829,38.2823,9.21434,140.117,-0.0640829,6.03,11.434134639799595,8.560864448547363,2.90181,18.729999542236328,,,,,,,354.6,5.91,354.6,5.91,,,,,,,,,,,,,,,,,,,"Cal Raleigh","21534",663728
"Yordan Alvarez","HOU",59,262.583,221.344,68.1255,35.7757,12.5568,0.0818972,19.7111,43.967,50.3943,35.0754,4.85877,44.9905,3.6998,2.24546,0.218581,4.16185,1.18333,0.470529,0.307781,0.133578,0.171338,0.779619,0.407451,0.632407,0.434363,1.03986,0.324626,2.38227,0.304708,,-0.335516,56.3582,25.0236,182.934,-0.335516,-0.03,25.28841745853424,-6.079725531861186,2.89073,33.38999938964844,,,,,,,504.4,8.549152542,504.4,8.549152542,,,,,,,,,,,,,,,,,,,"Yordan Alvarez","19556",670541
"Shohei Ohtani","LAD",64,280.967,236.939,69.2648,34.8826,11.8289,1.59669,20.9566,53.4,51.9216,39.0798,5.13132,65.7831,2.38773,1.50525,0.280844,4.1563,7.76664,3.68506,0.292332,0.13909,0.234131,0.594072,0.395598,0.621076,0.424869,1.01667,0.328744,5.71394,0.318437,,-0.360608,58.1394,24.611,171.922,-0.360608,0,24.081551551818848,-5.979312419891357,2.75809,1.2699999809265137,,,,,,,520,8.125,520,8.125,,,,,,,,,,,,,,,,,,,"Shohei Ohtani","19755",660271
"Pete Crow-Armstrong","CHC",65,278.412,248.99,65.5863,36.8449,12.8883,1.68701,14.166,44.1641,39.0683,20.2593,1.04868,68.8849,4.20591,2.11648,2.84045,2.9325,14.2143,3.29206,0.263409,0.0727675,0.247421,0.294104,0.326781,0.499404,0.353812,0.826185,0.235995,6.97784,0.305972,,1.15122,41.5571,8.33365,125.52,1.15122,5.52,9.7451833486557,6.523086309432983,2.56408,32.939998626708984,,,,,,,391.5,6.023076923,391.5,6.023076923,,,,,,,,,,,,,,,,,,,"Pete Crow-Armstrong","27769",691718
"Junior Caminero","TBR",67,285.581,257.036,72.6353,39.9627,10.808,0.608022,21.2566,43.3962,55.7999,24.2519,1.88333,53.6748,1.76396,2.23662,0.292481,5.99574,1.90504,0.538568,0.282588,0.0849213,0.18795,0.45183,0.345795,0.577465,0.389799,0.92326,0.294877,3.28675,0.278716,,-0.189123,50.9668,16.8878,150.726,-0.189123,-2.55,16.85614240169525,-1.8606995940208435,2.54728,16.479999542236328,,,,,,,465.8,6.952238805,465.8,6.952238805,,,,,,,,,,,,,,,,,,,"Junior Caminero","28163",691406
"Corbin Carroll","ARI",64,278.368,240.965,63.8334,34.5271,13.2691,4.03012,12.007,46.1549,37.9279,30.7633,1.0491,57.8077,3.73958,1.79778,1.10246,3.80848,12.1737,2.7128,0.264907,0.110513,0.207666,0.532167,0.354665,0.502911,0.3688,0.857575,0.238003,7.90483,0.299664,,0.941647,44.9361,11.7179,132.828,0.941647,5.01,11.994686007499695,2.1731207370758057,2.35137,14.100000381469727,,,,,,,410.1,6.4078125,410.1,6.4078125,,,,,,,,,,,,,,,,,,,"Corbin Carroll","25878",682998
"Gunnar Henderson","BAL",64,276.685,245.778,66.0591,38.5467,13.1521,1.76737,12.593,42.0117,37.6012,25.8284,0.958831,59.4665,2.6625,2.18475,0.23123,5.02018,7.24188,1.82267,0.268776,0.0933497,0.214925,0.434335,0.342011,0.490381,0.358338,0.832392,0.221606,5.79229,0.303953,,0.334824,42.3155,9.2981,131.382,0.334824,-0.16,10.551699161529541,2.8029628694057465,2.34916,12.510000228881836,,,,,,,389.6,6.0875,389.6,6.0875,,,,,,,,,,,,,,,,,,,"Gunnar Henderson","26289",683002
"Francisco Lindor","NYM",64,273.527,239.492,63.7758,38.918,11.5765,0.865813,12.4155,40.6635,37.1475,24.6125,0.345836,49.2488,4.32483,2.03739,0.303799,4.25946,8.73133,2.50427,0.266297,0.089982,0.180051,0.499758,0.34279,0.477389,0.355618,0.820179,0.211092,5.45086,0.28555,,0.342224,41.2288,8.58827,128.225,0.342224,0.39,9.68023893237114,3.1450356245040894,2.19955,25.350000381469727,,,,,,,368.4,5.75625,368.4,5.75625,,,,,,,,,,,,,,,,,,,"Francisco Lindor","12916",596019
"Shea Langeliers","ATH",61,247.564,224.717,61.9261,32.4702,11.4759,1.16025,16.8197,38.7188,42.7374,18.5921,0.701801,52.2087,2.0582,1.86783,0.329769,3.42335,2.24814,0.64398,0.275574,0.0750999,0.210889,0.356111,0.334,0.561515,0.379456,0.895515,0.285941,4.38901,0.286288,,-0.101069,42.1045,12.5621,141.634,-0.101069,-1.99,12.02662992477417,0.8340740203857422,2.19417,54.04999923706055,,,,,,,383.6,6.28852459,383.6,6.28852459,,,,,,,,,,,,,,,,,,,"Shea Langeliers","25816",669127
"Ketel Marte","ARI",63,275.342,242.483,67.7973,39.3592,13.5761,1.23081,13.6311,40.3897,44.5669,27.6234,1.33876,40.8109,2.72818,1.96513,0.278918,5.68272,2.10632,0.746276,0.279596,0.100324,0.148219,0.676863,0.357165,0.51438,0.37402,0.871545,0.234784,4.02826,0.285076,,-0.258165,45.6141,12.7569,136.33,-0.258165,0.12,11.841108202934265,0.17226997390389442,2.12337,32.63999938964844,,,,,,,410.7,6.519047619,410.7,6.519047619,,,,,,,,,,,,,,,,,,,"Ketel Marte","13613",606466
"James Wood","WSN",64,269.627,229.82,64.3659,35.0456,13.1582,0.641353,15.5206,43.8891,44.9901,36.3726,2.59575,75.7367,1.98113,1.2523,0.200837,4.70707,7.4963,2.35287,0.280071,0.1349,0.280894,0.48025,0.381253,0.545508,0.395479,0.926761,0.265437,4.93494,0.349356,,0.140207,49.3625,17.1874,151.721,0.140207,-0.61,17.007728084921837,-4.93098771572113,2.11094,37.790000915527344,,,,,,,443.9,6.9359375,443.9,6.9359375,,,,,,,,,,,,,,,,,,,"James Wood","29518",695578
"Mookie Betts","LAD",62,268.839,236.512,64.4734,39.1967,12.3147,1.54554,11.4165,39.5656,37.2295,26.7073,0.585567,32.0888,2.18828,2.5823,0.357288,3.62175,3.25606,1.02513,0.272601,0.099343,0.11936,0.832294,0.348404,0.482549,0.35907,0.830953,0.209948,4.8418,0.271267,,-0.139215,41.2754,9.19424,127.778,-0.139215,0.13,8.893495351076126,3.0003703832626343,2.08984,60.58000183105469,,,,,,,360.9,5.820967741,360.9,5.820967741,,,,,,,,,,,,,,,,,,,"Mookie Betts","13611",605141
"Julio Rodríguez","SEA",58,250.634,226.899,63.4601,39.1837,10.7671,0.985684,12.5237,37.8274,36.0797,18.7819,1.08584,55.402,3.21911,1.48378,0.250368,4.43613,8.26983,2.25528,0.279684,0.0749374,0.221047,0.339011,0.34132,0.50141,0.362176,0.84273,0.221726,5.7056,0.317445,,0.393303,39.112,9.20322,139.175,0.393303,-1.34,11.946458548307419,-0.5281999111175537,2.05927,9.489999771118164,,,,,,,361.2,6.227586206,361.2,6.227586206,,,,,,,,,,,,,,,,,,,"Julio Rodriguez","23697",677594
"Elly De La Cruz","CIN",66,279.471,249.525,66.1501,38.6302,12.8232,1.92054,12.7762,44.4235,36.392,26.0864,1.43591,77.5206,1.53197,1.71039,0.616545,4.17066,14.8874,3.93684,0.265104,0.0933424,0.277384,0.33651,0.336264,0.485494,0.353331,0.821758,0.22039,6.97727,0.331641,,0.993748,41.606,8.25615,118.594,0.993748,1.16,7.279155373573303,3.8939181566238403,2.05194,8.449999809265137,,,,,,,392.2,5.942424242,392.2,5.942424242,,,,,,,,,,,,,,,,,,,"Elly De La Cruz","26668",682829
"Nick Kurtz","ATH",53,230.456,194.339,53.7666,26.9154,10.3109,0.458556,16.0817,39.1373,40.9765,32.9329,2.54095,68.0478,1.65585,1.33975,0.188762,3.38178,2.11791,0.741123,0.276664,0.142903,0.295274,0.483967,0.383707,0.582692,0.408195,0.966399,0.306028,3.89347,0.337832,,-0.202816,44.5692,17.0684,161.453,-0.202816,-0.5,16.46118752658367,-4.589506149291992,2.03239,19.8700008392334,,,,,,,393.8,7.430188679,393.8,7.430188679,,,,,,,,,,,,,,,,,,,"Nick Kurtz","35110",701762
"Kyle Schwarber","PHI",66,286.552,239.544,58.8668,26.7735,8.56054,0.298923,23.2339,47.3361,56.2407,42.2495,1.52387,85.4277,3.21054,1.33195,0.216284,3.87611,2.14661,0.718338,0.245745,0.147441,0.298122,0.494565,0.364351,0.574953,0.397924,0.939304,0.329208,3.16964,0.269508,,-0.251165,53.0295,18.8346,151.747,-0.251165,0,17.68425425887108,-7.0672712326049805,2.01901,24.690000534057617,,,,,,,468.7,7.101515151,468.7,7.101515151,,,,,,,,,,,,,,,,,,,"Kyle Schwarber","16478",656941
"Fernando Tatis Jr.","SDP",66,290.188,255.731,70.3697,45.3013,13.2883,1.29162,10.4885,43.915,36.3641,29.3202,1.00513,55.3137,2.70539,1.90779,0.524182,5.54359,13.6921,3.48679,0.275171,0.101039,0.190613,0.530073,0.353497,0.460276,0.35435,0.813773,0.185105,6.11251,0.312147,,0.879127,43.4416,8.81277,127.807,0.879127,2.49,10.639305472373962,-0.43955326080322266,1.98877,14.010000228881836,,,,,,,387.6,5.872727272,387.6,5.872727272,,,,,,,,,,,,,,,,,,,"Fernando Tatis Jr.","19709",665487
"Ben Rice","NYY",64,274.066,238.52,62.5928,31.8277,11.4949,0.629334,18.6408,42.0951,46.6395,29.6641,0.996003,59.6051,3.75449,1.85273,0.255598,4.70277,2.05745,0.666395,0.262422,0.108237,0.217484,0.497676,0.350674,0.550348,0.383599,0.901021,0.287926,3.76239,0.271096,,-0.212507,47.5331,14.8282,148.484,-0.212507,-0.2,15.422587603330612,-5.663619711995125,1.97584,53.189998626708984,,,,,,,433,6.765625,433,6.765625,,,,,,,,,,,,,,,,,,,"Ben Rice","29576",700250
"Bryce Harper","PHI",65,283.526,242.415,68.8877,38.8468,14.5372,0.275611,15.2281,43.7062,45.2295,36.6207,2.46807,57.6858,1.99256,2.06672,0.43104,5.44441,4.6954,1.84504,0.284173,0.129162,0.203459,0.63483,0.379735,0.534871,0.391041,0.914606,0.250698,3.75151,0.312761,,-0.231968,50.8859,17.0522,147.13,-0.231968,-0.57,15.930502191185951,-5.647478401660919,1.97524,47.900001525878906,,,,,,,449.8,6.92,449.8,6.92,,,,,,,,,,,,,,,,,,,"Bryce Harper","11579",547180
"Jazz Chisholm Jr.","NYY",59,254.206,224.902,54.7256,31.2346,8.61982,0.962728,13.9085,40.1809,34.6274,25.0652,0.694245,68.7028,2.02636,1.75779,0.454696,3.44704,14.374,3.39861,0.24333,0.0986019,0.270264,0.364835,0.32243,0.475745,0.344181,0.798176,0.232415,6.64598,0.283356,,1.15319,35.9573,5.62233,121.299,1.15319,2,7.523983597755432,2.7430466413497925,1.95564,19.520000457763672,,,,,,,345.6,5.857627118,345.6,5.857627118,,,,,,,,,,,,,,,,,,,"Jazz Chisholm Jr.","20454",665862
"Byron Buxton","MIN",47,197,177.323,48.2257,23.0133,8.57791,1.86991,14.7646,33.7891,35.1321,15.269,0.607495,50.5355,2.92403,1.25408,0.230305,1.974,4.2427,1.04773,0.271966,0.0775075,0.256525,0.302144,0.337545,0.591223,0.391469,0.928768,0.319257,6.58707,0.295393,,0.194291,35.4251,11.9166,152.003,0.194291,0.12,12.248665496706963,0.01638445258140564,1.95156,73.4800033569336,,,,,,,329.1,7.002127659,329.1,7.002127659,,,,,,,,,,,,,,,,,,,"Byron Buxton","14161",621439
"Manny Machado","SDP",64,281.025,250.965,66.3916,39.6256,11.642,0.408098,14.7159,38.6929,43.6742,26.0019,1.64864,54.6716,0.928833,2.52603,0.409496,4.89759,3.36803,0.922192,0.264545,0.0925253,0.194544,0.475601,0.332793,0.490098,0.352701,0.822891,0.225553,3.62052,0.280689,,-0.0600598,41.6936,8.1584,126.701,-0.0600598,1.14,9.01583168655634,1.0349303409457207,1.94349,37.52000045776367,,,,,,,378.3,5.9109375,378.3,5.9109375,,,,,,,,,,,,,,,,,,,"Manny Machado","11493",592518
"William Contreras","MIL",64,253.781,222.215,60.8797,41.345,10.3686,0.51768,8.64842,32.026,34.1377,27.3571,1.42181,43.3223,1.90868,1.91508,0.385388,6.20942,2.13463,0.652009,0.273968,0.107798,0.170707,0.631478,0.35575,0.442046,0.348662,0.797796,0.168077,3.39102,0.30339,,-0.217818,36.8201,6.53588,121.039,-0.217818,1.03,6.240143150091171,4.693878889083862,1.94307,56.560001373291016,,,,,,,326.9,5.1078125,326.9,5.1078125,,,,,,,,,,,,,,,,,,,"William Contreras","20503",661388
"Dillon Dingler","DET",56,224.578,204.956,53.3071,31.952,9.60624,1.53207,10.2168,30.0397,31.8342,14.1243,0.344531,51.7011,3.58187,1.54278,0.299359,3.44095,0.615998,0.224168,0.260091,0.0628928,0.230215,0.273191,0.316734,0.471458,0.339852,0.788192,0.211367,4.03535,0.298036,,-0.236548,30.9775,4.17815,116.919,-0.236548,3.96,4.234193354845047,6.763372421264648,1.92273,254.6199951171875,,,,,,,282.1,5.0375,282.1,5.0375,,,,,,,,,,,,,,,,,,,"Dillon Dingler","27464",693307
"Wyatt Langford","TEX",60,255.024,223.531,58.2323,33.7182,11.2648,1.32448,11.9248,38.1468,34.147,27.2698,0.795591,57.3227,2.43124,1.50519,0.286575,3.34473,7.66808,1.89794,0.260511,0.10693,0.224774,0.475724,0.345192,0.482798,0.358071,0.82799,0.222288,5.83236,0.297245,,0.407531,38.9476,8.51505,131.159,0.407531,2.57,9.757595986127853,-0.039427757263183594,1.90305,37.75,,,,,,,347.8,5.796666666,347.8,5.796666666,,,,,,,,,,,,,,,,,,,"Wyatt Langford","33333",694671
"Riley Greene","DET",65,283.995,250.159,67.1629,40.082,12.7603,0.731589,13.5891,40.5298,41.221,29.3109,0.925145,76.3738,2.26357,2.05254,0.209113,4.96021,1.52447,0.461482,0.268481,0.103209,0.268927,0.383782,0.347929,0.488304,0.36111,0.836233,0.219823,3.53886,0.330196,,-0.269156,44.0724,10.1827,131.58,-0.269156,1.37,10.283581882715225,-1.8064402341842651,1.88193,78.4800033569336,,,,,,,397,6.107692307,397,6.107692307,,,,,,,,,,,,,,,,,,,"Riley Greene","25976",682985
"Mike Trout","LAA",54,232.211,193.687,49.4151,26.428,8.10269,1.16552,13.7188,34.6895,35.3345,34.0141,3.0555,63.3386,2.86386,1.44325,0.20254,2.90504,2.58867,0.726004,0.255128,0.146479,0.272763,0.537021,0.371939,0.521486,0.381386,0.893425,0.266358,4.45394,0.302323,,-0.109354,39.8568,12.1466,144.625,-0.109354,-1.65,12.083439350128174,-1.9277777969837189,1.86506,178.44000244140625,,,,,,,354.8,6.57037037,354.8,6.57037037,,,,,,,,,,,,,,,,,,,"Mike Trout","10155",545361
"Hunter Goodman","COL",59,238.559,217.438,58.1761,29.2202,11.3253,1.23166,16.3989,36.6311,44.6161,16.7025,0.660981,65.7021,2.39979,1.79713,0.221691,3.16515,2.11368,0.58171,0.267553,0.0700141,0.275412,0.254215,0.324239,0.557223,0.373105,0.881462,0.28967,4.67019,0.304645,,-0.0763965,39.3434,10.8756,123.179,-0.0763965,2.07,6.611877866089344,4.0444415807724,1.86479,67.36000061035156,,,,,,,353.8,5.996610169,353.8,5.996610169,,,,,,,,,,,,,,,,,,,"Hunter Goodman","29715",696100
"Isaac Paredes","HOU",61,270.757,233.014,58.1304,34.8083,10.1061,0.536682,12.6793,36.6635,36.3428,29.6383,0.108289,44.1349,5.7874,2.03963,0.277891,4.10176,0.577147,0.177491,0.249472,0.109465,0.163006,0.671538,0.34589,0.460692,0.352518,0.806582,0.211221,2.7248,0.255001,,-0.337536,40.1302,7.82021,126.49,-0.337536,0.18,8.101682007312775,0.5950072705745697,1.85641,243.60000610351562,,,,,,,358.6,5.878688524,358.6,5.878688524,,,,,,,,,,,,,,,,,,,"Isaac Paredes","20036",670623
"Dansby Swanson","CHC",66,284.399,252.881,62.4723,38.8984,9.74032,1.63809,12.1955,39.4318,37.8308,24.742,0.356785,68.677,1.50788,2.15485,0.737584,4.32354,7.27618,1.72937,0.247042,0.0869973,0.241481,0.360266,0.315416,0.443194,0.329397,0.75861,0.196152,5.76669,0.288676,,0.387352,36.8163,2.87833,109.14,0.387352,2.33,3.5316005647182465,5.3855555057525635,1.8399,152.30999755859375,,,,,,,336.1,5.092424242,336.1,5.092424242,,,,,,,,,,,,,,,,,,,"Dansby Swanson","18314",621020
"Xander Bogaerts","SDP",63,274.915,242.248,65.4012,45.4575,11.3511,0.438815,8.15367,36.5751,32.7565,24.2942,0.665872,47.6257,2.37174,2.52746,0.500083,5.92796,8.62602,2.01436,0.269976,0.0883697,0.173238,0.510106,0.339178,0.421431,0.333636,0.760609,0.151455,5.05926,0.302903,,0.503037,36.5342,3.72795,113.91,0.503037,1.03,5.128535985946655,3.946666717529297,1.82463,237.1999969482422,,,,,,,318.6,5.057142857,318.6,5.057142857,,,,,,,,,,,,,,,,,,,"Xander Bogaerts","12161",593428
"José Ramírez","CLE",47,202.8,178.759,50.3012,29.0896,10.5924,0.765731,9.85346,31.3785,29.8386,20.4927,3.79045,23.5814,1.3588,1.8851,0.218442,2.23927,10.6999,3.22693,0.281391,0.101049,0.116279,0.86902,0.356317,0.514578,0.368548,0.870895,0.233187,5.8202,0.274764,,0.546288,32.6959,8.49542,138.161,0.546288,1.07,9.65241014957428,0.9663845077157021,1.80587,6.28000020980835,,,,,,,308.1,6.555319148,308.1,6.555319148,,,,,,,,,,,,,,,,,,,"Jose Ramirez","13510",608070
"Kevin McGonigle","DET",65,283.995,247.642,64.882,42.0015,14.0113,1.33867,7.53057,37.6875,31.5522,31.5085,0.408203,41.4406,1.93418,2.19332,0.717232,4.31337,5.46114,1.5908,0.262,0.110947,0.14592,0.760329,0.347097,0.420617,0.338243,0.767714,0.158618,4.9216,0.285524,,0.0264119,38.8025,4.91276,115.809,0.0264119,0,5.309178274124861,2.3614325523376465,1.80031,999,,,,,,,343.4,5.283076923,343.4,5.283076923,,,,,,,,,,,,,,,,,,,"Kevin McGonigle","33572",805808
"Miguel Vargas","CHW",64,273.523,238.27,59.8838,33.3029,12.7173,1.26779,12.5958,37.7674,36.6451,29.7219,0.575704,48.4384,2.88036,2.27837,0.37261,3.27049,5.13029,1.41823,0.251328,0.108663,0.177091,0.613601,0.33859,0.473933,0.351699,0.812523,0.222605,4.90492,0.263422,,0.084337,40.3583,7.71823,125.082,0.084337,-0.59,8.156831502914429,-0.13334262371063232,1.79826,303.0899963378906,,,,,,,369.3,5.7703125,369.3,5.7703125,,,,,,,,,,,,,,,,,,,"Miguel Vargas","20178",678246
"Adley Rutschman","BAL",60,239.86,210.135,54.4199,34.6308,11.3303,0.391351,8.06736,30.2433,29.8079,25.6931,0.533038,36.556,1.52632,2.22994,0.274966,4.59741,0.59559,0.221728,0.258975,0.107117,0.152406,0.702843,0.340753,0.431793,0.338345,0.772546,0.172818,2.69658,0.276332,,-0.30455,32.7921,4.16916,117.594,-0.30455,2.58,4.661100059747696,4.463062763214111,1.78826,148.92999267578125,,,,,,,285.4,4.756666666,285.4,4.756666666,,,,,,,,,,,,,,,,,,,"Adley Rutschman","26288",668939
"Jeremy Peña","HOU",59,262.583,238.111,66.1702,44.9432,10.8101,1.52306,8.89379,36.8996,31.1073,16.6784,0.239442,47.9106,4.23881,1.70075,1.13981,5.4531,6.98289,1.9485,0.277896,0.0635168,0.182459,0.348116,0.334015,0.448143,0.34081,0.782158,0.170247,5.80954,0.312973,,0.233304,36.4239,5.08934,118.415,0.233304,-0.39,5.922958225011826,2.341481566429138,1.78319,122.9800033569336,,,,,,,330.2,5.596610169,330.2,5.596610169,,,,,,,,,,,,,,,,,,,"Jeremy Pena","21636",665161
"Pete Alonso","BAL",64,276.685,241.349,62.61,34.172,10.5666,0.647941,17.2235,40.6378,45.1224,28.1612,1.50316,63.8733,4.6664,2.23092,0.276918,4.70155,1.29946,0.367708,0.259416,0.101781,0.230852,0.440891,0.345278,0.522657,0.37088,0.867935,0.26324,3.43915,0.27933,,-0.24694,45.1314,12.114,140.032,-0.24694,0.06,12.785872474312782,-5.063456956297159,1.77919,24.440000534057617,,,,,,,410.1,6.4078125,410.1,6.4078125,,,,,,,,,,,,,,,,,,,"Pete Alonso","19251",624413
"Iván Herrera","STL",63,258.347,222.38,60.9869,41.5183,9.86443,0.544041,9.06019,35.7578,32.4475,27.7038,0.982333,46.4591,6.32173,1.57605,0.36513,6.42822,3.3412,1.00043,0.274246,0.107235,0.179832,0.596305,0.368292,0.445723,0.358075,0.814015,0.171477,4.01407,0.308286,,-0.150105,39.4559,8.62685,128.733,-0.150105,1.87,8.828307420015335,0.32085466384887695,1.77749,178.42999267578125,,,,,,,343.8,5.457142857,343.8,5.457142857,,,,,,,,,,,,,,,,,,,"Ivan Herrera","20599",671056
"Geraldo Perdomo","ARI",65,281.394,237.897,62.4007,43.5094,11.394,1.59606,5.90119,38.7156,27.0402,33.738,0.355009,35.8477,2.87224,2.43678,4.44948,5.38435,9.42126,2.73803,0.262301,0.119896,0.127393,0.941147,0.357512,0.39803,0.336549,0.755542,0.135729,5.82078,0.28451,,0.316948,38.0603,4.48095,111.191,0.316948,0.93,4.125817060470581,3.9392592310905457,1.74376,76.7699966430664,,,,,,,328.6,5.055384615,328.6,5.055384615,,,,,,,,,,,,,,,,,,,"Geraldo Perdomo","22799",672695
"Vladimir Guerrero Jr.","TOR",67,287.482,250.398,72.7592,48.7749,13.4784,0.181359,10.3245,39.9808,37.4502,31.6887,2.95384,37.0058,3.0492,2.03707,0.308665,7.25079,2.74135,1.05056,0.290574,0.110229,0.128724,0.856316,0.374329,0.469548,0.36612,0.843877,0.178974,3.04345,0.304404,,-0.323311,45.7821,11.4763,135.899,-0.323311,0.43,11.819962531328201,-4.866359055042267,1.74032,18.049999237060547,,,,,,,398.4,5.946268656,398.4,5.946268656,,,,,,,,,,,,,,,,,,,"Vladimir Guerrero Jr.","19611",665489
"Jackson Chourio","MIL",64,274.599,250.619,68.5877,41.2645,12.9871,1.65191,12.6842,38.9471,41.2424,19.6427,0.927087,59.921,1.75629,1.94775,0.632839,4.19154,8.55476,2.27557,0.273673,0.0715322,0.218213,0.327809,0.328459,0.49051,0.351493,0.818969,0.216837,5.84081,0.310641,,0.433013,40.4713,7.70282,122.938,0.433013,3.04,8.051523685455322,0.11997842788696289,1.73213,19.3799991607666,,,,,,,384.2,6.003125,384.2,6.003125,,,,,,,,,,,,,,,,,,,"Jackson Chourio","28806",694192
"Jacob Wilson","ATH",61,263.666,244.124,74.0503,55.0221,12.65,0.989079,5.38912,33.9283,30.3762,13.8488,0.199564,24.071,2.40255,1.83953,1.45116,7.29826,2.26742,0.782065,0.30333,0.0525239,0.0912934,0.575331,0.34438,0.429477,0.338784,0.773857,0.126147,3.96518,0.317136,,-0.255408,36.1407,4.6769,113.584,-0.255408,0.89,3.9588348865509033,3.7140740156173706,1.72724,196.44000244140625,,,,,,,309.8,5.078688524,309.8,5.078688524,,,,,,,,,,,,,,,,,,,"Jacob Wilson","33266",805779
"Colson Montgomery","CHW",63,270.561,241.761,55.206,29.4552,9.98802,0.38112,15.3817,34.699,40.8108,21.8976,1.12865,80.8395,4.81692,1.86112,0.224516,3.68547,1.58953,0.55557,0.22835,0.0809342,0.298785,0.270878,0.303032,0.463687,0.330001,0.766719,0.235337,3.33594,0.270178,,-0.210301,35.1574,2.8708,110.118,-0.210301,1.71,3.0109316259622574,4.394178867340088,1.725,254.75,,,,,,,318,5.047619047,318,5.047619047,,,,,,,,,,,,,,,,,,,"Colson Montgomery","29712",695657
"Corey Seager","TEX",44,185.114,158.826,42.6792,24.1501,7.66002,0.143508,10.7255,26.1923,30.371,21.4155,2.22322,37.9646,1.71082,1.47383,0.169602,3.45264,0.748042,0.2674,0.268716,0.115688,0.205087,0.564092,0.358757,0.521342,0.374887,0.880099,0.252626,2.60497,0.286297,,-0.205028,30.7968,8.70672,142.756,-0.205028,-0.06,9.107800960540771,1.1282716430723667,1.70337,95.08999633789062,,,,,,,279.3,6.347727272,279.3,6.347727272,,,,,,,,,,,,,,,,,,,"Corey Seager","13624",608369
"Kazuma Okamoto","TOR",61,261.528,230.455,54.441,27.9614,10.2381,0.206556,16.0349,36.2845,41.9309,25.5554,0.749912,69.4384,3.49242,1.74003,0.285157,4.10932,0.453467,0.175632,0.236232,0.0977157,0.26551,0.36803,0.319583,0.491188,0.34832,0.810771,0.254956,2.38354,0.26176,,-0.286492,37.8715,6.66278,123.623,-0.286492,0,6.983012288808823,0.3701969385147095,1.68717,999,,,,,,,338.8,5.55409836,338.8,5.55409836,,,,,,,,,,,,,,,,,,,"Kazuma Okamoto","37123",672960
"Matt Olson","ATL",68,289.547,251.052,65.2905,35.566,12.8334,0.419627,16.4715,42.2409,45.9344,33.653,1.52695,67.2176,2.30383,2.27738,0.260773,4.62976,1.0723,0.340287,0.260067,0.116226,0.232147,0.500658,0.34999,0.511358,0.369233,0.861348,0.251291,2.96825,0.287779,,-0.305337,46.8426,12.2903,133.626,-0.305337,1.01,11.471339255571365,-4.236913442611694,1.68658,48.0099983215332,,,,,,,411,6.044117647,411,6.044117647,,,,,,,,,,,,,,,,,,,"Matt Olson","14344",621566
"Ryan Jeffers","MIN",49,192.148,166.958,43.7101,26.5725,8.22852,0.720584,8.18842,26.5092,25.0592,19.8088,0.216654,35.9012,3.20354,1.33056,0.817312,3.36686,0.828929,0.307309,0.261803,0.103092,0.186841,0.55176,0.348783,0.466855,0.355386,0.815638,0.205052,3.6525,0.286007,,-0.228747,28.9263,5.99692,127.119,-0.228747,2.22,5.9025100618600845,3.7634212970733643,1.67104,298.05999755859375,,,,,,,254.4,5.191836734,254.4,5.191836734,,,,,,,,,,,,,,,,,,,"Ryan Jeffers","24618",680777
"Munetaka Murakami","CHW",63,267.599,223.64,50.3684,23.181,7.83384,0.183357,19.1702,41.9429,46.61,39.4842,1.75443,94.2052,2.85003,1.37207,0.252475,3.66777,3.88368,1.54904,0.225221,0.14755,0.352039,0.419129,0.346751,0.519046,0.370426,0.865798,0.293826,3.74215,0.279462,,-0.210761,43.5508,11.6177,137.998,-0.210761,0,11.753515809774399,-4.903846263885498,1.65811,999,,,,,,,385.8,6.123809523,385.8,6.123809523,,,,,,,,,,,,,,,,,,,"Munetaka Murakami","37120",808959
"Andy Pages","LAD",59,257.722,234.15,62.0227,36.2911,12.7033,0.907022,12.1213,37.9013,37.1102,17.6275,0.559486,54.3971,3.5013,2.16727,0.275737,3.37762,4.815,1.51136,0.264885,0.0683974,0.211069,0.324052,0.322986,0.482187,0.346358,0.805173,0.217302,5.00423,0.293885,,0.0284585,36.9098,6.15533,119.249,0.0284585,1.01,6.028940126299858,1.8791077136993408,1.64984,133.4199981689453,,,,,,,339.3,5.750847457,339.3,5.750847457,,,,,,,,,,,,,,,,,,,"Andy Pages","24816",681624
"Willson Contreras","BOS",64,270.221,232.859,62.2991,35.9649,11.1547,0.546858,14.6326,39.455,42.6389,25.5704,0.486719,66.6444,7.99984,1.84257,0.569974,5.48519,2.48032,0.74788,0.26754,0.0946276,0.246629,0.383684,0.357359,0.508657,0.374079,0.866016,0.241117,3.81366,0.310684,,-0.18769,44.7787,12.5326,136.533,-0.18769,0.21,11.42799711227417,-4.900037333369255,1.63501,168.1999969482422,,,,,,,395.8,6.184375,395.8,6.184375,,,,,,,,,,,,,,,,,,,"Willson Contreras","11609",575929
"Freddie Freeman","LAD",64,280.967,245.602,70.1454,43.369,14.7901,0.492147,11.4942,41.5187,39.8469,29.5744,2.24552,48.9554,3.22235,2.27793,0.290416,5.34288,2.64507,0.733747,0.285606,0.105259,0.174239,0.604109,0.366764,0.490233,0.369668,0.856997,0.204627,3.81257,0.312922,,-0.175232,45.5537,12.0252,134.888,-0.175232,0.23,11.681181266903877,-4.728847518563271,1.62975,67.87999725341797,,,,,,,394.8,6.16875,394.8,6.16875,,,,,,,,,,,,,,,,,,,"Freddie Freeman","5361",518692
"CJ Abrams","WSN",64,266.717,239.366,63.6194,37.8456,12.207,1.23926,12.3276,39.3485,37.8935,19.2594,0.75178,52.0644,5.56281,1.83083,0.6982,3.83006,11.691,2.95915,0.265783,0.0722091,0.195204,0.369916,0.332463,0.481637,0.351318,0.8141,0.215854,6.24413,0.290104,,0.775714,39.2717,7.44372,122.093,0.775714,-3.41,7.90303760766983,-0.5925862789154053,1.61901,65,,,,,,,362.1,5.6578125,362.1,5.6578125,,,,,,,,,,,,,,,,,,,"CJ Abrams","25768",682928
"Zach Neto","LAA",63,269.921,239.382,58.9009,33.6212,11.3471,0.775023,13.1576,38.0433,34.9867,21.4208,0.873779,74.3431,6.123,1.59958,1.39541,3.48931,9.58998,3.05853,0.246054,0.0793597,0.275426,0.288135,0.321924,0.464826,0.340521,0.78675,0.218772,5.61522,0.298039,,0.323076,37.3784,5.16823,116.442,0.323076,-2.17,5.545018285512924,0.746666669845581,1.61001,32.29999923706055,,,,,,,342.8,5.441269841,342.8,5.441269841,,,,,,,,,,,,,,,,,,,"Zach Neto","31347",687263
"Aaron Judge","NYY",29,125.117,101.955,30.0893,14.5244,4.66378,0.232727,10.6684,22.4386,25.5106,20.8672,3.10068,31.3814,1.17108,0.842521,0.117048,1.65078,2.01002,0.645919,0.295123,0.166781,0.250816,0.664954,0.417569,0.659345,0.445445,1.07691,0.364222,3.88125,0.319697,,-0.0469543,27.9791,13.0487,191.137,-0.0469543,-0.34,13.370083671063185,-2.0156387984752655,1.60021,1.850000023841858,,,,,,,250.9,8.651724137,250.9,8.651724137,,,,,,,,,,,,,,,,,,,"Aaron Judge","15640",592450
"Ronald Acuña Jr.","ATL",56,239.967,202.537,55.919,34.651,9.42047,0.657672,11.1898,39.5304,32.0242,32.5595,1.29057,51.6618,3.12263,1.46126,0.286898,4.45155,10.6241,2.75203,0.276093,0.135683,0.215287,0.630243,0.38218,0.494844,0.38059,0.877024,0.218752,5.66489,0.316898,,0.609715,41.0332,12.3974,141.246,0.609715,-1.93,12.581407904624939,-4.840458273887634,1.5744,5.260000228881836,,,,,,,366.3,6.541071428,366.3,6.541071428,,,,,,,,,,,,,,,,,,,"Ronald Acuna Jr.","18401",660670
"Cody Bellinger","NYY",61,262.15,232.404,60.1343,36.8577,11.1211,0.953537,11.2019,35.2153,34.48,25.3446,0.718685,39.5812,1.32901,2.84422,0.228091,3.60367,5.65803,1.40327,0.258748,0.0966795,0.150987,0.640318,0.331426,0.459407,0.342182,0.790833,0.200659,4.79209,0.265266,,0.209704,36.6558,5.37286,119.921,0.209704,2.27,6.354420408606529,-0.15661191940307617,1.57249,80.98999786376953,,,,,,,331.6,5.436065573,331.6,5.436065573,,,,,,,,,,,,,,,,,,,"Cody Bellinger","15998",641355
"Randy Arozarena","SEA",62,270.766,234.687,58.5183,36.0856,11.3619,0.699061,10.3718,39.0372,31.6514,26.976,0.271906,66.7797,7.02894,1.75803,0.31538,4.821,10.5827,2.7707,0.249346,0.0996285,0.246633,0.403955,0.342108,0.436298,0.342389,0.778406,0.186952,5.76777,0.302249,,0.589488,37.906,5.59496,125.53,0.589488,0,8.723134636878967,-2.9526748657226562,1.56031,89.37999725341797,,,,,,,341.5,5.508064516,341.5,5.508064516,,,,,,,,,,,,,,,,,,,"Randy Arozarena","19290",668227
"Tyler Soderstrom","ATH",61,263.666,233.79,63.4387,35.7413,13.6707,0.540687,13.4859,38.4376,39.8617,25.1798,1.43911,52.9243,2.3382,2.12096,0.237286,5.15528,2.17689,0.701444,0.271349,0.0954988,0.200725,0.47577,0.34528,0.507501,0.365365,0.85278,0.236152,3.66191,0.294705,,-0.190014,41.8279,10.3641,131.915,-0.190014,-0.99,9.711411520838737,-3.856382369995117,1.54327,82.8499984741211,,,,,,,369.3,6.05409836,369.3,6.05409836,,,,,,,,,,,,,,,,,,,"Tyler Soderstrom","27467",691016
"Trea Turner","PHI",62,271.418,247.336,69.3665,47.1436,11.5139,2.07594,8.63298,38.2864,33.3572,17.3135,0.0634357,52.9252,2.10053,1.81011,0.372657,4.77564,10.6931,2.45796,0.280454,0.0637892,0.194995,0.327132,0.330579,0.448504,0.338836,0.779083,0.16805,6.55522,0.32376,,0.759277,37.2146,4.82571,112.105,0.759277,-1.22,4.733269035816193,1.6503703594207764,1.54072,26.780000686645508,,,,,,,342.5,5.524193548,342.5,5.524193548,,,,,,,,,,,,,,,,,,,"Trea Turner","16252",607208
"Gabriel Moreno","ARI",49,195.664,173.402,48.9478,34.3062,9.07283,0.628699,4.94,25.3825,24.2778,18.6508,0.588983,30.9543,1.71086,1.58426,0.316403,4.49562,2.01698,0.671037,0.282279,0.0953201,0.158201,0.602527,0.3548,0.427319,0.343579,0.782118,0.14504,3.98162,0.316393,,-0.167506,27.581,4.23197,115.907,-0.167506,1.62,3.597140520811081,5.14880645275116,1.53006,181.22000122070312,,,,,,,244.2,4.983673469,244.2,4.983673469,,,,,,,,,,,,,,,,,,,"Gabriel Moreno","22664",672515
"Wilyer Abreu","BOS",60,252.725,224.056,57.2785,32.3571,13.2547,0.581975,11.0847,33.3488,36.44,24.6721,0.896897,55.4534,1.42012,2.11272,0.463498,3.14845,4.39222,1.38255,0.255643,0.0976242,0.219422,0.444915,0.330493,0.468415,0.344928,0.798908,0.212771,4.21689,0.289379,,-0.00640675,35.901,5.74286,116.428,-0.00640675,4.03,4.878865755628794,1.2091560363769531,1.5274,199.89999389648438,,,,,,,324.8,5.413333333,324.8,5.413333333,,,,,,,,,,,,,,,,,,,"Wilyer Abreu","23772",677800
"Kyle Tucker","LAD",62,271.871,231.597,61.3593,36.6027,12.7646,0.497921,11.494,41.3043,36.9126,35.3466,1.47,46.0637,1.72915,2.10632,0.349346,4.1338,6.19032,1.71459,0.26494,0.130012,0.169432,0.76734,0.363526,0.473245,0.363338,0.83677,0.208304,4.65318,0.283092,,0.136192,42.6825,10.2395,130.642,0.136192,-1.14,10.212376430630684,-4.010370373725891,1.52383,13.130000114440918,,,,,,,367.5,5.927419354,367.5,5.927419354,,,,,,,,,,,,,,,,,,,"Kyle Tucker","18345",663656
"Taylor Ward","BAL",63,270.713,232.643,58.9051,36.8422,11.2773,0.679893,10.1058,36.2989,33.5553,32.9872,0.321028,60.9657,2.43492,2.36336,0.284711,4.18253,2.52164,0.74378,0.2532,0.121853,0.225204,0.541078,0.348807,0.437837,0.345469,0.786643,0.184637,3.91527,0.297676,,-0.193385,38.5752,6.2704,122.507,-0.193385,0.85,6.97595988214016,-2.0666667222976685,1.47298,148.42999267578125,,,,,,,336.9,5.347619047,336.9,5.347619047,,,,,,,,,,,,,,,,,,,"Taylor Ward","17548",621493
"Brice Turang","MIL",65,277.573,244.49,62.3605,42.0589,11.135,0.909512,8.25719,36.3623,31.6101,28.5794,0.922632,64.1282,1.02541,1.75072,1.7274,4.7741,11.2986,2.7702,0.255064,0.102962,0.231032,0.44566,0.333395,0.409367,0.326775,0.742762,0.154303,5.50843,0.311198,,0.727883,35.3418,2.21848,106.354,0.727883,1.5,2.861134171485901,2.5030863285064697,1.45784,48.18000030517578,,,,,,,318.5,4.9,318.5,4.9,,,,,,,,,,,,,,,,,,,"Brice Turang","22186",668930
"Alex Bregman","CHC",65,281.406,246.084,61.5287,40.3687,11.1915,1.05621,8.91231,34.8068,34.1038,28.8698,0.732392,40.8595,3.57633,2.42127,0.454324,5.0198,1.63946,0.471016,0.250031,0.102591,0.145198,0.706561,0.334488,0.412744,0.328934,0.747231,0.162712,3.55884,0.264759,,-0.257422,36.323,2.74224,108.83,-0.257422,1.29,2.747941106557846,2.293086290359497,1.43777,119.16999816894531,,,,,,,326.2,5.018461538,326.2,5.018461538,,,,,,,,,,,,,,,,,,,"Alex Bregman","17678",608324
"Bo Bichette","NYM",64,273.527,252.642,72.5386,51.0683,12.8508,0.601218,8.01833,34.7939,34.3928,16.8586,0.317444,46.6354,1.53092,2.00099,0.342337,6.30765,2.33389,0.729416,0.28712,0.0616341,0.170497,0.361497,0.33303,0.437959,0.336021,0.770989,0.150839,3.64894,0.322619,,-0.209814,36.879,4.23853,115.077,-0.209814,-0.14,4.778461620211601,0.494177982211113,1.43524,92.86000061035156,,,,,,,332.4,5.19375,332.4,5.19375,,,,,,,,,,,,,,,,,,,"Bo Bichette","19612",666182
"Alejandro Kirk","TOR",42,166.699,147.332,38.501,26.9708,6.48389,0.0758339,4.97042,19.9794,19.4654,16.0335,0.484123,21.1624,1.45769,1.64892,0.227412,4.10058,0.22898,0.0663446,0.261321,0.0961822,0.126949,0.757642,0.336346,0.407568,0.327543,0.743914,0.146247,1.93503,0.272943,,-0.219619,21.3288,1.43623,109.294,-0.219619,3.44,1.6033467948436737,6.429844617843628,1.41404,160.25,,,,,,,186.8,4.447619047,186.8,4.447619047,,,,,,,,,,,,,,,,,,,"Alejandro Kirk","22581",672386
"JJ Wetherholt","STL",63,268.245,236.383,61.8635,41.4116,11.6142,0.614254,8.22353,34.1173,32.9579,24.2539,0.962373,46.08,5.21372,1.98028,0.414194,5.28918,4.45902,1.34466,0.261709,0.0904168,0.171783,0.526343,0.341003,0.420406,0.334741,0.761408,0.158697,4.26086,0.291427,,-0.0442136,35.8883,3.878,113.077,-0.0442136,0,4.1988174468278885,1.0149571895599365,1.41187,999,,,,,,,318.7,5.058730158,318.7,5.058730158,,,,,,,,,,,,,,,,,,,"JJ Wetherholt","34985",802139
"Max Muncy","LAD",46,199.103,168.572,39.8453,20.4163,7.56556,0.383233,11.4802,29.8421,31.0807,26.4419,0.913742,47.89,2.39065,1.52155,0.176354,2.81281,0.879059,0.27964,0.236369,0.132805,0.240529,0.552138,0.345242,0.490103,0.360258,0.835345,0.253734,3.22268,0.256179,,-0.201655,30.7606,7.00124,128.575,-0.201655,0.12,6.679951801896095,0.7672403380274773,1.40997,234.3699951171875,,,,,,,267.5,5.815217391,267.5,5.815217391,,,,,,,,,,,,,,,,,,,"Max Muncy","13301",571970
"Jackson Merrill","SDP",64,281.025,256.033,67.0243,40.9754,13.8659,1.70528,10.4777,37.9818,36.3872,19.7937,0.956338,60.0027,1.47685,2.21692,1.50392,3.64439,7.7465,1.85731,0.26178,0.0704339,0.213514,0.329879,0.31588,0.452027,0.331274,0.767907,0.190247,5.84853,0.301149,,0.447288,36.8075,3.27221,112.326,0.447288,-0.87,4.636996179819107,0.03359860181808472,1.39903,70.79000091552734,,,,,,,337.8,5.278125,337.8,5.278125,,,,,,,,,,,,,,,,,,,"Jackson Merrill","29490",701538
"Brandon Lowe","PIT",53,223.522,199.095,50.1339,27.1787,9.62763,0.387181,12.9404,31.0337,35.9384,20.5368,0.288053,56.6404,2.02787,1.67114,0.191653,3.30376,1.1931,0.385592,0.251809,0.0918783,0.253399,0.362583,0.32552,0.499045,0.354124,0.824565,0.247236,3.24318,0.283519,,-0.188859,33.4207,6.74728,122.092,-0.188859,0.24,5.783950641751289,0.7223519533872604,1.39525,187.57000732421875,,,,,,,303.1,5.718867924,303.1,5.718867924,,,,,,,,,,,,,,,,,,,"Brandon Lowe","18882",664040
"Drake Baldwin","ATL",60,244.925,218.248,56.7384,36.4697,9.21579,0.331858,10.721,32.1395,33.9643,21.9001,0.481117,49.2871,2.61045,1.92699,0.239743,5.45828,0.643927,0.207689,0.259972,0.0894156,0.201233,0.444338,0.332055,0.452609,0.341337,0.784663,0.192637,2.54628,0.287309,,-0.284634,34.0793,4.85189,114.911,-0.284634,1.76,4.132762670516968,1.6642145290970802,1.39402,78.62999725341797,,,,,,,307.6,5.126666666,307.6,5.126666666,,,,,,,,,,,,,,,,,,,"Drake Baldwin","31539",686948
"Trent Grisham","NYY",58,248.248,210.483,49.2355,27.0197,9.33903,0.546533,12.3302,34.6208,33.3296,32.8148,0.16868,52.1513,2.52978,1.60864,0.812164,3.79564,3.29853,0.9424,0.233917,0.132185,0.210077,0.629223,0.341826,0.459221,0.349894,0.801047,0.225304,4.00441,0.250019,,-0.0676725,36.2654,6.64145,125.239,-0.0676725,-3.4,7.304697312414646,-2.5049384236335754,1.38089,253.82000732421875,,,,,,,319.9,5.515517241,319.9,5.515517241,,,,,,,,,,,,,,,,,,,"Trent Grisham","18564",663757
"Michael Harris II","ATL",61,262.774,245.013,66.5936,42.6738,11.9443,1.10442,10.871,36.7319,35.0899,13.0422,0.6092,53.074,2.08569,1.80956,0.823756,4.79536,6.86806,1.78695,0.271796,0.0496328,0.201976,0.245736,0.311973,0.462668,0.333615,0.774641,0.190872,5.62348,0.304699,,0.322948,34.9161,3.55873,109.73,0.322948,0.88,3.4155196845531464,1.652125060558319,1.37905,99.06999969482422,,,,,,,326.8,5.357377049,326.8,5.357377049,,,,,,,,,,,,,,,,,,,"Michael Harris II","25931",671739
"Otto Lopez","MIA",60,252.549,231.784,64.7093,45.6492,11.4495,1.61801,5.99262,31.9038,28.7368,15.9105,0.500084,37.0195,1.87392,2.15359,0.826472,5.37335,7.5794,2.03318,0.279179,0.0629996,0.146584,0.429786,0.327717,0.420101,0.326377,0.747818,0.140921,5.72659,0.307537,,0.332018,32.0742,1.93699,104.013,0.332018,1.02,1.5579581260681152,3.7977776527404785,1.37449,229.16000366210938,,,,,,,295.3,4.921666666,295.3,4.921666666,,,,,,,,,,,,,,,,,,,"Otto Lopez","19608",672640
"Austin Wells","NYY",46,181.718,161.266,34.5956,19.1353,7.1529,0.216914,8.09055,21.2975,23.7745,16.7647,0.527218,46.957,1.81494,1.40654,0.454766,2.28585,1.25296,0.365876,0.214525,0.0922566,0.258406,0.357022,0.293377,0.412076,0.307518,0.705453,0.197551,3.18169,0.246272,,-0.102348,20.2976,-1.38719,96.0146,-0.102348,4.33,-0.9544993117451668,7.754110336303711,1.34336,246.13999938964844,,,,,,,189.4,4.117391304,189.4,4.117391304,,,,,,,,,,,,,,,,,,,"Austin Wells","27562",669224
"Seiya Suzuki","CHC",60,258.454,226.708,59.4512,35.5306,9.71859,2.00134,12.2007,37.4359,37.4357,27.2776,1.0718,63.6812,1.82199,2.26768,0.379374,3.61313,2.97911,0.907009,0.262237,0.105541,0.246393,0.428347,0.343121,0.484212,0.35643,0.827332,0.221975,5.22418,0.308638,,-0.124248,39.1272,8.28528,127.276,-0.124248,0.53,8.402693592011929,-3.594578981399536,1.33854,113.43000030517578,,,,,,,346.5,5.775,346.5,5.775,,,,,,,,,,,,,,,,,,,"Seiya Suzuki","30116",673548
"Yandy Díaz","TBR",66,282.626,250.951,72.6433,49.7632,12.2151,0.537809,10.1271,36.9413,39.3389,26.5943,1.16814,41.4019,2.95838,1.72542,0.397012,7.98543,0.930102,0.365855,0.289472,0.0940971,0.14649,0.642346,0.362103,0.463498,0.359824,0.825601,0.174026,2.77169,0.310798,,-0.388479,43.5649,9.83852,130.053,-0.388479,-0.04,9.605833917856216,-6.697894610464573,1.3134,138.63999938964844,,,,,,,384.2,5.821212121,384.2,5.821212121,,,,,,,,,,,,,,,,,,,"Yandy Diaz","16578",650490
"Jonathan Aranda","TBR",64,273.763,238.529,64.5196,41.011,12.0788,0.280945,11.1489,35.2032,39.6287,28.5659,1.31847,62.9478,4.23125,2.2192,0.218382,5.16011,0.434629,0.139931,0.27049,0.104345,0.229935,0.453802,0.355761,0.463705,0.35651,0.819466,0.193215,2.17719,0.320254,,-0.363246,41.4627,8.79392,127.768,-0.363246,-0.1,8.581581562757492,-5.403274156153202,1.3088,195.60000610351562,,,,,,,362.2,5.659375,362.2,5.659375,,,,,,,,,,,,,,,,,,,"Jonathan Aranda","21837",666018
"Jose Altuve","HOU",59,259.518,232.187,61.026,38.8868,10.9066,0.604713,10.6278,35.5798,33.229,23.0533,0.704716,49.0999,2.11611,1.56687,0.594368,5.17439,4.40425,1.27005,0.262831,0.0888313,0.189197,0.469518,0.332899,0.45233,0.341453,0.785229,0.1895,4.3553,0.289601,,0.0113006,36.1342,5.16537,118.859,0.0113006,-2.1,5.769983788952231,-2.08976967073977,1.30823,116.5199966430664,,,,,,,330.4,5.6,330.4,5.6,,,,,,,,,,,,,,,,,,,"Jose Altuve","5417",514888
"Maikel Garcia","KCR",52,219.685,197.135,53.5022,36.7803,9.445,2.73719,4.53978,30.1687,22.8304,18.5978,0.224621,31.9481,0.519377,2.06562,1.36735,4.09195,7.32698,1.92974,0.271399,0.0846567,0.145427,0.582126,0.332632,0.416166,0.32772,0.748798,0.144767,6.77023,0.300913,,0.36372,28.1399,1.92445,105.754,0.36372,2.44,1.8510977923870087,3.2424691319465637,1.30762,63.150001525878906,,,,,,,263.3,5.063461538,263.3,5.063461538,,,,,,,,,,,,,,,,,,,"Maikel Garcia","22715",672580
"Ceddanne Rafaela","BOS",63,264.389,245.401,63.1947,40.9623,12.6484,2.13569,7.44832,34.0135,29.98,12.6421,0.282904,54.919,2.99384,1.83806,1.51347,3.72341,9.44873,2.53984,0.257516,0.0478165,0.207721,0.230196,0.299878,0.417518,0.311564,0.717396,0.160002,6.56457,0.30154,,0.531504,30.3999,-1.15017,93.4189,0.531504,3.98,-1.5158382654190063,4.952222168445587,1.30112,125.02999877929688,,,,,,,279.4,4.434920634,279.4,4.434920634,,,,,,,,,,,,,,,,,,,"Ceddanne Rafaela","24262",678882
"Ian Happ","CHC",64,275.418,237.235,57.353,33.0023,12.0118,0.486162,11.8527,37.6145,37.7231,33.7338,0.936855,71.8737,2.49816,1.60078,0.350795,4.30724,3.36709,1.00117,0.241756,0.122482,0.260962,0.469348,0.340225,0.446373,0.343699,0.786598,0.204617,3.94962,0.293344,,-0.111346,38.8501,5.98386,118.736,-0.111346,0.75,6.130037315189838,-2.254990816116333,1.30004,184.86000061035156,,,,,,,340.7,5.3234375,340.7,5.3234375,,,,,,,,,,,,,,,,,,,"Ian Happ","17919",664023
"Willy Adames","SFG",64,275.16,243.157,56.866,32.334,11.0684,0.521951,12.9416,36.2499,37.0067,26.911,0.448832,72.5841,1.5306,2.10055,0.234161,3.24667,4.13159,1.14046,0.233865,0.0978014,0.263789,0.370756,0.311684,0.443349,0.327844,0.755033,0.209483,4.24336,0.274988,,0.0268867,35.2733,2.43794,108.693,0.0268867,-2.09,2.9200827945023775,0.8729629516601562,1.29089,133.92999267578125,,,,,,,327.8,5.121875,327.8,5.121875,,,,,,,,,,,,,,,,,,,"Willy Adames","15986",642715
"Gleyber Torres","DET",54,233.641,201.383,53.2965,37.2208,8.53657,0.571203,6.96797,30.6373,26.7298,27.9686,0.160198,39.7025,1.58577,2.04899,0.642059,4.5551,2.12552,0.772839,0.264652,0.119708,0.16993,0.704454,0.355603,0.416516,0.341899,0.772119,0.151864,3.54735,0.295535,,-0.255841,32.6157,4.73484,118.33,-0.255841,-1,4.783398538827896,-0.47674423456192017,1.27831,261.510009765625,,,,,,,284.4,5.266666666,284.4,5.266666666,,,,,,,,,,,,,,,,,,,"Gleyber Torres","16997",650402
"Nico Hoerner","CHC",65,281.406,255.352,69.377,52.9729,10.9415,2.49273,2.9699,35.8436,25.9206,19.3819,0.402804,25.8327,3.85659,2.28431,0.527776,5.47398,10.7949,2.64542,0.271692,0.0688751,0.0917988,0.750284,0.32974,0.368957,0.310302,0.698697,0.0972647,6.45737,0.290199,,0.651487,32.0682,-1.51258,96.3291,0.651487,2.96,-0.5979787111282349,4.025779366493225,1.27452,101.93000030517578,,,,,,,284.4,4.375384615,284.4,4.375384615,,,,,,,,,,,,,,,,,,,"Nico Hoerner","21479",663538
"Rafael Devers","SFG",64,275.16,238.325,60.1592,33.6838,12.0152,0.284513,14.1756,37.8112,40.6211,32.3923,2.66754,68.6326,2.52557,1.70446,0.212469,4.89734,0.776417,0.329385,0.252425,0.117722,0.249428,0.471967,0.345801,0.483668,0.35671,0.829469,0.231243,2.46511,0.292477,,-0.338019,41.7188,8.88342,128.059,-0.338019,-0.05,9.000655084848404,-5.597675133496523,1.25142,61.619998931884766,,,,,,,371.3,5.8015625,371.3,5.8015625,,,,,,,,,,,,,,,,,,,"Rafael Devers","17350",646240
"Masyn Winn","STL",63,271.215,246.08,63.3481,44.1898,11.9736,1.59077,5.59399,32.5447,27.9587,19.2432,0.049136,48.8214,2.4011,2.05612,1.43437,4.81105,4.99233,1.30551,0.257429,0.070952,0.18001,0.394156,0.315043,0.387212,0.309664,0.702255,0.129783,5.29264,0.298131,,0.10104,30.7664,-1.59821,96.2532,0.10104,1.7,-1.1280977949500084,4.616666793823242,1.24707,364.7799987792969,,,,,,,279.1,4.43015873,279.1,4.43015873,,,,,,,,,,,,,,,,,,,"Masyn Winn","27479",691026
"Josh Jung","TEX",60,255.024,233.674,61.2175,40.3895,11.8216,0.595587,8.4108,30.6034,31.947,17.1981,0.217538,54.8572,2.28001,1.5747,0.296957,4.73074,1.29825,0.400754,0.261978,0.067437,0.215106,0.313506,0.316792,0.425646,0.324095,0.742438,0.163669,3.22248,0.307049,,-0.229266,31.9164,1.48379,107.727,-0.229266,0.1,2.089544251561165,1.0259258523583412,1.23487,610.5,,,,,,,282.2,4.703333333,282.2,4.703333333,,,,,,,,,,,,,,,,,,,"Josh Jung","26299",673962
"Luis Arraez","SFG",64,275.16,251.646,76.9753,60.7868,12.6567,1.23515,2.29659,32.5235,27.1426,16.3351,1.42516,11.9297,1.87421,2.55155,2.75303,6.51207,3.74898,1.64122,0.305888,0.0593658,0.0433554,1.36928,0.349421,0.393379,0.326505,0.7428,0.0874913,4.12428,0.311199,,-0.350649,34.9744,2.13904,107.795,-0.350649,0.37,2.243649512529373,0.9583897590637207,1.23108,280.04998779296875,,,,,,,297.4,4.646875,297.4,4.646875,,,,,,,,,,,,,,,,,,,"Luis Arraez","18568",650333
"Brandon Nimmo","TEX",59,252.07,222.551,57.7878,36.3293,10.3776,1.79993,9.28099,34.263,30.8613,23.4942,0.401727,52.3664,3.77306,1.85347,0.398479,4.50709,3.32853,0.89687,0.259661,0.0932049,0.207745,0.44865,0.33796,0.447575,0.342695,0.785536,0.187914,5.19445,0.298032,,-0.0481905,35.3513,5.27124,120.555,-0.0481905,0.13,6.048392355442047,-2.894513964653015,1.22811,145.4600067138672,,,,,,,310.7,5.266101694,310.7,5.266101694,,,,,,,,,,,,,,,,,,,"Brandon Nimmo","12927",607043
"J.P. Crawford","SEA",59,256.674,219.825,53.4978,36.565,9.67104,0.179655,7.08216,30.9296,27.0816,30.3513,0.242775,51.443,2.50761,1.39568,1.21663,5.50392,1.77462,0.630625,0.243365,0.118248,0.200422,0.589998,0.33988,0.385645,0.324374,0.725525,0.14228,3.07524,0.285291,,-0.280907,32.1809,1.5515,113.106,-0.280907,-1.95,3.677152931690216,-0.729110598564148,1.22388,748.5399780273438,,,,,,,271.6,4.60338983,271.6,4.60338983,,,,,,,,,,,,,,,,,,,"J.P. Crawford","15491",641487
"Daulton Varsho","TOR",57,246.555,222.048,52.2801,29.2627,10.6567,0.916637,11.4441,32.8398,32.7972,20.0916,0.709184,55.2793,2.20686,1.73033,0.478443,3.13695,4.21169,1.11394,0.235445,0.0814892,0.224207,0.363456,0.30307,0.44631,0.323791,0.74938,0.210865,5.06191,0.260011,,0.105159,30.7955,1.37357,106.706,0.105159,0.35,2.0507239550352097,1.2296296060085297,1.22102,192.2100067138672,,,,,,,281,4.929824561,281,4.929824561,,,,,,,,,,,,,,,,,,,"Daulton Varsho","19918",662139
"Will Smith","LAD",36,144.526,123.428,32.817,20.1285,5.68997,0.734771,6.26377,21.083,20.0144,16.5034,0.524671,26.1928,2.35568,1.75404,0.159751,2.16286,0.726572,0.227722,0.26588,0.114189,0.181232,0.630073,0.35876,0.476131,0.361807,0.834891,0.210251,4.09681,0.286365,,-0.157212,22.5104,5.26371,129.614,-0.157212,-0.34,5.019664108753204,2.190864235162735,1.20611,95.69000244140625,,,,,,,200.2,5.561111111,200.2,5.561111111,,,,,,,,,,,,,,,,,,,"Will Smith","19197",669257
"Sal Stewart","CIN",62,264.658,236.501,63.7332,37.6028,12.8781,0.403922,12.8483,36.8582,38.5471,23.9763,1.06768,52.7429,1.89763,1.97429,0.308765,4.82618,4.36447,1.24402,0.269484,0.0905935,0.199287,0.454587,0.338973,0.490333,0.35687,0.829306,0.220849,4.22763,0.29433,,0.0192373,40.1608,8.57867,120.969,0.0192373,0.02,6.731619173660874,-3.5307545475661755,1.19634,161.8699951171875,,,,,,,364.1,5.872580645,364.1,5.872580645,,,,,,,,,,,,,,,,,,,"Sal Stewart","31505",701398
"Josh Naylor","SEA",59,256.674,230.288,61.1528,40.0402,10.9505,0.121715,10.0405,34.0868,32.9672,21.1645,1.73612,35.6737,2.46765,2.21053,0.255728,5.08541,8.08764,1.88664,0.26555,0.0824567,0.138985,0.593279,0.331023,0.444958,0.336086,0.77598,0.179408,4.50901,0.273644,,0.499849,34.6204,3.99096,121.183,0.499849,0.24,6.89737594127655,-4.374548211693764,1.18085,67.45999908447266,,,,,,,316.1,5.357627118,316.1,5.357627118,,,,,,,,,,,,,,,,,,,"Josh Naylor","18839",647304
"Austin Riley","ATL",62,265.749,238.532,59.9655,36.4688,11.3849,0.820094,11.2916,34.8573,35.7788,21.2438,0.157714,71.3265,3.6506,2.05511,0.267288,3.92284,1.94852,0.586346,0.251394,0.0799392,0.268398,0.297838,0.319645,0.448013,0.333767,0.767658,0.196619,3.88786,0.308123,,-0.184615,35.3443,3.6319,109.832,-0.184615,-1,2.9758535772562027,-0.04320991039276123,1.1728,59.36000061035156,,,,,,,314,5.064516129,314,5.064516129,,,,,,,,,,,,,,,,,,,"Austin Riley","18360",663586
"Andrés Giménez","TOR",57,246.555,224.163,55.5808,39.3376,10.2153,0.499577,5.52831,30.106,23.8816,12.9303,0.43873,44.8901,6.32505,1.79625,1.34055,4.87964,8.45103,2.00655,0.247948,0.0524438,0.182069,0.288044,0.305186,0.371962,0.299462,0.677148,0.124014,5.54265,0.285132,,0.543243,25.928,-3.49399,89.9279,0.543243,2.3,-2.378751814365387,4.938888788223267,1.14814,412.2200012207031,,,,,,,241.6,4.238596491,241.6,4.238596491,,,,,,,,,,,,,,,,,,,"Andres Gimenez","19950",665926
"Teoscar Hernández","LAD",59,257.722,234.698,62.3121,37.3479,11.3667,0.66466,12.9329,37.5536,38.4364,18.4083,0.475899,67.0174,2.41485,1.89997,0.300513,4.74298,2.52285,0.719274,0.265499,0.0714269,0.260038,0.274679,0.322954,0.484907,0.3476,0.807861,0.219408,4.30595,0.315224,,-0.105903,37.1697,6.41518,120.083,-0.105903,-0.78,6.1544274762272835,-3.511481523513794,1.11702,125.41999816894531,,,,,,,334.9,5.676271186,334.9,5.676271186,,,,,,,,,,,,,,,,,,,"Teoscar Hernandez","13066",606192
"Francisco Alvarez","NYM",42,164.116,146.872,33.8248,20.4075,5.6685,0.257517,7.49132,20.2013,22.3539,13.8562,0.335998,43.9109,2.1059,1.04165,0.240629,3.22863,0.291849,0.103865,0.230302,0.0844296,0.26756,0.315554,0.30381,0.425422,0.317923,0.729232,0.19512,2.6428,0.272855,,-0.179636,19.7172,0.132929,102.936,-0.179636,2.51,0.4031391590833664,5.248948574066162,1.11297,165.25,,,,,,,174.6,4.157142857,174.6,4.157142857,,,,,,,,,,,,,,,,,,,"Francisco Alvarez","26121",682626
"Christian Walker","HOU",63,279.952,249.733,59.4603,32.9176,10.4108,0.588117,15.5438,37.2088,41.8692,23.8771,0.769528,67.0801,3.773,2.2443,0.324982,4.42122,1.17991,0.315023,0.238095,0.0852897,0.239612,0.355948,0.311523,0.471218,0.337037,0.782741,0.233123,3.16091,0.259319,,-0.21817,37.9763,4.56899,115.813,-0.21817,0.82,4.990845933556557,-4.041111171245575,1.10559,212.94000244140625,,,,,,,351.4,5.577777777,351.4,5.577777777,,,,,,,,,,,,,,,,,,,"Christian Walker","13419",572233
"Kyle Teel","CHW",50,199.465,175.498,43.4644,28.9271,7.95318,0.258039,6.3261,24.159,22.438,20.0678,0.152092,52.3561,2.09009,1.40219,0.406817,3.5502,1.94411,0.603482,0.247663,0.100608,0.262483,0.383295,0.329664,0.404062,0.32443,0.733726,0.156398,3.40476,0.314151,,-0.137037,25.0172,1.21468,106.276,-0.137037,0,1.3359952569007874,2.4627938270568848,1.10368,266.8800048828125,,,,,,,212.4,4.248,212.4,4.248,,,,,,,,,,,,,,,,,,,"Kyle Teel","33549",691019
"Evan Carter","TEX",46,196.93,171.908,39.9504,24.8411,7.7026,1.16508,6.24165,26.6312,20.0278,20.0762,0.467315,45.5826,2.64433,1.42804,0.873705,2.43183,7.71357,1.85699,0.232395,0.101946,0.231466,0.440435,0.319658,0.399681,0.317202,0.719339,0.167286,6.30744,0.277413,,0.517621,23.5443,0.0442428,102.974,0.517621,1.97,1.2066647410392761,2.6798765659332275,1.10342,280.4800109863281,,,,,,,215.9,4.69347826,215.9,4.69347826,,,,,,,,,,,,,,,,,,,"Evan Carter","27790",694497
"Xavier Edwards","MIA",60,252.549,223.543,63.5579,49.3481,9.86563,1.68373,2.66051,31.6356,22.3007,24.272,1.08216,33.0615,1.10089,1.85725,1.77506,5.12654,9.86125,2.71569,0.28432,0.0961084,0.130911,0.734149,0.354626,0.379222,0.326251,0.733848,0.0949016,5.81042,0.321056,,0.447348,32.0483,1.91119,103.929,0.447348,0.03,1.6474867165088654,0.9559258501976728,1.09597,182.42999267578125,,,,,,,288.6,4.81,288.6,4.81,,,,,,,,,,,,,,,,,,,"Xavier Edwards","22266",669364
"Michael Busch","CHC",59,255.461,220.521,54.8451,32.1177,11.1889,0.587617,10.9509,33.9667,36.1503,28.85,0.500593,59.8795,3.89646,1.89294,0.300158,4.39806,0.980795,0.344491,0.248707,0.112933,0.234398,0.481801,0.34328,0.453752,0.348021,0.797033,0.205045,3.25126,0.289571,,-0.294914,36.9307,6.44609,121.635,-0.294914,0.69,6.390036433935165,-3.883400022983551,1.09577,106.45999908447266,,,,,,,328.9,5.574576271,328.9,5.574576271,,,,,,,,,,,,,,,,,,,"Michael Busch","26319",683737
"Steven Kwan","CLE",54,233.769,204.905,55.7839,43.3369,9.33379,0.750725,2.36247,27.2433,20.9603,23.7559,0.461909,20.4496,1.85598,1.92466,1.32731,4.9107,4.69939,1.47995,0.272242,0.101621,0.0874778,1.16168,0.350177,0.35971,0.318875,0.709887,0.087468,4.51808,0.290306,,-0.0445272,28.266,0.369879,103.904,-0.0445272,1.93,1.0293184667825699,1.158394992351532,1.06434,169.60000610351562,,,,,,,243.9,4.516666666,243.9,4.516666666,,,,,,,,,,,,,,,,,,,"Steven Kwan","24610",680757
"Bryan Reynolds","PIT",63,263.541,230.146,60.8344,38.4819,10.5772,1.95767,9.81762,36.5609,33.5487,27.8395,0.880711,61.2236,3.49158,1.81654,0.248187,5.18597,2.61409,0.853834,0.26433,0.105636,0.232311,0.454718,0.350049,0.455276,0.351048,0.805324,0.190946,4.81608,0.31703,,-0.204262,38.7464,7.29749,120.028,-0.204262,-1.09,6.180097624659538,-4.260289788246155,1.06302,204.72000122070312,,,,,,,344.8,5.473015873,344.8,5.473015873,,,,,,,,,,,,,,,,,,,"Bryan Reynolds","19326",668804
"J.T. Realmuto","PHI",50,200.789,178.989,45.9708,30.2019,7.78736,1.64899,6.33259,26.0266,24.37,14.2146,0.275402,45.2562,3.0821,1.59437,0.239611,3.51821,3.31996,0.912726,0.256836,0.0707941,0.225392,0.314093,0.319727,0.424908,0.325051,0.744635,0.168072,5.55115,0.307286,,0.0299148,25.2845,1.32403,102.857,0.0299148,-0.59,0.723859990015626,3.144567906856537,1.05336,212.27000427246094,,,,,,,223.5,4.47,223.5,4.47,,,,,,,,,,,,,,,,,,,"J.T. Realmuto","11739",592663
"Matt Chapman","SFG",45,193.409,168.161,39.8308,23.7425,8.27704,0.818915,6.99234,25.3766,22.3722,21.4824,0.336267,45.6426,2.12567,1.45522,0.185117,3.01998,2.10322,0.538391,0.236861,0.111072,0.23599,0.470666,0.328317,0.420566,0.329024,0.748883,0.183704,4.48756,0.280716,,-0.0570169,24.9789,1.89892,109.485,-0.0570169,1.03,2.1619076021015644,1.7244443893432617,1.03085,163.6199951171875,,,,,,,220.7,4.904444444,220.7,4.904444444,,,,,,,,,,,,,,,,,,,"Matt Chapman","16505",656305
"Spencer Torkelson","DET",61,265.868,231.638,55.2544,29.8829,11.0012,0.535026,13.8353,36.1143,39.0614,28.5446,0.853953,72.8132,3.28936,2.1634,0.232491,3.30733,0.89432,0.275787,0.238538,0.107364,0.27387,0.392026,0.32785,0.469835,0.344833,0.797685,0.231297,2.9733,0.281471,,-0.264772,37.7475,6.02094,120.354,-0.264772,-0.67,6.102556586265564,-5.41862815618515,1.02791,188.35000610351562,,,,,,,343.1,5.624590163,343.1,5.624590163,,,,,,,,,,,,,,,,,,,"Spencer Torkelson","27465",679529
"Brandon Marsh","PHI",56,242.157,218.087,59.0042,37.6127,11.2451,0.834466,9.31187,32.8951,31.5888,20.0795,0.583993,65.8402,1.57314,1.52712,0.890423,3.68975,5.10398,1.36328,0.270554,0.0829192,0.271891,0.304973,0.334306,0.457863,0.343816,0.792168,0.187309,5.08109,0.343982,,0.137832,34.1814,5.28425,115.447,0.137832,-0.06,4.662179917097092,-2.4443522058427334,1.02269,609.72998046875,,,,,,,307.3,5.4875,307.3,5.4875,,,,,,,,,,,,,,,,,,,"Brandon Marsh","20202",669016
"Colton Cowser","BAL",41,176.163,155.468,36.3361,21.4369,7.01214,0.30634,7.58073,23.6729,22.4781,16.9374,0.367933,53.5931,2.32092,1.10708,0.329444,2.71576,3.59824,1.03056,0.233721,0.0961467,0.304225,0.316038,0.316178,0.429048,0.325703,0.745226,0.195327,4.66708,0.301416,,0.0739881,22.2767,1.25483,108.876,0.0739881,1.52,1.9137912094593048,1.9037785530090332,1.02155,251.72000122070312,,,,,,,203.9,4.973170731,203.9,4.973170731,,,,,,,,,,,,,,,,,,,"Colton Cowser","29591",681297
"Jackson Holliday","BAL",50,215.973,190.64,47.6989,31.2781,9.08861,0.900639,6.43155,28.6989,23.8026,22.0659,0.521079,49.8445,1.66158,1.35429,0.251392,4.04496,4.9911,1.72272,0.250204,0.10217,0.23079,0.442694,0.331104,0.408536,0.325824,0.73964,0.158333,5.12693,0.304066,,-0.0111494,27.332,1.55948,108.959,-0.0111494,-0.76,2.2654983792454004,0.0527571439743042,1.01338,203.14999389648438,,,,,,,241.9,4.838,241.9,4.838,,,,,,,,,,,,,,,,,,,"Jackson Holliday","31781",702616
"Colt Emerson","SEA",57,247.615,222.903,50.5423,32.5883,9.79688,0.522678,7.63442,29.4494,26.6791,19.5519,0.887984,69.0979,3.33177,1.30318,0.524903,4.15453,5.60133,1.59005,0.226746,0.0789611,0.279054,0.28296,0.297163,0.378137,0.297461,0.6753,0.151391,4.77675,0.290952,,0.165396,25.6374,-3.91099,94.5449,0.165396,0,-1.4239669144153595,2.597494602203369,1.01163,999,,,,,,,247.3,4.338596491,247.3,4.338596491,,,,,,,,,,,,,,,,,,,"Colt Emerson","33575",806068
"Jordan Walker","STL",62,265.276,240.47,61.635,37.117,12.0462,0.941564,11.5303,36.8171,36.6313,20.3845,0.634351,68.749,2.61856,1.51898,0.283782,4.40208,6.2872,1.75785,0.256311,0.0768427,0.259161,0.296506,0.319399,0.458084,0.336515,0.777482,0.201773,5.3702,0.309844,,0.206444,35.8728,4.21691,114.267,0.206444,-0.54,4.784348875284195,-3.49541836977005,1.0049,511.7200012207031,,,,,,,335.3,5.408064516,335.3,5.408064516,,,,,,,,,,,,,,,,,,,"Jordan Walker","27475",691023
"Salvador Perez","KCR",57,229.536,209.855,53.5701,32.2251,9.88185,0.169057,11.2941,27.1561,36.977,11.3954,1.22577,45.5498,3.63457,2.13571,0.22673,3.69306,0.226412,0.0698755,0.255272,0.0496451,0.198443,0.250174,0.302175,0.465428,0.328682,0.767603,0.210156,2.07647,0.27249,,-0.232694,29.5809,2.1898,106.417,-0.232694,-0.19,1.5004349499940872,0.19289758801460266,0.999048,91.13999938964844,,,,,,,269.8,4.733333333,269.8,4.733333333,,,,,,,,,,,,,,,,,,,"Salvador Perez","7304",521692
"Nolan Arenado","ARI",60,261.222,237.648,60.6315,40.1505,11.2359,0.54998,8.69512,30.6571,34.9181,18.647,0.895511,42.6901,2.24565,2.33975,0.341416,4.62187,1.4599,0.428257,0.255131,0.0713837,0.163425,0.436799,0.312496,0.416803,0.317544,0.729299,0.161672,3.26171,0.275374,,-0.211036,31.3033,0.131066,98.4402,-0.211036,1.2,-0.7038753926753998,2.0417508482933044,0.996487,638.0599975585938,,,,,,,290.7,4.845,290.7,4.845,,,,,,,,,,,,,,,,,,,"Nolan Arenado","9777",571448
"Ozzie Albies","ATL",63,271.699,246.273,63.1611,40.4004,12.3072,1.22887,9.22464,33.9449,33.8295,19.7087,0.573974,38.2375,2.40707,3.04054,0.26944,4.13207,3.38229,0.958099,0.256468,0.072539,0.140735,0.515429,0.314178,0.428793,0.32259,0.742971,0.172325,4.58885,0.267209,,-0.0560615,33.6714,1.24902,102.334,-0.0560615,-0.76,0.7109713144600391,0.212222158908844,0.989057,150.5,,,,,,,300.8,4.774603174,300.8,4.774603174,,,,,,,,,,,,,,,,,,,"Ozzie Albies","16556",645277
"Jarren Duran","BOS",60,249.809,224.293,56.6114,32.9705,13.1513,1.94285,8.5468,35.0507,29.8644,20.7037,0.215862,61.8737,2.89682,1.36303,0.552579,3.39309,9.24495,1.98677,0.2524,0.0828782,0.247684,0.334612,0.321805,0.442675,0.332807,0.76448,0.190275,6.62667,0.309625,,0.719963,33.0297,3.21947,108.069,0.719963,1.41,3.091738700866699,-2.239237427711487,0.987057,64.04000091552734,,,,,,,312.4,5.206666666,312.4,5.206666666,,,,,,,,,,,,,,,,,,,"Jarren Duran","24617",680776
"Caleb Durbin","BOS",58,243.977,218.881,54.8952,36.8855,11.0673,0.724183,6.21818,30.2537,26.0243,15.8526,0.336461,29.7181,5.4763,1.74127,2.02576,5.15858,8.14672,1.90954,0.2508,0.0649758,0.121807,0.533432,0.31504,0.393207,0.312288,0.708247,0.142407,5.64222,0.263567,,0.52412,28.196,-0.918199,93.9176,0.52412,1.27,-1.2219809293746948,2.16506165266037,0.975194,219.8300018310547,,,,,,,255.6,4.406896551,255.6,4.406896551,,,,,,,,,,,,,,,,,,,"Caleb Durbin","29646",702332
"Travis Bazzana","CLE",60,257.745,226.532,53.2714,34.0219,11.7464,0.940251,6.56286,31.912,26.7198,26.0889,0.511656,59.1816,2.73351,1.65828,0.733171,4.20243,6.8598,1.90974,0.235161,0.10122,0.229613,0.440828,0.319416,0.382229,0.311259,0.701645,0.147068,5.3751,0.287534,,0.242556,29.5721,-1.18518,98.6513,0.242556,0,-0.16645930707454681,0.42655012011528015,0.955726,999,,,,,,,270.8,4.513333333,270.8,4.513333333,,,,,,,,,,,,,,,,,,,"Travis Bazzana","34967",683953
"José Caballero","NYY",52,224.417,199.602,46.7735,31.2535,8.48995,0.724804,6.30521,32.8067,19.1605,17.4365,0.189132,54.2742,3.91301,1.36932,2.09588,2.659,20.022,4.32924,0.234334,0.0776972,0.241846,0.321267,0.306418,0.378898,0.303618,0.685316,0.144564,7.40546,0.288253,,1.92497,24.3567,-2.42336,93.325,1.92497,0,0.1623595952987671,1.2401795387268066,0.951159,200.02999877929688,,,,,,,238.3,4.582692307,238.3,4.582692307,,,,,,,,,,,,,,,,,,,"Jose Caballero","23401",676609
"Brayan Rocchio","CLE",57,245.757,220.78,54.3108,37.7021,11.2153,0.712399,4.68091,28.7703,23.4985,17.8197,0.250535,40.6631,3.47572,1.889,1.79297,4.56629,6.80746,2.31174,0.245995,0.0725095,0.16546,0.438229,0.309907,0.366852,0.300283,0.676759,0.120857,5.15681,0.279881,,0.0847205,26.0079,-3.31888,91.082,0.0847205,0.52,-2.4940956756472588,3.117494583129883,0.949264,999,,,,,,,236.7,4.152631578,236.7,4.152631578,,,,,,,,,,,,,,,,,,,"Brayan Rocchio","23690",677587
"Alec Burleson","STL",61,262.306,237.062,65.0543,42.5069,11.8445,0.302057,10.4008,33.5986,37.242,19.5857,0.72028,38.4934,2.14328,2.4759,0.609255,5.42888,2.42793,0.695539,0.274418,0.0746671,0.14675,0.508806,0.332163,0.458552,0.342405,0.790715,0.184134,3.40261,0.286678,,-0.146526,36.725,5.4234,118.219,-0.146526,0.01,5.633828848600388,-4.823714962229133,0.946653,175.19000244140625,,,,,,,322.8,5.291803278,322.8,5.291803278,,,,,,,,,,,,,,,,,,,"Alec Burleson","27615",676475
"Zack Gelof","ATH",44,192.215,174.173,43.3257,25.7037,8.33032,0.642145,8.6495,27.5528,24.809,14.4753,0.165954,52.9432,1.38678,1.13613,1.04381,2.64938,5.8706,1.45191,0.248751,0.0753081,0.275438,0.273412,0.309607,0.452934,0.330164,0.762541,0.204183,5.62453,0.304936,,0.347871,25.0023,2.06492,107.639,0.347871,0.13,2.0755124986171722,0.4210052490234375,0.94575,999,,,,,,,233.9,5.31590909,233.9,5.31590909,,,,,,,,,,,,,,,,,,,"Zack Gelof","29766",680869
"Luis García Jr.","WSN",54,225.013,209.245,58.8737,37.0638,10.1584,0.904528,10.747,30.9176,34.9862,12.6268,0.552338,34.4094,0.819946,2.05006,0.271106,4.37921,4.8559,1.47166,0.281363,0.0561161,0.152922,0.366959,0.321794,0.492639,0.348813,0.814433,0.211276,4.8148,0.289679,,0.0904416,32.6736,5.82239,120.412,0.0904416,0.47,5.64591346681118,-3.63416650891304,0.945319,261.8500061035156,,,,,,,308.2,5.707407407,308.2,5.707407407,,,,,,,,,,,,,,,,,,,"Luis Garcia Jr.","20391",671277
"Luis Campusano","SDP",40,161.895,145.104,36.1388,23.54,6.20877,0.228019,6.162,19.571,21.2661,13.9382,0.111822,32.4648,1.42879,1.16972,0.253669,3.40529,0.276214,0.0868542,0.249054,0.0860942,0.20053,0.429333,0.318643,0.422383,0.324518,0.741026,0.173329,2.29556,0.278472,,-0.190645,20.3167,0.997526,107.793,-0.190645,0,1.335438147187233,2.7097718715667725,0.943038,999,,,,,,,175.4,4.385,175.4,4.385,,,,,,,,,,,,,,,,,,,"Luis Campusano","22217",669134
"Cam Smith","HOU",50,221.714,198.008,48.2102,30.883,8.6654,1.39299,7.26887,29.3957,24.4948,19.4222,0.382224,55.7935,2.62846,1.33871,0.316993,3.66404,4.708,1.31574,0.243476,0.0876003,0.251646,0.348109,0.317352,0.411439,0.319805,0.728792,0.167963,5.52949,0.300412,,0.111518,26.9758,0.518153,103.929,0.111518,2.49,1.136554405093193,0.21579599380493164,0.936335,341.8699951171875,,,,,,,241.1,4.822,241.1,4.822,,,,,,,,,,,,,,,,,,,"Cam Smith","35108",701358
"Bryson Stott","PHI",58,254.265,229.001,58.1384,40.1981,11.012,0.728452,6.19989,31.9106,26.8291,21.0287,0.337272,43.9782,1.46795,1.97158,0.795779,3.99141,9.6759,2.27455,0.253878,0.0827041,0.172962,0.478163,0.318126,0.389548,0.312061,0.707674,0.13567,5.5745,0.287279,,0.654303,29.3383,-1.00365,94.1422,0.654303,1.08,-1.1472426652908325,2.0162140130996704,0.926101,181.44000244140625,,,,,,,269.2,4.64137931,269.2,4.64137931,,,,,,,,,,,,,,,,,,,"Bryson Stott","26294",681082
"Patrick Bailey","CLE",42,163.838,148.046,33.0886,22.8022,6.35947,0.348632,3.5783,16.3477,16.4335,12.366,0.13505,40.8573,1.13509,1.25405,1.03747,2.7398,0.846314,0.274837,0.223503,0.0754771,0.249376,0.302664,0.286176,0.34368,0.279954,0.629856,0.120177,3.1645,0.281415,,-0.140396,14.6358,-4.91537,77.062,-0.140396,4.63,-4.562388196587563,7.87074089050293,0.925583,747.8900146484375,,,,,,,132.7,3.159523809,132.7,3.159523809,,,,,,,,,,,,,,,,,,,"Patrick Bailey","27478",672275
"Kerry Carpenter","DET",50,215.514,193.848,48.9132,26.9131,8.68441,0.658032,12.6576,29.9847,34.5812,15.7304,0.405571,55.5211,3.53491,1.65783,0.206342,3.18442,0.752753,0.317816,0.252327,0.0729903,0.257622,0.283323,0.317447,0.499806,0.350208,0.817253,0.247479,3.32684,0.284743,,-0.228893,31.5384,5.82072,124.061,-0.228893,-0.53,5.872616305947304,-4.451444149017334,0.920942,236.22000122070312,,,,,,,296.3,5.926,296.3,5.926,,,,,,,,,,,,,,,,,,,"Kerry Carpenter","25961",681481
"Oneil Cruz","PIT",42,177.646,156.558,38.3707,21.3764,7.0627,0.814398,9.11721,28.0134,24.1875,18.5313,0.85616,55.6259,1.43539,0.970995,0.150394,2.32922,8.46186,2.07919,0.245089,0.104315,0.313127,0.333141,0.328668,0.47531,0.346652,0.803979,0.230222,6.63838,0.315278,,0.610843,25.4843,4.28533,117.079,0.610843,-1.61,4.2806556224823,-1.1291159391403198,0.904526,92.93000030517578,,,,,,,236,5.619047619,236,5.619047619,,,,,,,,,,,,,,,,,,,"Oneil Cruz","21711",665833
"Chase Meidroth","CHW",59,249.825,220.458,56.021,42.2398,8.81776,0.671906,4.2915,28.878,22.1027,23.6308,0,47.2015,2.97258,1.32818,1.43498,6.23438,3.68344,1.30249,0.254112,0.0945897,0.188939,0.500637,0.33264,0.358604,0.310844,0.691244,0.104492,4.26832,0.303767,,-0.176026,28.5793,-1.23282,96.9068,-0.176026,0.13,-1.0852748155593872,1.104763925075531,0.902816,646.8699951171875,,,,,,,248.8,4.216949152,248.8,4.216949152,,,,,,,,,,,,,,,,,,,"Chase Meidroth","31580",805367
"Victor Caratini","MIN",35,136.833,120.804,30.1856,21.2589,4.49651,0.078114,4.352,15.9024,16.1079,11.3054,0.348454,25.6921,2.84111,1.26374,0.170916,3.2927,0.237562,0.0930431,0.249873,0.0826224,0.187763,0.440036,0.32546,0.396464,0.318867,0.721924,0.146591,2.07025,0.280729,,-0.180722,16.5441,0.215547,101.933,-0.180722,2.83,0.13049311935901642,3.9102468490600586,0.902319,681.02001953125,,,,,,,138.2,3.948571428,138.2,3.948571428,,,,,,,,,,,,,,,,,,,"Victor Caratini","14968",605170
"Henry Bolte","ATH",47,204.291,185.903,47.7451,31.9602,8.67872,1.40689,5.69931,29.4735,20.6505,14.3646,0.123604,61.5363,2.79794,0.852849,0.372778,3.7141,8.99495,2.24356,0.256828,0.0703145,0.301219,0.233433,0.318302,0.41062,0.320145,0.728923,0.153792,6.94474,0.351788,,0.60323,24.9122,0.533743,100.729,0.60323,0,0.7785052359104156,0.6832617521286011,0.884582,999,,,,,,,233.5,4.968085106,233.5,4.968085106,,,,,,,,,,,,,,,,,,,"Henry Bolte","31448",703607
"Luke Keaschall","MIN",52,219.32,193.492,53.065,37.0875,10.378,1.11562,4.48386,29.1274,22.1675,19.4941,0.548572,34.66,4.0116,2.01906,0.302953,3.7758,6.8312,1.7189,0.274248,0.0888841,0.158034,0.562437,0.34961,0.408935,0.334941,0.758545,0.134686,5.59409,0.310685,,0.328378,29.3782,3.20626,113.019,0.328378,-1.81,3.6879761815071106,-2.7976542711257935,0.880946,114.8499984741211,,,,,,,252.8,4.861538461,252.8,4.861538461,,,,,,,,,,,,,,,,,,,"Luke Keaschall","33321",807712
"Carter Jensen","KCR",49,197.027,175.825,42.6119,24.6897,9.87374,0.713517,7.33499,24.5638,26.3453,18.5078,0.560187,51.9394,1.06604,1.34937,0.278505,2.73989,1.53851,0.515648,0.242354,0.0939354,0.263616,0.356334,0.316067,0.431779,0.325413,0.747846,0.189425,4.05473,0.29921,,-0.142614,24.8687,1.35709,104.163,-0.142614,0.34,0.8224890828132629,0.764699786901474,0.871081,999,,,,,,,226.3,4.618367346,226.3,4.618367346,,,,,,,,,,,,,,,,,,,"Carter Jensen","29478",695600
"Kody Clemens","MIN",46,194.089,175.999,41.4274,22.869,8.38649,0.800132,9.37179,25.2263,26.8625,13.9561,0.404487,45.1661,1.80799,1.6218,0.704132,2.76461,2.26424,0.777977,0.235385,0.0719059,0.232709,0.308995,0.29574,0.451876,0.321876,0.747616,0.216491,4.60291,0.26044,,-0.0766766,23.9407,0.779704,104.008,-0.0766766,0.61,0.8387269005179405,0.784897118806839,0.864172,700.7000122070312,,,,,,,216.1,4.697826086,216.1,4.697826086,,,,,,,,,,,,,,,,,,,"Kody Clemens","20572",665019
"Colt Keith","DET",50,215.514,194.381,51.4635,33.194,10.0739,0.879058,7.31665,27.8684,27.026,17.7616,0.456706,43.3749,1.58145,1.58361,0.206094,3.6558,1.90675,0.647452,0.264756,0.082415,0.201263,0.40949,0.328862,0.438548,0.334255,0.76741,0.173792,4.19339,0.303889,,-0.168956,28.7483,3.03062,113.058,-0.168956,0.07,3.142444983124733,-2.3082343861460686,0.861543,502.489990234375,,,,,,,253.1,5.062,253.1,5.062,,,,,,,,,,,,,,,,,,,"Colt Keith","27899",690993
"Vinnie Pasquantino","KCR",58,248.254,220.824,57.7518,34.5176,12.5144,0.455326,10.2646,31.2415,36.1148,22.2109,1.43151,37.5536,2.27998,2.56015,0.379288,4.21297,0.891843,0.249872,0.261529,0.0894684,0.151271,0.591446,0.331791,0.461773,0.342269,0.793565,0.200244,2.90401,0.270481,,-0.236742,34.7303,5.1056,115.788,-0.236742,-0.12,4.374944686889648,-4.801069848239422,0.852058,77.0999984741211,,,,,,,309.4,5.334482758,309.4,5.334482758,,,,,,,,,,,,,,,,,,,"Vinnie Pasquantino","27676",686469
"Cedric Mullins","TBR",51,217.632,192.802,43.9586,26.1984,8.46834,0.953564,8.33832,29.2072,24.9842,19.4398,0.206925,46.8939,2.08681,1.48059,1.59329,2.09603,9.98716,2.1861,0.227998,0.089324,0.215473,0.414548,0.30344,0.411556,0.313024,0.714996,0.183558,6.35236,0.256168,,0.83352,25.2815,-0.688951,97.778,0.83352,-0.39,0.26453059911727905,0.3970370292663574,0.85171,321.5,,,,,,,233.9,4.586274509,233.9,4.586274509,,,,,,,,,,,,,,,,,,,"Cedric Mullins","17929",656775
"Carson Kelly","CHC",40,159.663,140.236,34.3181,23.2865,5.33664,0.421923,5.27297,19.1241,19.5815,15.5465,0.105879,29.013,1.71078,1.3944,0.295612,3.20122,0.520174,0.14787,0.244716,0.0973708,0.181714,0.535846,0.324602,0.401591,0.320705,0.726193,0.156874,3.13972,0.270578,,-0.17605,19.5427,0.489763,103.309,-0.17605,0,0.46300065517425537,2.5842225551605225,0.834688,591.9099731445312,,,,,,,167.8,4.195,167.8,4.195,,,,,,,,,,,,,,,,,,,"Carson Kelly","13620",608348
"Yainer Diaz","HOU",39,157.346,147.617,39.1908,26.2046,6.5407,0.541659,5.90385,19.0142,20.7261,7.15279,0.267203,27.5112,1.00827,1.33361,0.234354,3.55582,0.43904,0.135836,0.265491,0.0454591,0.174846,0.259996,0.301391,0.437122,0.318936,0.738512,0.171631,3.16255,0.288111,,-0.152993,19.0331,0.256744,103.33,-0.152993,-0.59,0.46347494423389435,2.174438178539276,0.834324,113.04000091552734,,,,,,,176.8,4.533333333,176.8,4.533333333,,,,,,,,,,,,,,,,,,,"Yainer Diaz","23003",673237
"Cole Young","SEA",54,233.523,208.96,50.3549,33.4651,10.2549,0.642749,5.9922,27.08,24.5165,19.1008,0.307428,42.5072,2.97214,1.52463,0.965406,4.20349,3.17735,1.02016,0.240979,0.0817943,0.182026,0.449355,0.311441,0.382236,0.306817,0.693677,0.141257,4.34952,0.273869,,-0.086492,25.9512,-1.91558,100.997,-0.086492,-1.15,0.18743149936199188,-0.3166666626930237,0.828983,704.2899780273438,,,,,,,231,4.277777777,231,4.277777777,,,,,,,,,,,,,,,,,,,"Cole Young","31680",702284
"Ryan McMahon","NYY",44,186.683,163.901,35.8508,21.0282,6.73059,0.143967,7.94805,22.6333,24.0051,20.2922,0.385987,57.7625,1.03496,1.20366,0.251097,2.99552,1.33271,0.480275,0.218735,0.108699,0.309415,0.351304,0.306697,0.407036,0.313452,0.713732,0.188301,3.11658,0.280729,,-0.159721,21.7511,-0.526183,100.107,-0.159721,0.99,-0.13624862767755985,1.6690123081207275,0.828273,732.8599853515625,,,,,,,198,4.5,198,4.5,,,,,,,,,,,,,,,,,,,"Ryan McMahon","15112",641857
"Tyler Stephenson","CIN",43,170.842,150.524,36.4636,23.1668,6.52548,0.495602,6.27576,20.8106,21.0743,17.1134,0.257391,45.532,1.67201,1.19226,0.226046,2.97101,0.504684,0.196207,0.242245,0.10017,0.266515,0.375854,0.324038,0.41726,0.325644,0.741298,0.175015,3.03865,0.302156,,-0.205999,21.5957,1.20876,100.019,-0.205999,-0.03,-0.20197183964774013,2.782316179946065,0.824293,294.75,,,,,,,186.2,4.330232558,186.2,4.330232558,,,,,,,,,,,,,,,,,,,"Tyler Stephenson","17988",663886
"Ryan O'Hearn","PIT",56,238.163,212.09,57.2858,37.1992,9.88535,0.458073,9.7432,30.9302,32.8879,21.5753,0.913566,47.7755,2.28848,1.88647,0.32344,4.85539,1.11436,0.365465,0.270102,0.0905902,0.2006,0.451597,0.341194,0.458848,0.347317,0.800042,0.188746,3.06417,0.303869,,-0.254105,34.2941,5.87355,117.525,-0.254105,-0.1,4.794248551130295,-4.420987702906132,0.822859,285.44000244140625,,,,,,,304.1,5.430357142,304.1,5.430357142,,,,,,,,,,,,,,,,,,,"Ryan O'Hearn","16442",656811
"Ezequiel Tovar","COL",59,258.691,238.975,62.6345,39.4427,13.3248,1.54816,8.31886,32.327,32.9752,13.5242,0.0224156,61.8476,1.53931,2.27623,2.37584,3.5981,3.73504,1.05899,0.262096,0.0522794,0.239079,0.21867,0.303135,0.435242,0.319532,0.738377,0.173146,5.12971,0.317477,,0.0129803,31.4173,0.547147,87.2368,0.0129803,0.94,-3.9805826684460044,3.6714815497398376,0.821472,209.22999572753906,,,,,,,290.9,4.930508474,290.9,4.930508474,,,,,,,,,,,,,,,,,,,"Ezequiel Tovar","24064",678662
"Lars Nootbaar","STL",51,218.754,189.006,46.6807,30.3902,9.37978,0.514706,6.39599,27.3695,25.2115,26.1516,0.84457,43.0211,1.48706,1.53991,0.568936,4.377,2.19632,0.814674,0.24698,0.119548,0.196665,0.607879,0.340626,0.403574,0.329018,0.744199,0.156594,3.6293,0.285446,,-0.208021,28.251,2.14668,109.238,-0.208021,0.99,2.2363395392894745,-1.3711111545562744,0.808662,745.989990234375,,,,,,,244.4,4.792156862,244.4,4.792156862,,,,,,,,,,,,,,,,,,,"Lars Nootbaar","21454",663457
"Garrett Mitchell","MIL",50,213.136,187.05,42.7963,26.7444,8.58082,0.974038,6.49696,27.0308,23.1323,21.9575,0.497971,70.5095,2.10526,0.860516,1.16296,3.50511,5.89514,1.56526,0.228796,0.103021,0.330819,0.311412,0.315413,0.389287,0.311896,0.704699,0.160491,5.72472,0.327304,,0.257562,24.5641,-0.869917,96.3717,0.257562,0.95,-0.6777958869934082,1.7216048836708069,0.808217,691.1699829101562,,,,,,,219.8,4.396,219.8,4.396,,,,,,,,,,,,,,,,,,,"Garrett Mitchell","27555",669003
"Samuel Basallo","BAL",48,200.049,181.549,45.0661,26.8322,8.24485,0.278965,9.71012,25.5561,28.7745,15.6283,0.950897,48.0475,1.22106,1.32948,0.321404,3.71727,0.880176,0.316626,0.248231,0.0781223,0.240178,0.325268,0.31,0.457173,0.330438,0.767173,0.208942,2.83006,0.282575,,-0.186458,26.0659,2.19361,112.141,-0.186458,-0.53,2.6714474856853485,-1.8674485683441162,0.80272,160.94000244140625,,,,,,,240.1,5.002083333,240.1,5.002083333,,,,,,,,,,,,,,,,,,,"Samuel Basallo","28824",694212
"Kyle Higashioka","TEX",33,127.02,115.23,25.6103,15.5892,4.53824,0.207422,5.2755,14.2456,16.204,9.22241,0.0436872,31.5135,0.689814,0.866093,0.430311,1.77274,0.665465,0.202836,0.222254,0.0726061,0.248099,0.292649,0.281907,0.402586,0.298574,0.684493,0.180332,3.20679,0.256407,,-0.0887605,13.266,-1.89158,90.1264,-0.0887605,2.66,-1.5644438415765762,4.951666831970215,0.800801,999,,,,,,,124,3.757575757,124,3.757575757,,,,,,,,,,,,,,,,,,,"Kyle Higashioka","5517",543309
"Nick Gonzales","PIT",54,229.379,208.785,56.7835,39.8853,11.4092,1.43352,4.05546,27.216,24.2513,15.2441,0.194015,43.7423,3.02888,1.80129,0.518898,4.94897,1.98235,0.734432,0.271971,0.0664584,0.190699,0.348499,0.327959,0.39862,0.319919,0.726579,0.12665,4.4487,0.323904,,-0.221748,27.9295,0.557233,99.1439,-0.221748,-0.06,-0.45927587151527405,0.8149999417364597,0.792126,999,,,,,,,240.4,4.451851851,240.4,4.451851851,,,,,,,,,,,,,,,,,,,"Nick Gonzales","27490",693304
"Brendan Donovan","SEA",33,142.932,125.602,34.0736,23.372,6.54694,0.177148,3.97753,17.9305,16.4507,13.2331,0.404619,19.9211,2.65576,1.07286,0.36871,3.23694,1.33494,0.456526,0.271283,0.0925828,0.139375,0.664273,0.350457,0.421231,0.340122,0.771689,0.149949,3.39044,0.292832,,-0.132582,19.7469,2.69054,123.966,-0.132582,-0.56,3.898078754544258,-1.3394784927368164,0.774324,268.5799865722656,,,,,,,172.2,5.218181818,172.2,5.218181818,,,,,,,,,,,,,,,,,,,"Brendan Donovan","24679",680977
"Joc Pederson","TEX",43,182.16,156.093,37.7798,21.291,6.26406,0.468213,9.75652,25.2667,26.5322,20.6965,0.713957,40.033,3.28836,1.52751,0.309125,3.12193,1.16751,0.338108,0.242034,0.113617,0.219768,0.516987,0.340104,0.475677,0.353083,0.815781,0.233643,3.65305,0.259882,,-0.147809,27.0824,5.3448,127.719,-0.147809,0,5.793435171246529,-4.645061492919922,0.773065,999,,,,,,,242.1,5.630232558,242.1,5.630232558,,,,,,,,,,,,,,,,,,,"Joc Pederson","11899",592626
"George Springer","TOR",48,205.629,179.895,45.7674,28.7155,7.34274,0.990434,8.71873,29.3116,25.9341,20.8456,0.251283,39.3404,2.13336,1.41105,0.285073,3.85005,4.08795,0.95355,0.254412,0.101375,0.191317,0.529877,0.336522,0.451637,0.343727,0.788158,0.197225,5.17518,0.278045,,0.143749,29.0104,4.47223,120.456,0.143749,-0.02,5.093021601438522,-4.781904716044664,0.772964,94.37999725341797,,,,,,,262,5.458333333,262,5.458333333,,,,,,,,,,,,,,,,,,,"George Springer","12856",543807
"Ezequiel Duran","TEX",52,222.531,205.521,50.5519,33.6813,10.6636,0.892218,5.31482,26.6127,22.5233,13.0784,0.222891,51.1329,1.90952,1.23908,0.78286,3.42398,5.88923,1.56634,0.24597,0.0587711,0.229779,0.255772,0.29556,0.384119,0.29818,0.679679,0.138149,5.56662,0.300954,,0.266013,23.17,-3.38507,89.8547,0.266013,1.7,-2.3904328644275665,2.0647587180137634,0.769467,999,,,,,,,215,4.134615384,215,4.134615384,,,,,,,,,,,,,,,,,,,"Ezequiel Duran","23733",677649
"Sam Antonacci","CHW",53,227.113,198.485,52.5273,37.896,10.3215,0.929013,3.38079,28.5279,19.6242,18.0853,0.740559,37.7553,7.18239,1.53341,1.82712,4.94097,7.68284,2.38646,0.264641,0.0796312,0.16624,0.479014,0.345316,0.377102,0.322729,0.722419,0.112461,5.69404,0.309326,,0.208914,28.1715,1.06962,105.103,0.208914,0,1.5726942420005798,-2.0713083744049072,0.76849,999,,,,,,,246.3,4.647169811,246.3,4.647169811,,,,,,,,,,,,,,,,,,,"Sam Antonacci","35101",803011
"Dominic Canzone","SEA",47,204.333,184.911,45.4376,26.5294,8.5832,0.211117,10.1139,26.1232,29.6073,16.3627,0.581224,46.3626,1.51212,1.31255,0.234245,3.78639,1.69353,0.542063,0.245727,0.0800787,0.226898,0.352929,0.310206,0.458517,0.331867,0.768723,0.21279,3.31509,0.272251,,-0.123216,26.861,2.47757,118.273,-0.123216,0.06,4.270172603428364,-3.981005135923624,0.766067,477.1600036621094,,,,,,,242.1,5.151063829,242.1,5.151063829,,,,,,,,,,,,,,,,,,,"Dominic Canzone","26438",686527
"Chase DeLauter","CLE",50,213.789,193.285,50.6843,32.8947,10.6211,0.346767,6.82179,25.8602,26.9526,17.7001,0.41964,33.2726,1.08557,1.43808,0.279674,4.34119,1.45758,0.532376,0.262225,0.0827925,0.155633,0.531972,0.325372,0.426645,0.328504,0.752017,0.16442,3.08328,0.283663,,-0.206621,27.5207,2.00879,110.545,-0.206621,0,2.4459699541330338,-2.5650651454925537,0.75885,999,,,,,,,246.4,4.928,246.4,4.928,,,,,,,,,,,,,,,,,,,"Chase DeLauter","32127",800050
"Jake Burger","TEX",62,262.901,241.012,58.8022,34.5052,10.2978,0.553787,13.4455,33.1588,38.2882,16.5593,0.257204,65.1257,3.46751,1.55568,0.306771,4.67553,1.08617,0.35693,0.24398,0.0629867,0.247719,0.254266,0.300193,0.458666,0.327583,0.758859,0.214686,3.12665,0.276571,,-0.224425,33.6464,2.27379,110.133,-0.224425,0.02,2.9101719111204147,-4.848063927143812,0.751887,236.72000122070312,,,,,,,308.2,4.970967741,308.2,4.970967741,,,,,,,,,,,,,,,,,,,"Jake Burger","22275",669394
"JJ Bleday","CIN",56,237.994,207.976,49.9366,26.7896,10.7614,0.436049,11.9495,31.8055,33.8373,26.7502,0.598144,52.1153,1.35675,1.63295,0.278512,3.04419,2.24701,0.775752,0.240108,0.112399,0.218977,0.513289,0.328306,0.468413,0.344793,0.79672,0.228306,3.60382,0.261001,,-0.166127,33.7825,5.38208,112.867,-0.166127,-1.23,3.537689447402954,-3.907945394515991,0.74706,748.5800170898438,,,,,,,301.7,5.3875,301.7,5.3875,,,,,,,,,,,,,,,,,,,"JJ Bleday","26368",668709
"Alec Bohm","PHI",54,234.085,213.569,57.3206,39.9939,9.65475,0.90421,6.7678,27.7645,28.9419,15.6993,0.274491,35.9015,2.07305,2.46846,0.27536,5.35814,0.951181,0.309258,0.268394,0.0670667,0.153369,0.437289,0.321171,0.417136,0.322444,0.738307,0.148742,3.30074,0.291592,,-0.249049,28.9821,1.04826,101.108,-0.249049,-0.84,0.06464503705501556,-0.3191666603088379,0.745885,239.8699951171875,,,,,,,261.6,4.844444444,261.6,4.844444444,,,,,,,,,,,,,,,,,,,"Alec Bohm","21618",664761
"Kyle Manzardo","CLE",52,225.777,198.63,47.6911,26.8524,9.65363,0.284378,10.9007,28.2291,33.4956,22.1172,0.532041,55.6746,2.66844,2.18407,0.177042,3.0178,0.532668,0.161934,0.2401,0.0979604,0.246591,0.397258,0.321262,0.456202,0.336784,0.777464,0.216102,2.3847,0.274066,,-0.237093,30.5808,3.63835,116.255,-0.237093,-0.19,4.081160083413124,-4.819629609584808,0.739399,253.4600067138672,,,,,,,279.1,5.367307692,279.1,5.367307692,,,,,,,,,,,,,,,,,,,"Kyle Manzardo","29794",700932
"Brooks Lee","MIN",58,241.64,221.642,55.3773,36.5632,9.92207,0.552468,8.3396,28.4284,29.6268,16.1114,0.353452,41.5511,1.39344,2.07125,0.42227,4.49505,1.89489,0.727414,0.24985,0.0666753,0.171954,0.38775,0.302142,0.412481,0.311265,0.714623,0.162631,3.51144,0.270608,,-0.213341,27.7255,-1.10997,96.6903,-0.213341,-1.27,-1.1543681174516678,-0.166784405708313,0.737635,542.5700073242188,,,,,,,247.9,4.274137931,247.9,4.274137931,,,,,,,,,,,,,,,,,,,"Brooks Lee","31595",686797
"Kyle Karros","COL",40,175.145,155.371,42.7931,28.4469,8.97965,0.865376,4.50115,22.5254,21.535,16.7159,0.904952,37.268,1.6936,1.13142,0.23266,3.47569,1.18698,0.439242,0.275425,0.0954403,0.212784,0.448532,0.349905,0.43127,0.341819,0.781175,0.155845,3.91117,0.333747,,-0.193384,24.4384,3.53799,102.189,-0.193384,0.75,0.2703464478254318,1.3065674901008606,0.73693,999,,,,,,,223.5,5.5875,223.5,5.5875,,,,,,,,,,,,,,,,,,,"Kyle Karros","33252",691720
"Eugenio Suárez","CIN",57,243.92,216.389,50.7292,26.0862,8.95727,0.296759,15.389,32.9002,40.0331,21.1335,0.149249,73.8656,3.80597,2.07452,0.262267,2.96472,1.04369,0.302538,0.234435,0.0866413,0.302828,0.286108,0.310878,0.491924,0.344644,0.802803,0.257489,3.11558,0.273513,,-0.191974,34.594,5.4866,112.767,-0.191974,-0.17,3.5745732188224792,-4.2714056223630905,0.733543,97.91999816894531,,,,,,,313.6,5.501754385,313.6,5.501754385,,,,,,,,,,,,,,,,,,,"Eugenio Suarez","12552",553993
"Tyler O'Neill","BAL",40,170.191,149.234,35.5704,20.1381,5.92367,0.46364,9.04504,23.4466,24.6342,17.5655,0.452801,46.179,1.95879,1.21852,0.213852,2.35909,1.57661,0.403111,0.238353,0.10321,0.271336,0.380378,0.32413,0.466089,0.34201,0.790219,0.227736,4.04587,0.278544,,-0.0640005,23.7736,3.46437,120.122,-0.0640005,-0.64,3.96551051735878,-2.784800171852112,0.733178,477.6400146484375,,,,,,,218.4,5.46,218.4,5.46,,,,,,,,,,,,,,,,,,,"Tyler O'Neill","15711",641933
"Hunter Feduccia","TBR",36,141.806,126.146,27.0747,18.1332,5.79744,0.292333,2.85164,13.9165,14.2634,13.5649,0.154406,37.3943,0.746221,0.885997,0.462417,2.39493,0.351997,0.138392,0.21463,0.0956587,0.263701,0.362754,0.292804,0.33304,0.280783,0.625844,0.118411,2.62281,0.279112,,-0.161679,12.7629,-4.15903,75.5424,-0.161679,3.61,-4.242548152804375,6.38777756690979,0.72843,999,,,,,,,115.8,3.216666666,115.8,3.216666666,,,,,,,,,,,,,,,,,,,"Hunter Feduccia","23372",676439
"Jacob Young","WSN",49,204.645,183.928,45.7934,34.0201,7.45444,1.20599,3.11286,24.7269,16.5112,12.7934,0.266898,37.4956,2.62467,1.23436,4.06483,4.00115,8.99082,2.3124,0.248975,0.0625151,0.183223,0.341197,0.305172,0.353391,0.292583,0.658563,0.104416,6.47231,0.295257,,0.572916,20.3784,-4.04234,82.6884,0.572916,3.45,-3.712183177471161,4.206172823905945,0.724586,746.0700073242188,,,,,,,187.3,3.822448979,187.3,3.822448979,,,,,,,,,,,,,,,,,,,"Jacob Young","29931",696285
"Luke Raley","SEA",42,180.175,159.388,37.0482,20.9431,6.64976,0.356417,9.09886,24.1607,24.6017,12.8052,0.332044,56.21,5.86435,0.946702,1.17034,3.04926,2.44626,0.674801,0.23244,0.0710711,0.311974,0.227811,0.311264,0.449891,0.331089,0.761155,0.217451,4.4751,0.294122,,-0.00316113,23.5715,2.07086,117.736,-0.00316113,-0.8,3.757013140944764,-3.183512508869171,0.707731,748.25,,,,,,,211.1,5.026190476,211.1,5.026190476,,,,,,,,,,,,,,,,,,,"Luke Raley","19354",670042
"Luis Robert Jr.","NYM",38,161.132,144.954,36.0675,22.5277,6.59183,0.276895,6.67109,23.3355,19.5381,12.8326,0.553674,41.4211,1.6955,1.10082,0.297522,1.86743,8.56986,1.97618,0.248821,0.0796404,0.257063,0.309809,0.315076,0.436184,0.326388,0.75126,0.187363,6.06436,0.300079,,0.69673,20.4656,1.23733,108.615,0.69673,-1.17,2.3757272362709045,-0.6673544645309448,0.704042,105.63999938964844,,,,,,,199.2,5.242105263,199.2,5.242105263,,,,,,,,,,,,,,,,,,,"Luis Robert Jr.","20043",673357
"Jake Cronenworth","SDP",58,254.551,219.357,50.3754,32.6072,10.3869,1.14516,6.23614,29.9129,26.5506,26.8801,0.47343,51.0976,4.66851,1.81895,1.16652,4.59634,1.84764,0.662408,0.22965,0.105598,0.200736,0.526054,0.324163,0.37273,0.311267,0.696893,0.14308,4.03944,0.269401,,-0.249744,29.2073,-1.16888,98.9028,-0.249744,-0.82,-0.5875631421804428,-0.7673493288457394,0.701993,738.2999877929688,,,,,,,249.1,4.294827586,249.1,4.294827586,,,,,,,,,,,,,,,,,,,"Jake Cronenworth","18036",630105
"Jeff McNeil","ATH",50,215.361,192.759,50.3888,34.2178,10.8674,0.526478,4.77716,25.5876,23.6883,16.4761,0.676365,26.634,3.31419,1.84824,0.963814,4.31403,1.11639,0.359366,0.261409,0.0765046,0.123671,0.618613,0.327332,0.397599,0.319063,0.724931,0.13619,3.32876,0.27949,,-0.21429,26.0731,0.373616,99.9831,-0.21429,-0.99,-0.21856617694720626,-0.6041975617408752,0.693309,440.5199890136719,,,,,,,230.5,4.61,230.5,4.61,,,,,,,,,,,,,,,,,,,"Jeff McNeil","15362",643446
"Keibert Ruiz","WSN",39,149.362,138.642,34.7412,23.3006,6.89986,0.0701483,4.47056,15.8806,19.2676,7.39208,0.137254,18.0901,1.79693,1.3457,0.185058,2.88618,1.17004,0.322157,0.250582,0.0494911,0.121116,0.408625,0.294484,0.398098,0.30225,0.692582,0.147516,3.01884,0.257782,,-0.074639,16.045,-1.7787,89.1737,-0.074639,0.98,-2.0305167585611343,3.9892592430114746,0.690579,720.3499755859375,,,,,,,143.8,3.687179487,143.8,3.687179487,,,,,,,,,,,,,,,,,,,"Keibert Ruiz","19610",660688
"Daylen Lile","WSN",56,235.681,215.517,58.1452,37.4478,12.7189,2.05903,5.91951,30.177,28.2338,15.2641,0.411789,40.9902,2.51036,1.92819,0.461577,3.13056,6.4678,1.78083,0.269794,0.0647659,0.173922,0.372385,0.322761,0.430317,0.327592,0.753078,0.160523,6.0103,0.306246,,0.258323,30.1644,2.04006,106.176,0.258323,0.4,2.0188018083572388,-2.933333247900009,0.684355,206.50999450683594,,,,,,,274.1,4.894642857,274.1,4.894642857,,,,,,,,,,,,,,,,,,,"Daylen Lile","29995",695734
"Marcus Semien","NYM",41,176.052,157.014,38.2321,24.0667,7.10536,0.513588,6.54637,22.1304,21.7137,14.8384,0.0865294,32.7968,1.01309,1.61908,0.273453,2.4753,2.87492,0.756294,0.243495,0.0842845,0.186291,0.452435,0.309963,0.42037,0.318814,0.730332,0.176874,4.61226,0.26562,,0.0457831,21.2784,0.269756,103.533,0.0457831,-0.43,0.7981007769703865,0.20271599292755127,0.68162,266.25,,,,,,,198.5,4.841463414,198.5,4.841463414,,,,,,,,,,,,,,,,,,,"Marcus Semien","12533",543760
"Cooper Pratt","MIL",55,233.954,209.648,50.8594,35.9351,9.26942,1.4159,4.23896,26.7883,22.6996,18.9446,0.56954,44.9638,2.1419,1.81653,1.40364,3.84773,6.82891,1.70243,0.242595,0.0809755,0.192191,0.421329,0.309377,0.360975,0.297298,0.670352,0.11838,5.73421,0.287317,,0.354186,24.1919,-3.72631,86.5779,0.354186,0,-3.443959891796112,2.5462963581085205,0.680369,999,,,,,,,215.7,3.921818181,215.7,3.921818181,,,,,,,,,,,,,,,,,,,"Cooper Pratt","33530",806198
"Lane Thomas","KCR",50,210.819,186.747,45.9743,27.5682,9.04154,1.57687,7.78768,30.1373,25.4982,20.033,0.0623919,49.4871,2.25914,1.51071,0.268937,2.82521,7.08728,2.15462,0.246185,0.0950248,0.234737,0.404813,0.324229,0.436594,0.332272,0.760823,0.190409,6.32673,0.291538,,0.254272,27.7828,2.62535,108.893,0.254272,-2.65,2.460195302963257,-3.2547715306282043,0.679784,726.6699829101562,,,,,,,257,5.14,257,5.14,,,,,,,,,,,,,,,,,,,"Lane Thomas","16939",657041
"Kyle Stowers","MIA",59,246.743,217.788,51.3136,28.4853,10.5164,0.747412,11.5645,31.0582,35.7829,23.2459,0.861769,72.8708,3.61225,1.60315,0.493461,3.72297,1.44248,0.451649,0.235613,0.0942111,0.295331,0.319002,0.31745,0.450062,0.332857,0.767512,0.21445,3.54604,0.294534,,-0.193575,32.6342,3.18987,108.361,-0.193575,0.28,2.301587924361229,-3.630984753370285,0.678836,164.42999267578125,,,,,,,300.9,5.1,300.9,5.1,,,,,,,,,,,,,,,,,,,"Kyle Stowers","26151",669065
"Royce Lewis","MIN",54,225.143,204.715,49.7393,29.0649,9.70471,0.504427,10.4652,29.6049,30.3822,17.051,0.263109,52.2121,1.4509,1.63179,0.29449,2.97962,3.9184,1.09875,0.242969,0.0757341,0.231907,0.326571,0.303499,0.448666,0.325278,0.752165,0.205697,4.47627,0.273365,,0.071999,28.3928,1.52602,106.355,0.071999,0.03,1.7554297894239426,-3.115833254531026,0.674174,193.64999389648438,,,,,,,262.5,4.861111111,262.5,4.861111111,,,,,,,,,,,,,,,,,,,"Royce Lewis","20437",668904
"Dylan Crews","WSN",54,225.013,204.804,48.9957,31.3358,8.86396,1.46078,7.33519,28.4501,26.7087,15.1504,0.493212,51.5533,3.17854,1.54733,0.331819,3.52968,7.16743,2.04527,0.239232,0.0673312,0.229113,0.293877,0.299646,0.404224,0.307406,0.70387,0.164992,6.04038,0.282515,,0.319052,25.1131,-1.73811,92.633,0.319052,2.59,-1.68598073720932,1.0066665410995483,0.67299,282.2200012207031,,,,,,,228.7,4.235185185,228.7,4.235185185,,,,,,,,,,,,,,,,,,,"Dylan Crews","33541",686611
"Tommy Edman","LAD",51,222.348,201.449,48.8603,32.267,9.12633,0.763135,6.70385,28.7983,25.1093,15.7677,0.30291,42.9213,2.32403,1.53389,1.22416,4.60796,3.83493,0.998429,0.242544,0.0709142,0.193037,0.367362,0.302848,0.395258,0.306273,0.698106,0.152714,4.97189,0.27489,,0.0820342,24.6113,-1.92198,92.3568,0.0820342,0.71,-1.9735394641757011,1.3313449621200562,0.667964,730.1199951171875,,,,,,,229.8,4.505882352,229.8,4.505882352,,,,,,,,,,,,,,,,,,,"Tommy Edman","19470",669242
"Joe Mack","MIA",46,174.171,156.638,34.5783,21.9632,6.61269,0.203706,5.79867,18.258,21.0009,14.0944,0.3193,46.5358,1.76079,1.03643,0.642283,3.05689,0.926638,0.355852,0.220754,0.0809225,0.267184,0.302872,0.290634,0.37663,0.294155,0.667264,0.155876,2.8264,0.273208,,-0.165138,17.566,-3.21828,82.3957,-0.165138,1.23,-3.8737963289022446,4.779382705688477,0.665785,999,,,,,,,165.6,3.6,165.6,3.6,,,,,,,,,,,,,,,,,,,"Joe Mack","29780",691788
"Roman Anthony","BOS",32,135.111,116.459,30.616,19.2993,6.9402,0.400085,3.97647,17.9982,16.0967,16.6421,0.361968,31.3851,1.05747,0.808634,0.143375,2.85939,1.96795,0.665006,0.262891,0.123174,0.232292,0.530256,0.357981,0.43179,0.347843,0.789771,0.168899,4.25654,0.325245,,-0.0804601,19.5128,3.38978,118.438,-0.0804601,0.82,2.850845292210579,-1.0908964276313782,0.665299,50.75,,,,,,,170.5,5.328125,170.5,5.328125,,,,,,,,,,,,,,,,,,,"Roman Anthony","31812",701350
"Jasson Domínguez","NYY",45,192.641,173.163,43.8724,27.9022,8.52579,0.575902,6.86859,26.2278,22.6093,16.6557,0.698049,43.9197,1.40866,1.16412,0.248795,3.05031,7.50857,1.64803,0.253358,0.0864598,0.227987,0.37923,0.32193,0.428242,0.327036,0.750172,0.174883,5.71323,0.299531,,0.57318,24.5688,1.58058,109.475,0.57318,-0.76,2.7209601998329163,-3.0537710189819336,0.660965,421.5400085449219,,,,,,,234.6,5.213333333,234.6,5.213333333,,,,,,,,,,,,,,,,,,,"Jasson Dominguez","28080",691176
"Heliot Ramos","SFG",59,255.221,230.989,58.8663,38.2501,10.2547,0.914788,9.4467,32.3386,31.6271,19.1413,0.543832,62.2898,3.11597,1.62893,0.345448,5.01502,1.91873,0.706249,0.254844,0.074999,0.244063,0.307294,0.318287,0.42985,0.326235,0.748137,0.175005,3.82686,0.30718,,-0.233595,32.384,1.92802,107.613,-0.233595,-1.02,2.116687998175621,-3.918928623199463,0.658931,218.8000030517578,,,,,,,285.7,4.842372881,285.7,4.842372881,,,,,,,,,,,,,,,,,,,"Heliot Ramos","22515",671218
"Trevor Story","BOS",36,152.607,138.764,34.4857,21.5584,6.42666,0.634351,5.86638,19.8079,19.668,9.29485,0.247367,42.6249,1.44465,1.09582,0.330135,2.08447,4.67774,1.00518,0.248522,0.0609072,0.279312,0.218061,0.300303,0.430807,0.316894,0.731109,0.182285,5.85097,0.313232,,0.345195,18.207,-0.00392535,97.0942,0.345195,-0.49,-0.17658162117004395,1.1766666173934937,0.651492,111.33000183105469,,,,,,,167.6,4.655555555,167.6,4.655555555,,,,,,,,,,,,,,,,,,,"Trevor Story","12564",596115
"Matt McLain","CIN",41,176.768,155.278,35.8838,22.0131,6.45428,1.33384,6.08256,23.5454,19.0393,17.6238,0.117854,47.8928,2.01593,1.10724,0.742638,2.07669,5.16349,1.38383,0.231094,0.0997004,0.270936,0.367984,0.31543,0.407356,0.318168,0.722786,0.176262,6.38987,0.290999,,0.233963,21.2724,0.1783,95.0039,0.233963,0.73,-0.8342523127794266,1.4892592430114746,0.648985,144.3000030517578,,,,,,,192.8,4.702439024,192.8,4.702439024,,,,,,,,,,,,,,,,,,,"Matt McLain","29695",680574
"Dalton Rushing","LAD",31,124.313,110.041,25.9229,14.725,5.42922,0.157449,5.61124,16.793,17.2314,11.1476,0.250088,33.8914,2.27383,0.708564,0.141781,1.95136,0.377126,0.136582,0.235575,0.0896739,0.272629,0.328922,0.316856,0.440751,0.330258,0.757607,0.205176,2.89218,0.285087,,-0.132135,16.1795,1.34497,108.448,-0.132135,-0.88,1.1381428688764572,1.1791788339614868,0.644295,745.8300170898438,,,,,,,145.5,4.693548387,145.5,4.693548387,,,,,,,,,,,,,,,,,,,"Dalton Rushing","31382",687221
"Willi Castro","COL",53,229.5,203.884,53.4075,35.2648,10.4712,1.16998,6.50157,30.4846,27.0524,18.587,0.213428,53.0223,4.84773,1.5511,0.63057,3.96547,5.1259,1.53657,0.261951,0.080989,0.231034,0.35055,0.335747,0.420452,0.332757,0.756199,0.158501,5.52827,0.32147,,0.0713845,30.3351,2.94839,96.1096,0.0713845,-0.61,-1.008564330637455,-0.13970685005187988,0.640325,256.3399963378906,,,,,,,269.2,5.079245283,269.2,5.079245283,,,,,,,,,,,,,,,,,,,"Willi Castro","17338",650489
"Gavin Sheets","SDP",55,242.333,216.423,53.0136,32.2119,10.8914,0.223829,9.68652,30.1926,32.3586,21.8965,0.449571,48.2494,2.21711,1.57681,0.219791,4.15521,1.67862,0.492795,0.244954,0.0903571,0.199104,0.453819,0.318559,0.43162,0.327421,0.750179,0.186666,3.1965,0.270687,,-0.170958,30.982,2.06389,109.741,-0.170958,-0.7,2.6841084361076355,-4.252240359783173,0.640138,684.8099975585938,,,,,,,282.5,5.136363636,282.5,5.136363636,,,,,,,,,,,,,,,,,,,"Gavin Sheets","19901",657757
"Casey Schmitt","SFG",58,249.239,229.972,57.0028,35.6092,10.5294,0.61357,10.2506,30.2752,32.1961,13.479,0.409704,53.7305,2.99088,1.99097,0.806429,3.53291,2.75493,0.858157,0.247869,0.0540806,0.215578,0.250863,0.295745,0.432711,0.315194,0.728456,0.184842,3.98975,0.278318,,-0.084505,29.392,-0.350159,100.206,-0.084505,0.06,-0.022293563932180405,-1.7827741540968418,0.638927,999,,,,,,,271.7,4.684482758,271.7,4.684482758,,,,,,,,,,,,,,,,,,,"Casey Schmitt","27577",669477
"Tristan Peters","CHW",43,182.678,165.721,39.6939,26.1493,8.83288,0.735306,3.97638,20.2401,18.0737,13.1494,0.284404,35.1456,1.47429,1.4337,0.900049,3.03176,2.54589,0.883428,0.239523,0.0719815,0.192391,0.374142,0.298813,0.37368,0.296165,0.672493,0.134157,4.62066,0.278973,,-0.0763166,18.7218,-3.07755,86.7831,-0.0763166,2.03,-2.9172604456543922,2.693580210208893,0.636084,999,,,,,,,172.3,4.006976744,172.3,4.006976744,,,,,,,,,,,,,,,,,,,"Tristan Peters","30063",671976
"Mickey Moniak","COL",46,198.296,182.899,49.0728,26.4154,9.62307,1.49666,11.5377,29.349,33.6367,11.9677,0.262808,47.8251,1.91561,1.31577,0.1979,2.30735,2.96919,0.98899,0.268305,0.0603527,0.24118,0.250239,0.317803,0.526532,0.359638,0.844335,0.258227,5.42827,0.300637,,-0.0329972,30.536,6.87296,114.144,-0.0329972,-0.17,3.3593405969440937,-3.5341974943876266,0.635971,245.8300018310547,,,,,,,283.8,6.169565217,283.8,6.169565217,,,,,,,,,,,,,,,,,,,"Mickey Moniak","19956",666160
"Curtis Mead","WSN",42,176.518,158.464,40.2637,24.5448,7.99215,0.781985,6.94482,22.6837,24.0329,13.6926,0.290101,34.8745,2.82338,1.3267,0.211571,2.76005,2.99171,0.910057,0.254087,0.0775705,0.197569,0.392625,0.322051,0.445869,0.333841,0.76792,0.191782,4.8579,0.282432,,0.000276022,23.4873,2.42299,110.368,0.000276022,-1.04,2.2138754658808466,-1.7257219552993774,0.631278,999,,,,,,,214.6,5.109523809,214.6,5.109523809,,,,,,,,,,,,,,,,,,,"Curtis Mead","23986",678554
"Michael Massey","KCR",49,207.863,191.453,47.0867,29.9449,10.6875,0.317311,6.13703,22.512,26.2965,11.3853,0.256755,37.2401,1.92659,2.07271,1.02606,3.04993,1.23568,0.403267,0.245944,0.0547728,0.179157,0.305726,0.29201,0.401247,0.301716,0.693257,0.155303,3.0907,0.272728,,-0.152756,22.2394,-2.56541,87.8202,-0.152756,1.39,-3.1317175328731537,1.8975680470466614,0.624643,999,,,,,,,201.4,4.110204081,201.4,4.110204081,,,,,,,,,,,,,,,,,,,"Michael Massey","27684",686681
"Jakob Marsee","MIA",52,218.682,187.448,41.4939,27.4133,8.47697,1.02599,4.57758,27.3286,18.3067,24.3945,0.144345,48.2066,3.46643,1.3612,2.01151,3.13863,10.2779,2.4315,0.221362,0.111553,0.220442,0.506041,0.320094,0.350793,0.302638,0.670887,0.129431,6.18883,0.271393,,0.748691,23.5604,-2.53537,88.087,0.748691,0.63,-2.4023736715316772,1.4324690699577332,0.622715,137.0800018310547,,,,,,,212.9,4.094230769,212.9,4.094230769,,,,,,,,,,,,,,,,,,,"Jakob Marsee","31370",805300
"Nolan Schanuel","LAA",52,221.295,193.103,51.4462,37.0977,9.26328,0.318882,4.76632,25.7942,22.2593,21.9396,0.65235,31.4252,3.47323,1.73752,1.04237,5.4776,1.73118,0.610025,0.266419,0.0991417,0.142006,0.698152,0.348958,0.391741,0.329375,0.740699,0.125322,3.13352,0.294235,,-0.241437,28.6433,2.23569,108.755,-0.241437,0.26,2.038284406065941,-3.835718870162964,0.616073,594.6599731445312,,,,,,,241.7,4.648076923,241.7,4.648076923,,,,,,,,,,,,,,,,,,,"Nolan Schanuel","33189",694384
"Trevor Larnach","MIN",42,176.621,154.993,40.283,26.4854,7.82531,0.351428,5.62092,22.5481,20.7797,18.2257,0.475419,36.2328,1.58353,1.53247,0.285961,3.24789,1.54849,0.635799,0.259902,0.103191,0.205145,0.503015,0.340785,0.423722,0.335625,0.764507,0.16382,3.52892,0.302272,,-0.201905,23.7566,2.68012,113.491,-0.201905,-0.73,2.6017028391361237,-2.962510347366333,0.600364,748.52001953125,,,,,,,209.6,4.99047619,209.6,4.99047619,,,,,,,,,,,,,,,,,,,"Trevor Larnach","21501",663616
"Sean Murphy","ATL",24,96.1852,84.1299,19.0767,11.1302,3.45057,0.166939,4.32901,12.2209,13.0123,9.02476,0.12581,26.1178,1.99819,0.608756,0.135504,1.80441,0.120588,0.0399248,0.226753,0.0938268,0.271536,0.345541,0.314318,0.426105,0.324498,0.740423,0.199352,2.61335,0.271637,,-0.111598,12.0691,0.591084,103.614,-0.111598,1.4,0.3088551163673401,2.4899470806121826,0.600299,746.0599975585938,,,,,,,101.7,4.2375,101.7,4.2375,,,,,,,,,,,,,,,,,,,"Sean Murphy","19352",669221
"Jo Adell","LAA",56,238.165,218.894,52.8273,31.1566,8.7749,1.38733,11.5084,29.9173,31.9855,13.4654,0.339193,59.2376,3.92208,1.57252,0.249959,3.50523,2.87281,0.856491,0.241337,0.056538,0.248725,0.227311,0.295201,0.451826,0.322182,0.747027,0.210489,4.87972,0.275973,,-0.0414974,29.4368,1.016,103.795,-0.0414974,-1.01,1.0218920521438122,-3.6025924682617188,0.597641,120.33000183105469,,,,,,,276.3,4.933928571,276.3,4.933928571,,,,,,,,,,,,,,,,,,,"Jo Adell","20220",666176
"Carlos Narváez","BOS",37,142.887,127.569,28.4421,18.4924,5.638,0.130344,4.18133,15.1553,16.2977,12.1478,0.243047,39.2045,1.35306,1.05861,0.757772,2.48662,0.977711,0.28472,0.222954,0.0850173,0.274375,0.309858,0.295105,0.367524,0.293265,0.662629,0.14457,3.12194,0.28461,,-0.0943182,14.3075,-2.74342,80.7985,-0.0943182,1.4,-3.322608508169651,4.125657916069031,0.596502,443.010009765625,,,,,,,124.7,3.37027027,124.7,3.37027027,,,,,,,,,,,,,,,,,,,"Carlos Narvaez","19722",665966
"Danny Jansen","TEX",27,105.357,91.4649,18.9394,10.6918,3.79634,0.161651,4.28962,12.2949,12.7575,10.9787,0.037128,26.1692,1.7454,0.650584,0.293449,1.33988,0.501628,0.144125,0.207068,0.104204,0.248384,0.419528,0.302019,0.392806,0.307562,0.694825,0.185738,3.18632,0.237603,,-0.0859266,11.772,-0.800522,96.3252,-0.0859266,0.58,-0.541480079293251,2.663333237171173,0.594636,999,,,,,,,105.5,3.907407407,105.5,3.907407407,,,,,,,,,,,,,,,,,,,"Danny Jansen","16535",643376
"Cole Carrigg","COL",51,221.447,200.559,52.3588,34.2076,10.2974,2.06945,5.78434,30.729,24.4288,15.7294,0.511563,48.7255,2.39209,1.40386,1.36311,3.49316,9.02469,2.35386,0.261065,0.0710298,0.220032,0.322816,0.320242,0.419568,0.322889,0.739811,0.158504,6.96049,0.31586,,0.548177,27.4975,1.07173,89.4894,0.548177,0,-2.2670822739601135,0.909692108631134,0.592618,999,,,,,,,252.5,4.950980392,252.5,4.950980392,,,,,,,,,,,,,,,,,,,"Cole Carrigg","33253",694249
"Blaze Alexander","BAL",47,202.04,180.667,44.1502,30.1168,8.138,0.884577,5.01088,25.387,19.6167,15.3438,0.271678,55.6212,3.33088,1.212,1.4853,3.59698,5.08278,1.61745,0.244373,0.0759447,0.275299,0.275863,0.313257,0.382415,0.307838,0.695672,0.138043,5.44709,0.322805,,0.0831215,22.6199,-1.48989,96.555,0.0831215,-1.23,-0.735867328941822,-0.6557973623275757,0.587702,745.9099731445312,,,,,,,199.2,4.238297872,199.2,4.238297872,,,,,,,,,,,,,,,,,,,"Blaze Alexander","23789",677942
"Carson Benge","NYM",50,212.853,192.593,49.063,32.5329,9.53041,0.812078,6.18759,27.2524,24.2453,16.5987,0.508032,46.5608,2.10163,1.26322,0.296535,3.60357,4.92592,1.44759,0.254749,0.0779819,0.218746,0.356495,0.318801,0.40905,0.319081,0.727851,0.154301,5.25667,0.303848,,0.110284,25.7727,0.37241,103.713,0.110284,0,1.0661296546459198,-2.231398105621338,0.583731,999,,,,,,,236.2,4.724,236.2,4.724,,,,,,,,,,,,,,,,,,,"Carson Benge","35177",701807
"A.J. Ewing","NYM",37,158.148,141.965,36.6465,25.0969,7.57279,0.649086,3.32772,20.41,15.7962,13.902,0.380838,37.2848,0.864601,0.969909,0.446835,2.51775,5.23928,1.52631,0.258138,0.087905,0.235759,0.37286,0.326016,0.390946,0.316425,0.716962,0.132809,5.625,0.325626,,0.201115,18.8079,-0.0642675,101.93,0.201115,0,0.5703354477882385,0.0311447624117136,0.582191,999,,,,,,,171.2,4.627027027,171.2,4.627027027,,,,,,,,,,,,,,,,,,,"A.J. Ewing","33656",805999
"Anthony Volpe","NYY",34,145.97,131.547,30.2536,19.1538,6.09189,1.09634,3.91156,18.6261,14.4441,11.4012,0.11206,33.5121,1.15745,1.15098,0.713633,2.10712,5.37655,1.30228,0.229984,0.0781068,0.229582,0.340213,0.294736,0.382167,0.297529,0.676903,0.152184,6.62401,0.276487,,0.364143,15.1214,-2.29753,89.1255,0.364143,0.49,-1.503601759672165,2.0430864095687866,0.580949,641.989990234375,,,,,,,139.4,4.1,139.4,4.1,,,,,,,,,,,,,,,,,,,"Anthony Volpe","27647",683011
"Logan O'Hoppe","LAA",38,146.869,133.703,30.6048,19.8227,4.92976,0.415888,5.43653,15.8866,17.1041,10.0513,0.0881226,39.3318,1.64384,0.951925,0.518845,2.33031,0.674289,0.240765,0.228902,0.068437,0.267802,0.25555,0.289033,0.393978,0.299293,0.683011,0.165076,3.28403,0.280001,,-0.135034,15.4247,-2.10148,88.0087,-0.135034,-0.29,-2.207289084792137,2.6420986354351044,0.573596,246.50999450683594,,,,,,,139,3.657894736,139,3.657894736,,,,,,,,,,,,,,,,,,,"Logan O'Hoppe","24729",681351
"Spencer Horwitz","PIT",43,180.575,156.696,41.6084,27.3206,8.68463,0.146054,5.45716,22.7652,21.7819,20.2071,0.34506,29.0441,2.13418,1.32726,0.209661,3.73815,0.590166,0.218241,0.265535,0.111905,0.160843,0.69574,0.354557,0.427301,0.344765,0.781859,0.161766,2.57107,0.29267,,-0.239274,25.6278,4.07939,115.813,-0.239274,-0.09,3.214453250169754,-3.450033277273178,0.571409,738.1500244140625,,,,,,,219.2,5.097674418,219.2,5.097674418,,,,,,,,,,,,,,,,,,,"Spencer Horwitz","26477",687462
"Coby Mayo","BAL",36,155.262,139.802,31.9005,17.6766,6.63467,0.464466,7.12471,19.7488,20.954,12.7408,0.289869,45.8031,1.68439,0.859306,0.175611,1.97165,1.28653,0.377832,0.228184,0.0820603,0.295005,0.278165,0.298709,0.435175,0.318521,0.733884,0.206991,4.03097,0.282398,,-0.0715144,18.7288,0.201023,103.922,-0.0715144,-0.59,0.6450792402029037,-0.589999992146506,0.565434,459.1600036621094,,,,,,,172.2,4.783333333,172.2,4.783333333,,,,,,,,,,,,,,,,,,,"Coby Mayo","28312",691723
"Heriberto Hernández","MIA",41,171.269,151.244,36.2427,20.6558,7.10887,0.599924,7.87812,22.1281,24.0782,16.6918,0.564532,45.0396,1.60806,1.21474,0.510491,2.70113,2.32379,0.708547,0.239632,0.0974596,0.262976,0.370603,0.319414,0.450834,0.333866,0.770249,0.211203,4.53021,0.284955,,-0.0368433,22.7923,2.35448,109.038,-0.0368433,0.88,1.8354351557791233,-1.8479396104812622,0.563307,999,,,,,,,209.8,5.11707317,209.8,5.11707317,,,,,,,,,,,,,,,,,,,"Heriberto Hernandez","24878",681715
"Ernie Clement","TOR",59,255.539,238.907,62.7224,44.8355,12.1252,1.06302,4.69878,27.9735,26.1408,10.7354,0.285762,26.6304,1.35366,2.25729,2.28629,4.22341,2.96427,1.00727,0.26254,0.0420108,0.104213,0.403125,0.295402,0.381195,0.295484,0.676597,0.118655,4.2459,0.276521,,-0.131376,26.0478,-4.4462,87.1845,-0.131376,-0.77,-3.9847437739372253,0.43352627754211426,0.562075,337.67999267578125,,,,,,,240.2,4.07118644,240.2,4.07118644,,,,,,,,,,,,,,,,,,,"Ernie Clement","20352",676391
"Jake Bauers","MIL",45,192.318,166.399,38.1393,21.2487,7.05239,0.326032,9.51212,25.4375,29.1199,22.9885,0.855924,54.9237,1.6991,1.02798,0.203224,2.63687,3.32061,1.09011,0.229203,0.119534,0.285588,0.418553,0.327027,0.446997,0.336938,0.774024,0.217794,4.14864,0.277956,,-0.0319472,26.0729,3.12316,113.172,-0.0319472,-0.8,3.0321628116071224,-3.802136719226837,0.556042,999,,,,,,,239,5.311111111,239,5.311111111,,,,,,,,,,,,,,,,,,,"Jake Bauers","15194",641343
"Mauricio Dubón","ATL",60,256.824,236.89,60.8143,43.6293,11.6014,0.762499,4.82102,28.253,26.532,14.8184,0.17237,35.3766,1.33651,1.9238,1.79944,5.13487,1.81438,0.656942,0.256719,0.0576984,0.137746,0.418875,0.301877,0.373185,0.297123,0.675061,0.116465,3.51105,0.281917,,-0.23211,26.5205,-4.1269,85.2482,-0.23211,3.33,-4.814616158604622,1.9145039319992065,0.553116,743.3800048828125,,,,,,,241.1,4.018333333,241.1,4.018333333,,,,,,,,,,,,,,,,,,,"Mauricio Dubon","16530",643289
"Daniel Schneemann","CLE",41,176.825,158.17,35.4064,22.861,7.16338,0.335626,5.04637,20.3612,19.0958,16.1527,0.127953,45.8863,0.920915,1.10187,0.479682,3.12622,3.11871,1.03796,0.22385,0.0913482,0.259501,0.352015,0.297597,0.369097,0.295521,0.666694,0.145247,4.31654,0.28023,,-0.0221651,18.0297,-3.07127,87.7979,-0.0221651,1.47,-2.560948383063078,1.6878202855587006,0.549257,999,,,,,,,159.2,3.882926829,159.2,3.882926829,,,,,,,,,,,,,,,,,,,"Daniel Schneemann","25180",682177
"Edmundo Sosa","PHI",42,180.609,166.184,41.7342,27.1914,6.43509,1.82067,6.28698,22.8731,21.6052,7.9154,0.177222,39.511,3.5857,1.25761,1.36813,3.19403,2.49444,0.831429,0.251132,0.0438262,0.218765,0.200334,0.297498,0.42526,0.313615,0.722758,0.174128,5.74159,0.291401,,-0.0543618,21.0673,-0.485114,95.1849,-0.0543618,0.99,-1.106232725083828,0.6136559247970581,0.545514,999,,,,,,,191.4,4.557142857,191.4,4.557142857,,,,,,,,,,,,,,,,,,,"Edmundo Sosa","17022",624641
"Spencer Steer","CIN",47,200.468,176.714,42.5245,25.0235,8.09557,1.00151,8.40395,26.4549,25.4252,19.4568,0.12689,43.6174,2.55001,1.384,0.363004,2.86702,2.90427,0.854111,0.24064,0.0970566,0.217578,0.446078,0.322487,0.440456,0.332986,0.762942,0.199816,4.97248,0.270632,,-0.0271772,26.535,2.61266,104.945,-0.0271772,-0.01,1.1718377079814672,-2.359999904409051,0.540588,335.70001220703125,,,,,,,236.8,5.038297872,236.8,5.038297872,,,,,,,,,,,,,,,,,,,"Spencer Steer","26323",668715
"Brandon Valenzuela","TOR",29,116.789,105.353,23.2876,14.8371,4.55324,0.106918,3.79028,12.8367,13.2539,9.82137,0.240011,30.2747,0.58475,0.716214,0.314409,1.79029,0.599521,0.233709,0.221044,0.0840947,0.259224,0.324409,0.289278,0.374224,0.292261,0.663502,0.15318,2.90487,0.270781,,-0.112298,11.5993,-2.33747,84.9619,-0.112298,1.6,-2.178827181458473,3.3380849361419678,0.538446,999,,,,,,,110.8,3.820689655,110.8,3.820689655,,,,,,,,,,,,,,,,,,,"Brandon Valenzuela","23813",678218
"Gabriel Arias","CLE",32,138.863,127.286,30.2128,19.0671,5.32726,0.625174,5.19331,17.3347,17.0785,9.06703,0.358508,43.1342,1.46963,0.721591,0.318819,2.51445,2.45049,0.789256,0.237362,0.0652948,0.310624,0.210205,0.294127,0.411439,0.307095,0.705566,0.174077,5.04866,0.314,,0.00448897,15.463,-1.10778,95.7794,0.00448897,0.63,-0.6851213318295777,0.9180658161640167,0.5243,748.3800048828125,,,,,,,139.2,4.35,139.2,4.35,,,,,,,,,,,,,,,,,,,"Gabriel Arias","22563",672356
"Christian Yelich","MIL",53,228.006,199.214,50.3107,33.3461,8.17999,0.432585,8.35204,29.6786,29.5415,25.3039,1.7507,58.7535,1.71853,1.16715,0.524665,5.40955,5.31632,1.49807,0.252546,0.110979,0.257684,0.430679,0.34007,0.423725,0.334296,0.763794,0.171179,4.48125,0.314826,,0.124729,30.4225,3.21404,111.4,0.124729,-0.01,3.268760249018669,-5.520071277394891,0.523776,127.22000122070312,,,,,,,267.1,5.039622641,267.1,5.039622641,,,,,,,,,,,,,,,,,,,"Christian Yelich","11477",592885
"Justin Crawford","PHI",52,225.004,207.396,55.8881,42.585,10.0632,0.978349,2.26155,27.8994,18.6173,13.6526,0.275556,46.7845,1.20164,0.918112,1.83562,4.86018,10.4749,2.4978,0.269475,0.0606772,0.207927,0.29182,0.316991,0.360145,0.300462,0.677136,0.0906697,6.19043,0.336706,,0.749586,23.8442,-3.00599,86.3604,0.749586,0,-2.962480068206787,0.8024690747261047,0.52312,999,,,,,,,218.5,4.201923076,218.5,4.201923076,,,,,,,,,,,,,,,,,,,"Justin Crawford","31791",702222
"Rhys Hoskins","CLE",40,173.828,148.853,33.4267,18.7213,6.37771,0.355592,7.97202,22.3258,23.7498,21.2713,0.204785,46.7134,2.08207,1.29791,0.196768,2.23142,0.855346,0.245723,0.224562,0.12237,0.268733,0.455358,0.327255,0.432854,0.333411,0.760109,0.208293,3.14313,0.266637,,-0.157355,23.0688,2.32547,113.929,-0.157355,-0.28,2.6915803104639053,-3.736790210008621,0.521035,737.989990234375,,,,,,,199.3,4.9825,199.3,4.9825,,,,,,,,,,,,,,,,,,,"Rhys Hoskins","16472",656555
"Ty France","SDP",50,217.896,196.04,50.6053,35.0749,8.66134,0.331138,6.53793,25.5931,26.7906,13.1583,0.342502,41.2267,6.71711,1.6645,0.315641,5.19745,0.920903,0.291776,0.258137,0.0603882,0.189204,0.31917,0.32393,0.405747,0.321569,0.729677,0.14761,2.94952,0.2939,,-0.232252,26.8231,0.82112,105.815,-0.232252,0.61,1.3002589643001556,-3.3114441633224487,0.514748,999,,,,,,,243.4,4.868,243.4,4.868,,,,,,,,,,,,,,,,,,,"Ty France","17982",664034
"Austin Hedges","CLE",21,84.9161,74.1402,15.8577,11.1451,2.49072,0.060253,2.1616,8.59736,7.61272,6.3331,0.122163,18.9417,0.932191,0.580962,2.1819,1.60892,0.890622,0.276132,0.213887,0.0745806,0.223063,0.334347,0.282034,0.336574,0.27589,0.618608,0.122687,3.60405,0.255438,,-0.0353525,7.30559,-2.82763,74.2593,-0.0353525,3.03,-2.6072717048227787,4.650370359420776,0.512957,999,,,,,,,63.1,3.004761904,63.1,3.004761904,,,,,,,,,,,,,,,,,,,"Austin Hedges","12976",595978
"Chandler Simpson","TBR",47,199.906,185.003,52.9635,44.6823,6.93966,1.24428,0.0972638,25.5268,14.0954,10.8405,0.216065,20.5901,0.430872,1.22298,2.3824,4.46611,15.3283,3.21942,0.286285,0.0542277,0.102999,0.526489,0.325245,0.338825,0.296128,0.66407,0.0525399,6.84391,0.31936,,1.42863,20.4815,-3.37371,86.1256,1.42863,1.91,-1.83489191532135,-0.22262394428253174,0.512627,180.19000244140625,,,,,,,190.9,4.061702127,190.9,4.061702127,,,,,,,,,,,,,,,,,,,"Chandler Simpson","31912",802415
"Miguel Amaya","CHC",31,123.739,109.17,24.7643,16.584,4.44006,0.349516,3.39077,13.5317,13.298,9.67664,0.154279,27.3562,2.56212,0.891262,1.43868,2.26758,0.254536,0.0770542,0.226842,0.0782022,0.22108,0.353728,0.30256,0.367095,0.297635,0.669655,0.140253,3.02706,0.269479,,-0.136136,12.829,-1.93696,87.8312,-0.136136,0.95,-1.9574018865823746,2.988378942012787,0.512227,745.969970703125,,,,,,,109.8,3.541935483,109.8,3.541935483,,,,,,,,,,,,,,,,,,,"Miguel Amaya","21693",665804
"Jorge Polanco","NYM",45,192.961,170.697,42.5346,25.5917,8.12822,0.0871623,8.72753,25.1023,26.5064,18.0609,0.410389,37.8803,1.3734,1.52535,0.584629,2.94161,1.91633,0.663683,0.249182,0.0935989,0.196311,0.476789,0.323333,0.451208,0.336266,0.774542,0.202026,3.19818,0.269134,,-0.133396,26.0548,3.02844,115.242,-0.133396,-0.02,3.423956960439682,-4.673814315348864,0.509596,209.42999267578125,,,,,,,235.6,5.235555555,235.6,5.235555555,,,,,,,,,,,,,,,,,,,"Jorge Polanco","13152",593871
"Lawrence Butler","ATH",50,218.38,195.612,48.0456,29.3401,10.0506,0.383779,8.27118,30.2208,26.6146,20.2284,0.328487,55.7306,0.743732,1.3531,0.442798,3.64556,6.32443,1.65527,0.245617,0.0926293,0.2552,0.362968,0.316686,0.427772,0.324983,0.744458,0.182155,5.11664,0.299139,,0.307843,27.4877,1.42799,104.066,0.307843,-2.3,1.3526419699192047,-4.114314317703247,0.507983,157.22000122070312,,,,,,,245.8,4.916,245.8,4.916,,,,,,,,,,,,,,,,,,,"Lawrence Butler","22542",671732
"Jimmy Crooks","STL",26,99.9733,88.9821,21.195,13.7592,4.23986,0.206713,2.98918,11.5272,11.8388,8.34952,0.396008,27.6222,1.69545,0.609159,0.337047,1.90134,0.425898,0.155318,0.238194,0.0835175,0.276296,0.302276,0.31354,0.391267,0.310487,0.704807,0.153074,3.11228,0.308678,,-0.105875,11.4077,-0.522305,96.8057,-0.105875,0.5,-0.4921349734067917,2.245912551879883,0.507032,999,,,,,,,98.4,3.784615384,98.4,3.784615384,,,,,,,,,,,,,,,,,,,"Jimmy Crooks","31354",699625
"Amed Rosario","NYY",24,102.278,95.0251,25.8693,17.6398,3.70705,0.957758,3.56473,13.6172,12.4044,5.28904,0.0227886,19.8721,0.683932,0.743704,0.178561,1.92236,1.8101,0.46992,0.272237,0.0517122,0.194294,0.266154,0.312972,0.443947,0.327865,0.756919,0.17171,5.87005,0.308365,,0.0394752,13.113,0.907947,110.047,0.0394752,0,1.2485627010464668,0.05291004106402397,0.500512,999,,,,,,,127.3,5.304166666,127.3,5.304166666,,,,,,,,,,,,,,,,,,,"Amed Rosario","15518",642708
"Dylan Beavers","BAL",37,158.248,139.451,33.9075,21.4089,7.48302,0.589793,4.42572,20.256,16.8594,16.0749,0.320977,35.8191,0.866211,1.22838,0.626937,2.12727,3.76668,1.05597,0.243149,0.101581,0.226348,0.448782,0.322601,0.400478,0.318466,0.723079,0.157329,5.24514,0.293541,,0.10957,19.0819,0.197874,103.885,0.10957,-0.16,0.8329283446073532,-1.540751963853836,0.498996,505.0400085449219,,,,,,,170.8,4.616216216,170.8,4.616216216,,,,,,,,,,,,,,,,,,,"Dylan Beavers","31695",687637
"Zach McKinstry","DET",40,174.224,155.115,36.2031,24.2451,7.51649,0.961048,3.48046,20.9206,16.2715,15.4852,0.346575,35.1408,1.50664,1.33882,0.777767,2.49011,4.34011,1.40747,0.233395,0.0888811,0.201699,0.440661,0.306694,0.361557,0.2967,0.668252,0.128162,5.59349,0.277704,,0.0629654,17.9311,-2.85943,87.1588,0.0629654,0.7,-2.5694727450609207,1.2545092701911926,0.495163,510.30999755859375,,,,,,,159.5,3.9875,159.5,3.9875,,,,,,,,,,,,,,,,,,,"Zach McKinstry","19392",656716
"Jac Caglianone","KCR",56,239.388,216.333,52.17,30.6973,10.5399,0.780681,10.1521,30.4135,33.5185,18.5742,0.521528,63.8924,2.95179,1.23669,0.291955,4.37886,1.63829,0.653451,0.241156,0.0775905,0.266899,0.290711,0.308228,0.437878,0.324162,0.746106,0.196723,3.77324,0.292756,,-0.223089,29.9723,1.4057,103.3,-0.223089,-1.29,0.7063376605510712,-4.417572021484375,0.487641,164.58999633789062,,,,,,,273.8,4.889285714,273.8,4.889285714,,,,,,,,,,,,,,,,,,,"Jac Caglianone","35041",695506
"Jung Hoo Lee","SFG",58,252.23,230.547,63.1171,43.6473,14.41,1.5619,3.49791,30.3235,25.5249,16.9464,0.393708,26.8339,2.18096,2.25712,0.297945,5.37592,3.52314,1.05042,0.273771,0.0671862,0.106387,0.631529,0.326455,0.39534,0.317164,0.721795,0.12157,4.72859,0.294456,,-0.0685642,30.148,0.0489366,101.528,-0.0685642,-1.64,0.3976917564868927,-3.8256157636642456,0.484556,339.44000244140625,,,,,,,263.8,4.548275862,263.8,4.548275862,,,,,,,,,,,,,,,,,,,"Jung Hoo Lee","33824",808982
"Josh Bell","MIN",54,225.143,200.379,49.8016,32.0407,8.24848,0.477597,9.03485,28.2375,28.8626,20.8441,0.342793,44.6074,1.72856,1.72298,0.255663,4.86975,0.629981,0.243327,0.248537,0.0925818,0.198129,0.46728,0.322129,0.429734,0.328532,0.751864,0.181198,2.79008,0.274598,,-0.268514,28.9874,2.12059,108.599,-0.268514,-0.13,2.0094829201698303,-5.296666502952576,0.479188,636.3300170898438,,,,,,,258.7,4.79074074,258.7,4.79074074,,,,,,,,,,,,,,,,,,,"Josh Bell","13145",605137
"Konnor Griffin","PIT",22,94.6797,86.1674,23.1412,15.8253,3.99891,0.684254,2.63275,13.3539,9.94764,6.14165,0.165695,24.4625,1.61103,0.477582,0.282101,1.52664,4.28365,1.04385,0.268561,0.0648677,0.258371,0.251064,0.327274,0.422513,0.328304,0.749787,0.153952,6.84603,0.344392,,0.297059,12.1726,0.874221,104.769,0.297059,0,0.8432299196720123,0.709876537322998,0.469275,999,,,,,,,117.1,5.322727272,117.1,5.322727272,,,,,,,,,,,,,,,,,,,"Konnor Griffin","35376",804606
"Jesús Sánchez","TOR",35,152.725,138.218,35.3514,22.192,6.91713,0.383778,5.8585,20.3466,19.1097,11.9614,0.357081,34.8462,1.41401,0.824758,0.306409,2.88059,2.46957,0.739852,0.255766,0.0783201,0.228163,0.343263,0.319692,0.438522,0.329976,0.758213,0.182756,4.64304,0.299913,,-0.00346675,19.8423,1.61735,110.972,-0.00346675,-1.12,1.968190407846123,-2.7819182872772217,0.468363,617.4299926757812,,,,,,,174.7,4.991428571,174.7,4.991428571,,,,,,,,,,,,,,,,,,,"Jesus Sanchez","19913",660821
"Jordan Lawlar","ARI",32,139.184,125.514,31.06,20.4204,6.15394,1.01762,3.46803,18.3533,15.0036,10.421,0.278355,35.7583,1.78912,0.882347,0.577496,1.9518,5.27374,1.19867,0.247462,0.074872,0.256914,0.291429,0.31218,0.395599,0.310988,0.707779,0.148137,6.64519,0.31653,,0.382494,15.9386,-0.670564,94.0422,0.382494,0.48,-0.620498389005661,0.679632231593132,0.464793,261.6499938964844,,,,,,,141.6,4.425,141.6,4.425,,,,,,,,,,,,,,,,,,,"Jordan Lawlar","29976",691783
"Henry Davis","PIT",33,128.842,114.188,24.9081,15.2434,4.76215,0.309389,4.59309,15.1933,14.5938,10.3277,0.293081,30.9833,2.60257,0.772311,0.903586,2.00883,1.64081,0.553504,0.218131,0.0801577,0.240474,0.333332,0.295864,0.385926,0.300527,0.681791,0.167795,4.42324,0.255907,,-0.0522674,13.6606,-1.71449,86.1339,-0.0522674,0.03,-2.213174168020487,2.5762963574379683,0.461466,999,,,,,,,127.5,3.863636363,127.5,3.863636363,,,,,,,,,,,,,,,,,,,"Henry Davis","29617",680779
"Nathan Lukes","TOR",41,178.678,160.819,42.4487,30.6499,7.81452,0.349978,3.63426,20.7501,17.8769,13.1829,0.420859,27.2152,1.54166,1.14209,1.9924,4.31674,1.34945,0.498777,0.263954,0.0737801,0.152314,0.484394,0.323588,0.384693,0.31282,0.708281,0.12074,3.51711,0.296041,,-0.180191,20.7268,-0.595212,99.1405,-0.180191,0.16,-0.3608829975128174,-1.5721897780895233,0.448672,999,,,,,,,181.9,4.436585365,181.9,4.436585365,,,,,,,,,,,,,,,,,,,"Nathan Lukes","18123",664770
"Andrew Vaughn","MIL",48,207.188,186.113,48.643,32.1791,9.44825,0.306327,6.70933,23.6518,27.8617,16.301,0.314528,36.1227,2.45913,1.92244,0.393095,4.31198,0.354975,0.103334,0.261364,0.0786774,0.174347,0.451268,0.325942,0.423571,0.327831,0.749513,0.162208,2.20914,0.288794,,-0.24572,26.5578,1.8336,107.063,-0.24572,-0.1,1.5242654830217361,-3.8681159988045692,0.445786,272.2699890136719,,,,,,,234.3,4.88125,234.3,4.88125,,,,,,,,,,,,,,,,,,,"Andrew Vaughn","26197",683734
"Liam Hicks","MIA",47,191.589,167.134,42.2605,29.8088,7.17136,0.315959,4.96438,21.4636,21.6249,18.4361,0.371239,24.545,3.5554,1.66343,0.799271,4.32189,0.814666,0.23199,0.252853,0.0962273,0.128113,0.751114,0.336769,0.388651,0.322542,0.72542,0.135797,2.70194,0.267762,,-0.211503,23.7359,0.873239,101.441,-0.211503,0.47,0.12231965363025665,-1.9753263294696808,0.444036,748.5399780273438,,,,,,,203.4,4.327659574,203.4,4.327659574,,,,,,,,,,,,,,,,,,,"Liam Hicks","29844",689414
"Isaac Collins","KCR",46,197.027,170.555,41.3045,26.9396,9.37053,0.858912,4.13553,24.8959,19.5139,21.6653,0.301211,41.453,2.52138,1.33598,0.94905,3.33869,4.86518,1.81971,0.242177,0.109961,0.210392,0.522647,0.334006,0.379932,0.318514,0.713938,0.137756,5.16102,0.294285,,-0.0567718,23.7657,0.25403,99.4049,-0.0567718,-0.33,-0.19473227486014366,-2.459629625082016,0.441845,666.1699829101562,,,,,,,206.9,4.497826086,206.9,4.497826086,,,,,,,,,,,,,,,,,,,"Isaac Collins","25477",686555
"Gavin Lux","TBR",29,125.065,110.469,27.4024,19.0861,5.4487,0.588593,2.279,14.2969,12.6635,13.0874,0.105152,27.9038,0.550699,0.824983,0.13292,2.52382,1.01519,0.309145,0.248056,0.104645,0.223115,0.469017,0.328503,0.369926,0.311731,0.698429,0.121871,4.01226,0.309741,,-0.101654,14.397,-0.527195,96.8859,-0.101654,0,-0.5599113330245018,0.4475308358669281,0.439598,745.989990234375,,,,,,,124.1,4.279310344,124.1,4.279310344,,,,,,,,,,,,,,,,,,,"Gavin Lux","19955",666158
"Josh Lowe","LAA",42,180.609,164.16,39.1613,23.489,8.33662,0.440583,6.89504,22.6155,21.258,13.7994,0.791433,50.0639,0.932935,1.34404,0.372586,2.22657,5.86117,1.26108,0.238556,0.0764052,0.277195,0.275637,0.299017,0.420713,0.311827,0.71973,0.182157,5.48326,0.297262,,0.44662,20.8052,-0.747223,96.653,0.44662,0,-0.2646644413471222,-1.8621399402618408,0.43603,297.0899963378906,,,,,,,197,4.69047619,197,4.69047619,,,,,,,,,,,,,,,,,,,"Josh Lowe","19953",666139
"Romy Gonzalez","BOS",38,158.439,145.513,37.7084,25.3431,6.6817,0.645035,5.0386,20.0753,19.2528,9.98106,0.223076,40.8095,1.40354,1.13209,0.408811,3.40408,3.7845,1.15489,0.25914,0.0629963,0.257573,0.244577,0.310656,0.417803,0.317651,0.728459,0.158663,5.28519,0.324114,,0.0803443,19.0002,0.0933062,97.6166,0.0803443,-0.33,-0.36399097740650177,-0.9828068912029266,0.435023,999,,,,,,,177.6,4.67368421,177.6,4.67368421,,,,,,,,,,,,,,,,,,,"Romy Gonzalez","21562",663853
"Sal Frelick","MIL",41,174.474,155.82,40.5808,30.1751,7.29719,0.621013,2.48751,19.9861,16.9221,14.3057,0.29267,21.4825,1.73073,1.1764,0.799248,3.77919,4.63683,1.21083,0.260434,0.0819932,0.123127,0.665923,0.327206,0.363128,0.307786,0.690334,0.102694,5.00138,0.28636,,0.176679,19.5264,-1.29396,93.6146,0.176679,1.51,-1.1708526611328125,-0.30235612392425537,0.426055,216.39999389648438,,,,,,,173.1,4.221951219,173.1,4.221951219,,,,,,,,,,,,,,,,,,,"Sal Frelick","29622",686217
"Joey Ortiz","MIL",40,171.5,154.778,36.8,26.2168,6.7326,1.03824,2.81238,19.0174,15.2904,12.5559,0.175527,30.6096,1.15411,1.14339,1.86939,3.08269,4.35976,1.32523,0.237761,0.073212,0.178482,0.410194,0.297764,0.349186,0.287389,0.646951,0.111426,5.56269,0.277452,,0.107171,16.3549,-4.1106,79.93,0.107171,1.78,-4.056087322533131,2.63553386926651,0.42158,743.4400024414062,,,,,,,153.2,3.83,153.2,3.83,,,,,,,,,,,,,,,,,,,"Joey Ortiz","25493",687401
"Bryce Eldridge","SFG",44,190.419,169.046,41.4092,24.6811,8.55062,0.179361,7.9981,23.7319,25.4097,18.4837,1.33554,55.0257,1.30242,1.45285,0.133965,3.06687,0.709723,0.201857,0.244959,0.0970691,0.288972,0.335911,0.321599,0.439602,0.329642,0.761201,0.194644,2.69092,0.310874,,-0.175108,24.6881,1.96505,109.9,-0.175108,-0.05,2.104998469352722,-4.176305580884218,0.418087,999,,,,,,,220.8,5.018181818,220.8,5.018181818,,,,,,,,,,,,,,,,,,,"Bryce Eldridge","33390",805811
"Endy Rodríguez","PIT",27,102.488,91.2653,21.3465,13.4324,4.97419,0.320617,2.61932,11.5321,11.3393,9.56127,0.122497,22.9262,0.771907,0.754018,0.135839,1.543,0.612797,0.225187,0.233895,0.0932913,0.223696,0.417045,0.309516,0.381524,0.305557,0.69104,0.147629,3.54247,0.281723,,-0.0987502,11.2847,-0.945476,89.5084,-0.0987502,0.15,-1.3993324488401413,2.126495748758316,0.411432,999,,,,,,,104.2,3.859259259,104.2,3.859259259,,,,,,,,,,,,,,,,,,,"Endy Rodriguez","25332",682848
"Joey Bart","ATL",14,54.538,48.3708,11.8941,7.93837,1.88313,0.119478,1.95316,6.84606,6.61672,4.6986,0.00382584,14.8571,1.05348,0.331224,0.0813223,1.14432,0.168779,0.055598,0.245895,0.0861528,0.272417,0.316253,0.324057,0.410903,0.324412,0.734959,0.165008,3.00452,0.31171,,-0.0633442,6.83948,0.331347,103.556,-0.0633442,0.98,0.17125283181667328,2.0602469444274902,0.405603,999,,,,,,,61.8,4.414285714,61.8,4.414285714,,,,,,,,,,,,,,,,,,,"Joey Bart","21524",663698
"Jonah Heim","ATH",32,133.846,121.844,28.8856,17.9429,5.42638,0.112339,5.40403,15.8017,17.4867,9.78748,0.13837,26.4339,0.677716,1.06965,0.23919,2.27558,0.546966,0.17942,0.237071,0.073125,0.197495,0.370262,0.295031,0.416508,0.30962,0.711539,0.179436,2.81421,0.257826,,-0.117958,15.1786,-0.793475,93.4705,-0.117958,1.03,-1.1462912857532501,0.3781481385231018,0.404901,999,,,,,,,136.8,4.275,136.8,4.275,,,,,,,,,,,,,,,,,,,"Jonah Heim","16930",641680
"Jose Trevino","CIN",28,107.641,98.8122,23.023,16.7579,3.85968,0.133671,2.27169,10.2568,10.8814,6.02394,0.0948152,16.9879,0.704366,0.834526,0.861785,2.46773,0.195827,0.0606993,0.232997,0.0559634,0.157821,0.354602,0.279683,0.343734,0.275526,0.623417,0.110736,2.2947,0.258142,,-0.112548,9.22883,-3.61615,66.3953,-0.112548,2.82,-4.487745076417923,4.980493783950806,0.404693,999,,,,,,,81.2,2.9,81.2,2.9,,,,,,,,,,,,,,,,,,,"Jose Trevino","16725",624431
"Jonny DeLuca","TBR",33,139.836,127.877,29.796,18.779,5.9479,1.1118,3.9573,17.5268,14.4987,8.87256,0.277942,28.6443,1.32302,0.877439,0.885682,1.51099,5.61744,1.17924,0.233005,0.0634498,0.204842,0.30975,0.287812,0.389744,0.295845,0.677556,0.156739,6.83628,0.268724,,0.479069,14.2948,-2.39208,85.9303,0.479069,1.49,-1.8359263241291046,0.8501614332199097,0.404478,999,,,,,,,139.3,4.221212121,139.3,4.221212121,,,,,,,,,,,,,,,,,,,"Jonny DeLuca","26365",676356
"Joshua Kuroda-Grauer","ATH",39,171.081,160.397,44.4111,33.3349,8.68823,0.677626,1.71037,19.8066,16.6653,7.26913,0.193785,18.9904,1.74982,1.08711,0.578079,3.88919,3.07807,0.961205,0.276882,0.0424893,0.111002,0.38278,0.313367,0.371489,0.3018,0.684856,0.0946064,4.77361,0.303308,,-0.0111862,18.3157,-2.0998,88.0777,-0.0111862,0,-2.4111798154190183,0.31130266189575195,0.404399,999,,,,,,,166.9,4.279487179,166.9,4.279487179,,,,,,,,,,,,,,,,,,,"Joshua Kuroda-Grauer","35121",811965
"Gary Sánchez","MIL",18,72.3672,62.522,14.2233,8.00358,2.14749,0.110973,3.96126,9.10023,11.5813,7.62859,0.0719576,17.068,1.22297,0.520109,0.100479,1.26046,0.0667231,0.020112,0.227493,0.105415,0.235853,0.446952,0.320958,0.455464,0.337869,0.776422,0.227971,2.23777,0.24426,,-0.085785,9.86564,1.22991,113.797,-0.085785,0.3,1.1219065561890602,0.42820513248443604,0.39542,999,,,,,,,85.8,4.766666666,85.8,4.766666666,,,,,,,,,,,,,,,,,,,"Gary Sanchez","11442",596142
"Paul Goldschmidt","NYY",39,165.83,151.23,38.1972,24.068,7.27867,0.418604,6.43196,20.4473,21.4452,12.0506,0.297232,36.9101,0.971601,1.09666,0.265261,2.93234,1.55076,0.402379,0.252577,0.0726683,0.222578,0.326484,0.309766,0.433836,0.322985,0.743603,0.181259,3.76542,0.291466,,-0.0557946,20.6042,0.815381,106.681,-0.0557946,0,1.2478442527353764,-3.3471410274505615,0.385523,748.3599853515625,,,,,,,181.3,4.648717948,181.3,4.648717948,,,,,,,,,,,,,,,,,,,"Paul Goldschmidt","9218",502671
"Ha-Seong Kim","ATL",29,123.95,108.45,25.5993,17.863,4.27688,0.572423,2.88708,15.7624,11.2946,12.3523,0.254452,23.3381,0.975463,0.948909,1.10144,1.99842,3.97788,0.95384,0.236048,0.0996551,0.188286,0.529274,0.317186,0.365905,0.304199,0.68309,0.129857,5.71721,0.273071,,0.232545,13.5111,-1.28007,89.9951,0.232545,-0.42,-1.267414465546608,0.9225926101207733,0.373696,748.3800048828125,,,,,,,126.9,4.375862068,126.9,4.375862068,,,,,,,,,,,,,,,,,,,"Ha-Seong Kim","27506",673490
"Alan Roden","MIN",31,131.98,117.301,29.3209,20.5019,5.87802,0.305153,2.6358,15.4764,13.2034,11.1396,0.294038,22.9584,2.50264,0.864512,0.172056,2.94427,1.53631,0.546762,0.249962,0.0844034,0.173953,0.485208,0.325952,0.372686,0.311155,0.698637,0.122724,3.94415,0.288263,,-0.102661,15.1315,-0.618028,96.6145,-0.102661,0.91,-0.6284133419394493,-0.4437561631202698,0.367407,999,,,,,,,134,4.322580645,134,4.322580645,,,,,,,,,,,,,,,,,,,"Alan Roden","31564",702176
"Brice Matthews","HOU",26,113.411,102.052,21.885,13.4981,3.64596,0.486721,4.25424,15.0096,12.1106,8.99271,0.0307855,37.0838,1.17857,0.619161,0.568502,1.43883,4.10856,1.07723,0.214449,0.0792928,0.326985,0.242497,0.284079,0.384774,0.2942,0.668853,0.170325,6.45652,0.287457,,0.246969,11.4422,-2.09144,86.2704,0.246969,0.9,-1.5851869732141495,1.159622311592102,0.365885,740.969970703125,,,,,,,105.2,4.046153846,105.2,4.046153846,,,,,,,,,,,,,,,,,,,"Brice Matthews","33280",694728
"Esmerlyn Valdez","PIT",44,186.431,167.188,39.5082,23.5434,7.64316,0.534845,7.78679,23.0306,24.6956,15.9337,0.210766,53.0344,1.9111,1.13644,0.261543,2.85948,0.963613,0.389599,0.236309,0.0854669,0.284472,0.300441,0.308068,0.428148,0.321108,0.736216,0.191839,3.47203,0.295073,,-0.19164,22.8799,0.632719,99.9413,-0.19164,0,-0.20487557910382748,-2.3713200092315674,0.35385,999,,,,,,,217,4.931818181,217,4.931818181,,,,,,,,,,,,,,,,,,,"Esmerlyn Valdez","29005",699013
"Mitch Garver","SEA",17,70.4595,60.7793,12.5807,7.42827,2.13765,0.0749129,2.93989,8.25666,8.77179,8.13221,0.0458635,20.6898,0.727423,0.478048,0.0949628,0.949136,0.27146,0.0803007,0.20699,0.115417,0.293641,0.393054,0.30578,0.389736,0.308364,0.695515,0.182745,2.68868,0.256217,,-0.0668787,7.91855,-0.489532,102.064,-0.0668787,-0.11,0.1042143926024437,0.8788414150476456,0.353553,999,,,,,,,72.8,4.282352941,72.8,4.282352941,,,,,,,,,,,,,,,,,,,"Mitch Garver","15161",641598
"Angel Martínez","CLE",34,147.854,134.832,33.3927,21.2117,6.72278,0.474393,4.98379,18.1304,17.4661,8.56813,0.152742,30.3952,1.81048,1.14361,1.49948,2.34803,3.26129,0.993422,0.247661,0.05795,0.205576,0.281891,0.299077,0.415447,0.311064,0.714524,0.167786,5.04217,0.282403,,0.0700957,16.9404,-0.703299,98.5167,0.0700957,-0.11,-0.1879592016339302,-1.6017695516347885,0.352031,748.5800170898438,,,,,,,153,4.5,153,4.5,,,,,,,,,,,,,,,,,,,"Angel Martinez","26540",682657
"Addison Barger","TOR",27,114.793,103.601,25.0384,14.2479,5.883,0.102995,4.80451,14.594,15.1974,9.32435,0.373999,27.7813,1.03123,0.728669,0.10781,1.8771,0.920785,0.262204,0.241681,0.0812275,0.242012,0.335634,0.308619,0.43958,0.324302,0.748199,0.197899,3.45817,0.28203,,-0.0556803,14.3856,0.687153,107.059,-0.0556803,-0.31,0.8977846167981625,-1.5172649025917053,0.351243,193.08999633789062,,,,,,,132.3,4.9,132.3,4.9,,,,,,,,,,,,,,,,,,,"Addison Barger","24598",680718
"Jake McCarthy","COL",44,192.257,173.878,47.2573,32.8914,8.31965,1.92406,4.12222,26.6708,19.6163,12.1026,0.201969,32.3541,3.01781,1.20319,2.05478,3.67555,8.21228,1.8707,0.271784,0.0629501,0.168286,0.374066,0.327956,0.412885,0.324989,0.740841,0.141101,7.08821,0.311209,,0.607806,24.2004,1.25807,90.8983,0.607806,0.39,-1.50873863697052,-1.32273268699646,0.347219,506.760009765625,,,,,,,216,4.909090909,216,4.909090909,,,,,,,,,,,,,,,,,,,"Jake McCarthy","21622",664983
"Marcelo Mayer","BOS",29,120.53,109.887,26.7163,17.282,6.37797,0.233321,2.82304,13.268,13.6918,8.90785,0.346461,25.4143,0.710508,0.871384,0.153647,2.23268,1.6237,0.438147,0.243126,0.0739055,0.210854,0.350506,0.301842,0.382485,0.30034,0.684327,0.139359,4.07711,0.289542,,-0.000657784,12.761,-1.62217,85.678,-0.000657784,0.15,-2.031826483202167,1.0713870823383331,0.337426,589.5399780273438,,,,,,,120.6,4.158620689,120.6,4.158620689,,,,,,,,,,,,,,,,,,,"Marcelo Mayer","29668",691785
"Harrison Bader","SFG",38,164.498,150.426,35.0297,22.8725,5.60608,0.88268,5.66837,20.7332,18.0352,10.4099,0.0817142,41.6089,2.31315,1.05645,0.292146,2.53585,3.97581,1.15449,0.23287,0.0632828,0.252945,0.250184,0.290811,0.39492,0.300389,0.68573,0.16205,5.79793,0.281764,,0.124134,17.4225,-2.20735,90.2739,0.124134,-0.83,-1.8110486641526222,-0.24358028173446655,0.334329,554.3099975585938,,,,,,,166.3,4.376315789,166.3,4.376315789,,,,,,,,,,,,,,,,,,,"Harrison Bader","18030",664056
"Blaze Jordan","STL",35,150.455,139.808,36.6936,25.0713,7.76756,0.351865,3.50286,16.6126,17.9961,8.17777,0.374401,20.2303,1.15237,1.06712,0.249356,3.27905,0.747992,0.252284,0.262456,0.0543537,0.134461,0.404233,0.306405,0.398213,0.307687,0.704617,0.135756,3.19733,0.283337,,-0.139122,16.8262,-1.1279,94.9272,-0.139122,0,-1.0622806549072266,-0.582486093044281,0.329515,999,,,,,,,156.9,4.482857142,156.9,4.482857142,,,,,,,,,,,,,,,,,,,"Blaze Jordan","28199",691458
"Josh Smith","TEX",23,98.4649,86.1385,20.8595,14.3727,4.11946,0.300105,2.0672,11.6097,9.43631,9.17583,0.208852,17.8687,1.96488,0.704055,0.481694,1.74956,1.93257,0.560456,0.242163,0.0931888,0.181472,0.513515,0.326589,0.36895,0.310693,0.695539,0.126787,4.74877,0.280874,,0.017136,11.2521,-0.497968,98.4846,0.017136,-0.44,-0.15843175910413265,-0.10594046115875244,0.328301,428.9100036621094,,,,,,,96,4.173913043,96,4.173913043,,,,,,,,,,,,,,,,,,,"Josh Smith","26396",669701
"Austin Martin","MIN",27,115.483,99.8749,25.4583,18.8535,4.87225,0.523196,1.20935,14.4733,8.9084,12.2794,0.0713776,19.6352,1.79146,0.745739,0.791275,2.34317,3.5075,1.16597,0.254902,0.106331,0.170027,0.625377,0.344656,0.350489,0.314561,0.695145,0.0955866,5.42054,0.303963,,0.0401026,13.5592,-0.221593,98.9634,0.0401026,0.12,-0.1007487140595913,-0.7844715192914009,0.326838,748.5599975585938,,,,,,,116.4,4.311111111,116.4,4.311111111,,,,,,,,,,,,,,,,,,,"Austin Martin","27462",668885
"Colby Thomas","ATH",31,132.839,122.24,29.9224,17.0676,6.48622,0.504874,5.86375,17.7593,17.7484,7.51312,0.0256965,37.5609,1.69989,0.960349,0.426562,1.73396,2.08905,0.581075,0.244785,0.0565579,0.282754,0.200025,0.295556,0.450015,0.32185,0.745571,0.20523,5.16916,0.30158,,0.0347372,16.3828,0.530822,101.905,0.0347372,-0.04,0.3324670270085335,-1.9004252329468727,0.320333,748.5900268554688,,,,,,,156.5,5.048387096,156.5,5.048387096,,,,,,,,,,,,,,,,,,,"Colby Thomas","31855",687515
"Christian Vázquez","HOU",28,112.39,100.701,22.8279,16.8103,3.63922,0.0663388,2.31199,11.3159,10.6422,7.52797,0.216606,21.2464,0.710594,0.829555,1.30325,2.22267,1.07501,0.346184,0.22669,0.066981,0.189042,0.354317,0.283017,0.333023,0.273819,0.61604,0.106333,3.24014,0.263119,,-0.0629336,9.48032,-3.93138,72.2145,-0.0629336,0.72,-3.737368479371071,2.8804938793182373,0.318553,999,,,,,,,87.1,3.110714285,87.1,3.110714285,,,,,,,,,,,,,,,,,,,"Christian Vazquez","9774",543877
"Matt Vierling","DET",33,145.019,131.218,32.2641,22.0584,5.10814,1.5539,3.54368,18.0156,14.6895,11.0454,0.0814454,27.6355,1.18428,1.19859,0.372207,2.38883,1.79236,0.610458,0.245882,0.0761652,0.190565,0.399681,0.307604,0.389512,0.306435,0.697116,0.143631,5.43578,0.283693,,-0.0798033,16.0709,-1.23448,93.8727,-0.0798033,-0.12,-1.1253408193588257,-0.8994784876704216,0.318016,999,,,,,,,148.7,4.506060606,148.7,4.506060606,,,,,,,,,,,,,,,,,,,"Matt Vierling","21558",663837
"Ryan Waldschmidt","ARI",33,142.21,127.236,31.0997,20.8315,6.38833,1.04478,2.83504,17.5425,14.5794,11.6842,0.178058,36.8564,1.99142,0.904059,0.393978,1.95976,3.23246,0.979964,0.244425,0.0821617,0.259169,0.31702,0.315729,0.377901,0.307337,0.69363,0.133477,5.81962,0.319559,,0.0542715,15.8637,-1.10647,91.5927,0.0542715,0,-1.3918536268174648,-0.12731483578681946,0.315046,999,,,,,,,142.8,4.327272727,142.8,4.327272727,,,,,,,,,,,,,,,,,,,"Ryan Waldschmidt","35061",814439
"Andrew Benintendi","CHW",48,206.377,185.927,46.33,29.9458,8.40422,0.276193,7.70377,23.8572,25.947,16.9617,0.494186,39.5621,1.04522,2.02757,0.41486,3.45835,1.04546,0.35423,0.249183,0.0821878,0.191698,0.428735,0.312373,0.421659,0.31964,0.734031,0.172475,2.78616,0.27455,,-0.194575,25.0821,0.45468,102.973,-0.194575,-0.03,0.5274062752723694,-4.791904715821147,0.312617,735.8099975585938,,,,,,,225.9,4.70625,225.9,4.70625,,,,,,,,,,,,,,,,,,,"Andrew Benintendi","17901",643217
"Giancarlo Stanton","NYY",20,87.3834,78.3299,18.5863,9.91064,2.88346,0.0126253,5.77961,11.8453,14.4547,7.91594,0.308307,26.3571,0.438169,0.538556,0.11434,1.34709,0.184569,0.0457356,0.237283,0.0905886,0.301626,0.300334,0.30887,0.495773,0.344134,0.804643,0.25849,2.09674,0.274048,,-0.079192,12.357,1.92934,121.267,-0.079192,0,2.107428975403309,-2.160493850708008,0.309726,251.4600067138672,,,,,,,117.5,5.875,117.5,5.875,,,,,,,,,,,,,,,,,,,"Giancarlo Stanton","4949",519317
"Freddy Fermin","SDP",26,103.857,93.6154,21.822,15.6154,3.60359,0.359153,2.24389,10.869,10.1894,7.45089,0.152299,19.6548,0.742586,0.787873,1.2353,2.09407,0.683294,0.249845,0.233103,0.0717419,0.189249,0.379088,0.292558,0.351177,0.285334,0.643735,0.118074,3.64121,0.270026,,-0.0949525,9.73103,-2.66243,81.5048,-0.0949525,0,-2.418306015431881,2.0061728954315186,0.300649,735.3099975585938,,,,,,,85.5,3.288461538,85.5,3.288461538,,,,,,,,,,,,,,,,,,,"Freddy Fermin","21840",666023
"Nathan Church","STL",34,147.485,135.721,32.9874,23.192,5.97738,0.400524,3.41753,16.6842,15.5114,8.37866,0.298881,26.1454,1.63191,0.990222,0.763468,2.98279,3.12461,0.945268,0.243053,0.0568101,0.177275,0.320464,0.293058,0.368538,0.291076,0.661596,0.125485,4.67705,0.275971,,0.0548045,14.5061,-3.09364,83.7831,0.0548045,0.98,-2.838135737925768,1.0009876564145088,0.300258,999,,,,,,,127.3,3.744117647,127.3,3.744117647,,,,,,,,,,,,,,,,,,,"Nathan Church","31357",701675
"Mike Yastrzemski","ATL",33,141.799,123.582,28.6036,16.7254,6.43391,0.601746,4.84252,17.8123,16.7602,15.2454,0.390961,32.1888,1.41042,1.03289,0.528309,1.93934,1.07444,0.359362,0.231455,0.107514,0.227003,0.473625,0.320374,0.410809,0.321156,0.731183,0.179355,4.09704,0.271297,,-0.112644,17.408,0.486814,101.372,-0.112644,-0.16,0.12262095510959625,-1.7783127129077911,0.299876,656.0999755859375,,,,,,,158.4,4.8,158.4,4.8,,,,,,,,,,,,,,,,,,,"Mike Yastrzemski","14854",573262
"Braden Montgomery","CHW",52,221.189,199.731,47.6483,31.1389,10.4401,0.682763,5.38657,25.3618,22.554,17.5962,0.431791,57.7847,2.12366,1.29927,0.438485,4.41271,2.87311,1.18259,0.238562,0.0795531,0.261246,0.304514,0.305178,0.378577,0.301795,0.683756,0.140015,4.23895,0.306558,,-0.188732,23.6791,-2.71583,90.6657,-0.188732,0,-2.6180779486894608,-2.321810722351074,0.297679,999,,,,,,,213.4,4.103846153,213.4,4.103846153,,,,,,,,,,,,,,,,,,,"Braden Montgomery","35423",695731
"Nathaniel Lowe","CIN",30,129.366,113.048,28.7986,18.8379,4.65423,0.168398,5.13814,16.5302,16.5083,14.6123,0.334066,31.6278,0.801545,0.769993,0.133932,2.69459,0.34792,0.105062,0.254746,0.112953,0.244483,0.462007,0.342116,0.435248,0.340961,0.777364,0.180502,2.43566,0.30707,,-0.157472,17.9607,2.52319,110.295,-0.157472,0.01,1.4534671604633331,-2.730240335687995,0.297238,999,,,,,,,158.9,5.296666666,158.9,5.296666666,,,,,,,,,,,,,,,,,,,"Nathaniel Lowe","19566",663993
"Everson Pereira","CHW",23,99.7323,90.3196,20.6452,12.7477,3.50972,0.4262,3.96163,12.1775,12.0352,7.61865,0.0606243,29.8526,1.06421,0.535098,0.194757,1.63446,1.35358,0.414997,0.228579,0.076391,0.299327,0.255209,0.294643,0.408463,0.307523,0.703106,0.179883,4.69892,0.292487,,-0.0170374,11.1403,-0.760928,94.6165,-0.0170374,0.26,-0.6487912107259035,0.03033404052257538,0.297039,999,,,,,,,105.7,4.595652173,105.7,4.595652173,,,,,,,,,,,,,,,,,,,"Everson Pereira","23695",677592
"TJ Friedl","CIN",40,170.842,147.729,34.6114,23.6204,5.88602,0.647948,4.45697,20.7628,16.2858,16.6396,0.02748,32.4799,3.65259,1.17947,1.64142,3.07784,3.15741,0.907558,0.234289,0.0973971,0.190116,0.512303,0.324487,0.373414,0.312344,0.697901,0.139125,4.99865,0.269303,,0.0176051,19.7518,-0.635183,91.0961,0.0176051,-1.1,-1.8223095927387476,-0.8232865631580353,0.295439,265.1499938964844,,,,,,,174.6,4.365,174.6,4.365,,,,,,,,,,,,,,,,,,,"TJ Friedl","19522",670770
"Connor Wong","BOS",27,102.062,91.8156,21.8261,15.0454,4.40404,0.338024,2.03868,11.3165,9.8131,7.51878,0.0688897,24.1831,1.31744,0.604769,0.786303,1.84135,1.84405,0.622162,0.237717,0.0736689,0.236946,0.31091,0.302818,0.359658,0.294545,0.662476,0.121941,4.64832,0.29891,,-0.0180955,10.3257,-1.85357,81.6813,-0.0180955,-0.6,-2.2179994489997625,1.4833332300186157,0.293679,999,,,,,,,89.6,3.318518518,89.6,3.318518518,,,,,,,,,,,,,,,,,,,"Connor Wong","19896",657136
"Kahlil Watson","CLE",36,155.846,140.591,31.2364,19.4317,6.4904,0.408653,4.90571,18.8833,17.3843,12.1736,0.105442,46.2763,1.72635,1.06794,0.287089,2.14552,4.77671,1.23784,0.222179,0.0781132,0.296936,0.263064,0.290156,0.378838,0.294806,0.668994,0.156659,5.49842,0.291021,,0.262112,15.8001,-2.79738,87.3044,0.262112,0,-2.065960645675659,-0.596707820892334,0.29251,999,,,,,,,145.7,4.047222222,145.7,4.047222222,,,,,,,,,,,,,,,,,,,"Kahlil Watson","29905",696135
"Denzer Guzman","LAA",44,186.563,171.277,39.033,25.3591,7.43241,0.722576,5.51887,20.5876,18.9792,12.2246,0.128997,49.713,1.12341,1.04937,0.888433,2.54608,3.2813,1.07515,0.227894,0.0655254,0.266468,0.245904,0.282112,0.376391,0.288991,0.658503,0.148497,4.87525,0.286214,,0.00156976,18.0338,-4.22909,80.9038,0.00156976,-0.34,-4.190400583785959,0.3807976543903351,0.287205,999,,,,,,,171.7,3.902272727,171.7,3.902272727,,,,,,,,,,,,,,,,,,,"Denzer Guzman","28816",694203
"Jake Meyers","HOU",23,102.172,91.8294,21.9376,15.1158,3.88021,0.614376,2.32719,12.3769,9.68412,7.93264,0.0681756,21.9035,1.16481,0.664928,0.580634,1.74963,2.15399,0.64425,0.238895,0.0776397,0.214377,0.362164,0.305488,0.370558,0.299584,0.676046,0.131663,5.48906,0.287275,,0.0329314,10.7547,-1.4378,89.9833,0.0329314,0.01,-1.1712830178439617,0.3649382684379816,0.286824,738.1500244140625,,,,,,,95.3,4.14347826,95.3,4.14347826,,,,,,,,,,,,,,,,,,,"Jake Meyers","20308",676694
"Jorge Soler","LAA",50,215.341,189.045,42.1854,24.4621,7.77404,0.227664,9.72165,25.3564,27.9204,21.3686,0.102931,60.7092,2.29044,1.51577,0.230465,3.43548,0.320783,0.0936939,0.223151,0.0992315,0.281921,0.351983,0.307369,0.420958,0.319021,0.728327,0.197807,2.16725,0.27024,,-0.234459,26.0633,0.366219,101.614,-0.234459,-0.08,0.17460860311985016,-5.028559759259224,0.285291,634.8099975585938,,,,,,,232.4,4.648,232.4,4.648,,,,,,,,,,,,,,,,,,,"Jorge Soler","14221",624585
"Lourdes Gurriel Jr.","ARI",56,246.093,226.33,59.6412,40.396,11.2215,0.674769,7.34894,29.5712,32.007,14.7852,0.19878,38.1367,2.42775,2.23779,0.311763,4.57272,2.66248,0.784365,0.263515,0.0600795,0.154968,0.387689,0.312694,0.416467,0.318132,0.729162,0.152953,3.91905,0.285622,,-0.103439,29.6079,0.241058,98.8352,-0.103439,-0.16,-0.45015307515859604,-4.793347984552383,0.280596,689.0700073242188,,,,,,,267.3,4.773214285,267.3,4.773214285,,,,,,,,,,,,,,,,,,,"Lourdes Gurriel Jr.","19238",666971
"Edouard Julien","COL",35,151.993,131.12,33.1324,22.2831,6.72857,0.3139,3.80688,19.4369,16.9405,18.4218,0.388606,40.1391,1.32913,0.801929,0.32017,3.04007,2.02152,0.663092,0.252687,0.121201,0.264084,0.458949,0.348666,0.395892,0.331493,0.744558,0.143204,3.95788,0.333335,,-0.0960436,19.9345,1.79677,95.2616,-0.0960436,-0.88,-0.9671602845191956,-1.216303288936615,0.280072,746.0499877929688,,,,,,,169.7,4.848571428,169.7,4.848571428,,,,,,,,,,,,,,,,,,,"Edouard Julien","27534",666397
"Jake Rogers","DET",18,70.4952,62.6823,13.1967,7.927,2.1489,0.502824,2.61799,8.42245,8.11453,6.23151,0.0347823,20.0577,0.686041,0.513262,0.312967,0.921737,0.342718,0.123392,0.210533,0.0883962,0.284526,0.310679,0.286883,0.386158,0.295935,0.673041,0.175624,4.37866,0.261075,,-0.0627551,7.21155,-1.20079,86.6309,-0.0627551,0,-1.1716965660452843,1.3888888359069824,0.276178,999,,,,,,,70.5,3.916666666,70.5,3.916666666,,,,,,,,,,,,,,,,,,,"Jake Rogers","19452",668670
"Victor Robles","SEA",27,119.781,106.674,25.0615,17.7412,4.90355,0.604444,1.81221,14.7685,8.93998,8.03341,0.0432027,26.6418,2.53371,0.770358,1.76997,1.92881,5.98065,1.46607,0.234936,0.0670674,0.22242,0.301535,0.301909,0.343201,0.288716,0.64511,0.108265,6.60293,0.294331,,0.435059,11.5518,-2.74198,88.5134,0.435059,0.32,-1.183860331773758,-0.3608943223953247,0.275594,727.5399780273438,,,,,,,113.6,4.207407407,113.6,4.207407407,,,,,,,,,,,,,,,,,,,"Victor Robles","18363",645302
"Javier Sanoja","MIA",29,119.985,110.794,29.1547,20.339,6.0971,0.959961,1.75867,13.7699,11.8273,6.97302,0.326137,11.7922,0.450274,0.868383,0.899014,2.29202,2.91143,0.936838,0.263143,0.0581158,0.0982812,0.591322,0.307157,0.383122,0.302054,0.690279,0.11998,5.49519,0.279233,,0.045241,12.8701,-1.44791,87.6954,0.045241,0.06,-1.7404881455004215,0.528346236795187,0.272854,999,,,,,,,117.2,4.04137931,117.2,4.04137931,,,,,,,,,,,,,,,,,,,"Javier Sanoja","28253",691594
"Drew Millas","WSN",23,87.2893,79.1536,18.7546,13.6241,3.55057,0.258827,1.32115,9.04402,8.24049,6.47712,0.308226,17.0885,0.584013,0.545903,0.479775,1.69114,1.52015,0.475681,0.23694,0.0742029,0.195768,0.379035,0.297551,0.338409,0.282732,0.635961,0.10147,4.51467,0.284443,,-0.00352544,7.99436,-2.42206,76.0788,-0.00352544,0.6,-2.5291303989943117,2.374691367149353,0.272113,999,,,,,,,73.2,3.182608695,73.2,3.182608695,,,,,,,,,,,,,,,,,,,"Drew Millas","25643",686452
"Edwin Arroyo","CIN",38,161.955,149.251,37.9791,26.0443,7.80231,0.913892,3.21862,18.6676,16.4184,8.87492,0.183431,33.514,1.76168,1.13309,0.9343,2.58116,3.01758,0.894539,0.254465,0.0547988,0.206934,0.264812,0.301923,0.383684,0.300866,0.685607,0.129219,5.33173,0.305853,,0.0350026,17.2159,-2.11053,83.396,0.0350026,0,-3.217584263533354,0.6290684342384338,0.271918,999,,,,,,,156.8,4.126315789,156.8,4.126315789,,,,,,,,,,,,,,,,,,,"Edwin Arroyo","29957",695490
"Pedro Pagés","STL",16,62.3596,57.0573,13.1247,8.88281,2.22843,0.129904,1.88359,6.55834,7.13778,3.71496,0.102211,15.8585,0.592949,0.431439,0.562903,1.14795,0.249197,0.0814731,0.230027,0.0595731,0.254308,0.234256,0.282097,0.372673,0.287255,0.65477,0.142646,3.05785,0.28282,,-0.0547591,5.94006,-1.50145,81.219,-0.0547591,0.83,-1.4713458381593227,2.0645678639411926,0.265596,748.2899780273438,,,,,,,55.4,3.4625,55.4,3.4625,,,,,,,,,,,,,,,,,,,"Pedro Pages","25782",686780
"Luis Torrens","NYM",27,108.416,98.9581,22.9042,16.2326,4.28011,0.314965,2.07646,11.2378,10.5688,7.03351,0.125406,23.8231,1.12388,0.767935,0.523746,2.42041,0.43744,0.162862,0.231453,0.0648752,0.219737,0.29524,0.287918,0.34402,0.280492,0.631938,0.112567,3.37964,0.282117,,-0.111329,9.73222,-3.20529,77.8233,-0.111329,0,-3.019444979727268,2.0833332538604736,0.262652,999,,,,,,,84.2,3.118518518,84.2,3.118518518,,,,,,,,,,,,,,,,,,,"Luis Torrens","15905",620443
"Jacob Gonzalez","PIT",37,158.125,143.293,32.6313,21.1027,7.33554,0.241306,3.95175,17.1236,16.7749,11.3434,0.144525,31.7844,1.61839,1.18288,0.686905,2.48352,1.99209,0.679826,0.227724,0.0717373,0.201008,0.356888,0.289594,0.365019,0.289136,0.654613,0.137295,3.78726,0.263744,,-0.0670832,15.3036,-3.56578,78.4917,-0.0670832,0,-4.180739723145962,1.5676206350326538,0.256804,999,,,,,,,139.7,3.775675675,139.7,3.775675675,,,,,,,,,,,,,,,,,,,"Jacob Gonzalez","33225",694378
"Drew Romo","CHW",16,62.2093,56.919,12.1647,7.86181,2.28783,0.11758,1.89743,6.30734,6.64092,3.81779,0.0637458,15.7691,0.580484,0.484175,0.407867,1.01387,0.570458,0.184095,0.213719,0.0613701,0.253485,0.242106,0.268002,0.358052,0.275142,0.626054,0.144333,3.71698,0.258382,,-0.0282517,5.31425,-2.10931,72.2844,-0.0282517,1.05,-2.056990886107087,2.2845678329467773,0.247351,999,,,,,,,51.7,3.23125,51.7,3.23125,,,,,,,,,,,,,,,,,,,"Drew Romo","27763",691011
"Ben Williamson","TBR",32,136.882,125.241,31.5277,23.2332,6.13873,0.614351,1.54144,14.9083,12.3579,9.24953,0.202738,28.2055,1.10811,0.716277,0.56674,2.96916,2.80396,0.887274,0.251736,0.0675731,0.206057,0.327933,0.307269,0.347486,0.291399,0.654755,0.0957492,5.00645,0.311674,,0.0121117,13.499,-2.83536,82.8642,0.0121117,-0.57,-2.7478003539144993,0.2888298034667969,0.24474,999,,,,,,,129,4.03125,129,4.03125,,,,,,,,,,,,,,,,,,,"Ben Williamson","33197",810938
"Hao-Yu  Lee","DET",16,71.5023,65.6358,16.6322,11.2905,2.87877,0.518507,1.94443,8.82635,7.90165,4.43603,0.109545,15.2688,0.703375,0.521007,0.206089,1.14323,1.1824,0.400552,0.253401,0.0620404,0.213543,0.290528,0.305368,0.401934,0.309131,0.707302,0.148533,5.44261,0.300096,,-0.0179652,8.08025,-0.452271,95.7316,-0.0179652,0,-0.37707839719951153,0.24691356718540192,0.244658,999,,,,,,,79.3,4.95625,79.3,4.95625,,,,,,,,,,,,,,,,,,,"Hao-Yu  Lee","30080",701678
"Max Kepler","ARI",41,180.536,161.143,38.552,24.1469,8.25234,0.419291,5.73354,20.9184,23.4269,15.8925,0.485432,34.9953,1.79103,1.38143,0.327443,3.11753,0.573249,0.182445,0.239241,0.0880295,0.193841,0.454132,0.312059,0.402397,0.313436,0.714455,0.163156,2.89253,0.269455,,-0.184685,21.0326,-0.511149,95.6846,-0.184685,0.28,-1.12702776491642,-2.36496040225029,0.24174,999,,,,,,,192.9,4.704878048,192.9,4.704878048,,,,,,,,,,,,,,,,,,,"Max Kepler","12144",596146
"Carson Williams","TBR",21,89.6132,81.3339,17.6821,10.4237,3.47678,0.58403,3.19753,10.9996,10.607,6.72716,0.0800416,30.2774,0.751075,0.494135,0.306943,0.971333,2.07037,0.635266,0.217401,0.0750688,0.337867,0.222184,0.281731,0.39245,0.294844,0.674181,0.175049,5.94928,0.299557,,0.0541392,9.08802,-1.60571,85.2403,0.0541392,-0.29,-1.5021744593977928,0.6390123665332794,0.235787,724.5499877929688,,,,,,,87.4,4.161904761,87.4,4.161904761,,,,,,,,,,,,,,,,,,,"Carson Williams","30038",700246
"David Fry","CLE",17,71.929,63.4118,15.1113,8.91887,2.75484,0.157811,3.2798,9.15639,9.97024,6.83899,0.172184,18.7801,1.08286,0.490661,0.104613,1.13301,0.431366,0.125326,0.238304,0.0950797,0.261092,0.364162,0.320688,0.441892,0.332225,0.76258,0.203588,3.34689,0.282763,,-0.0558826,9.47646,0.893026,113.111,-0.0558826,0.01,1.0537490211427212,-1.322715988382697,0.23215,999,,,,,,,81.9,4.817647058,81.9,4.817647058,,,,,,,,,,,,,,,,,,,"David Fry","24934",681807
"Brett Baty","NYM",38,161.132,145.043,33.6094,22.8315,5.86389,0.194018,4.72,18.548,17.6786,13.3941,0.168352,42.4125,1.27986,0.903292,0.333717,3.17716,1.66237,0.583107,0.231719,0.0831252,0.263216,0.315806,0.300605,0.372449,0.298076,0.673054,0.14073,3.54942,0.29236,,-0.111388,16.7635,-2.46468,89.6201,-0.111388,-0.25,-2.1344010904431343,-0.8364197611808777,0.230518,292.9200134277344,,,,,,,152.8,4.021052631,152.8,4.021052631,,,,,,,,,,,,,,,,,,,"Brett Baty","26123",683146
"Nick Fortes","TBR",33,128.019,116.597,26.1514,18.4928,4.83188,0.355913,2.47077,12.1008,12.0916,6.27493,0.0989215,20.3835,2.19107,0.87278,2.04217,2.76228,0.589323,0.199176,0.224289,0.0490156,0.159222,0.307844,0.274882,0.335408,0.27074,0.610289,0.111118,3.21514,0.250283,,-0.110056,10.4788,-4.79792,68.6168,-0.110056,0,-4.837410509586334,2.5462963581085205,0.229768,999,,,,,,,87.8,2.66060606,87.8,2.66060606,,,,,,,,,,,,,,,,,,,"Nick Fortes","21538",663743
"Matt Shaw","CHC",20,87.8146,79.0649,19.5283,12.927,3.23075,0.748432,2.62214,11.7208,9.72481,6.99013,0.111398,17.1196,0.874245,0.614767,0.270538,1.35128,2.68929,0.736196,0.246991,0.079601,0.194952,0.408311,0.312902,0.406278,0.315259,0.71918,0.159287,6.25086,0.282061,,0.120594,10.3604,-0.118728,99.6552,0.120594,0.27,0.08397449180483818,-0.6765020191669464,0.229511,336.67999267578125,,,,,,,102.5,5.125,102.5,5.125,,,,,,,,,,,,,,,,,,,"Matt Shaw","33322",807713
"Travis d'Arnaud","LAA",17,65.4955,58.7866,13.2751,8.36484,2.4937,0.141726,2.27479,6.98191,7.68383,4.32886,0.0162193,17.2683,0.907722,0.403969,0.107718,1.18511,0.19378,0.0608757,0.225818,0.0660941,0.263657,0.250682,0.287327,0.389146,0.297026,0.676473,0.163328,2.85831,0.277452,,-0.0599847,6.7581,-1.05761,86.4455,-0.0599847,-0.15,-1.1045615784823895,1.0358024537563324,0.229212,999,,,,,,,53.4,3.14117647,53.4,3.14117647,,,,,,,,,,,,,,,,,,,"Travis d'Arnaud","7739",518595
"Daniel Susac","SFG",29,112.656,104.12,24.0054,17.1994,4.02443,0.389048,2.39246,11.8258,10.773,6.2131,0.0764213,30.2001,1.20847,0.729783,0.384389,2.09316,1.27772,0.421341,0.230555,0.0551511,0.268074,0.205731,0.279919,0.345613,0.276745,0.625532,0.115058,4.26063,0.29911,,-0.052014,9.77031,-3.67317,74.4113,-0.052014,-0.11,-3.53879102319479,2.1276542097330093,0.228557,999,,,,,,,83.7,2.886206896,83.7,2.886206896,,,,,,,,,,,,,,,,,,,"Daniel Susac","31441",691740
"Drew Cavanaugh","SFG",16,63.8052,56.4777,12.3948,8.28519,2.42258,0.0797543,1.60727,6.97765,6.33134,5.64596,0.175542,18.8818,1.17354,0.352219,0.155716,1.09313,0.568242,0.20481,0.219463,0.0884875,0.295928,0.299017,0.301877,0.350557,0.291655,0.652434,0.131094,3.43233,0.296842,,-0.052071,6.30558,-1.30843,84.4139,-0.052071,0.2,-1.2549314387142658,1.4345678836107254,0.228507,999,,,,,,,58.7,3.66875,58.7,3.66875,,,,,,,,,,,,,,,,,,,"Drew Cavanaugh","33380",701852
"Jesus Rodriguez","SFG",13,51.8417,47.279,12.2379,9.14371,2.06911,0.19446,0.830567,5.90098,4.93423,3.70791,0.198327,7.66863,0.396029,0.369651,0.089058,1.10044,0.975547,0.308611,0.258843,0.0715236,0.147924,0.483516,0.315767,0.363535,0.300461,0.679302,0.104692,4.61883,0.291378,,-0.00350181,5.49376,-0.692621,90.3221,-0.00350181,0.39,-0.6103501117322594,1.1396750807762146,0.224458,999,,,,,,,49.3,3.792307692,49.3,3.792307692,,,,,,,,,,,,,,,,,,,"Jesus Rodriguez","26991",683679
"Esteury Ruiz","MIA",22,92.8914,82.4108,19.0611,12.5848,3.68346,0.481718,2.31112,12.9419,8.06698,7.22285,0.0816089,23.6006,2.03393,0.516856,0.608229,1.11994,7.65496,1.61712,0.231294,0.0777558,0.254067,0.306045,0.307188,0.371813,0.301831,0.679,0.140519,7.76029,0.293778,,0.742449,9.94711,-1.13782,87.5454,0.742449,0.23,-0.656903862953186,-0.17123456299304962,0.222403,748.530029296875,,,,,,,91.4,4.154545454,91.4,4.154545454,,,,,,,,,,,,,,,,,,,"Esteury Ruiz","21780",665923
"José Fermín","STL",23,97.0038,86.1251,21.0163,14.5942,4.1288,0.290412,2.00295,11.4938,9.5381,8.12918,0.239996,12.967,1.32571,0.652679,0.771101,1.90433,2.28171,0.705513,0.244021,0.0838027,0.133675,0.626912,0.316641,0.368473,0.304402,0.685114,0.124452,4.96388,0.264781,,0.0348791,10.5899,-0.985773,92.7234,0.0348791,-0.25,-0.8188891112804413,-0.15319866687059402,0.221392,999,,,,,,,90,3.913043478,90,3.913043478,,,,,,,,,,,,,,,,,,,"Jose Fermin","21746",665877
"Marcell Ozuna","PIT",34,143.484,124.731,29.7139,18.4062,4.99658,0.0739848,6.23707,17.7708,19.4334,16.6584,0.313443,36.8349,0.910212,1.02638,0.157342,2.37431,0.162853,0.0532278,0.238223,0.1161,0.256719,0.452245,0.329894,0.42948,0.332934,0.759374,0.191257,1.78012,0.283928,,-0.182416,18.9862,1.86395,107.876,-0.182416,0,1.18438321352005,-3.672839403152466,0.221156,377.510009765625,,,,,,,167.9,4.938235294,167.9,4.938235294,,,,,,,,,,,,,,,,,,,"Marcell Ozuna","10324",542303
"Nasim Nuñez","WSN",42,176.518,155.963,36.3057,29.1746,5.05773,0.68131,1.39207,21.6068,9.89904,15.7359,0.171687,40.6742,0.810696,1.12671,2.88238,2.8531,13.8476,2.73984,0.232785,0.0891462,0.230424,0.386878,0.304386,0.300728,0.275144,0.605113,0.0679429,6.9897,0.303536,,1.38654,15.0795,-5.98485,70.9881,1.38654,0.48,-4.80770218372345,1.2310287654399872,0.219927,583.0999755859375,,,,,,,144.4,3.438095238,144.4,3.438095238,,,,,,,,,,,,,,,,,,,"Nasim Nunez","25979",683083
"Nolan Gorman","STL",26,108.882,96.3591,20.4909,11.7361,3.75111,0.0842437,4.91938,12.7289,15.4374,11.0429,0.40011,35.7848,0.625827,0.772491,0.0815455,1.24248,0.660465,0.203955,0.212651,0.101421,0.328657,0.308592,0.295584,0.406486,0.306666,0.70207,0.193835,2.97678,0.275956,,-0.0769556,12.0867,-0.906431,94.2424,-0.0769556,-0.08,-0.8352184966206551,-0.5679879933595657,0.216919,653.1400146484375,,,,,,,112.5,4.326923076,112.5,4.326923076,,,,,,,,,,,,,,,,,,,"Nolan Gorman","22263",669357
"Jake Mangum","PIT",35,149.34,139.101,37.5316,29.2814,6.88922,0.523513,0.837519,17.4297,12.1862,7.10731,0.225405,25.7044,1.5164,0.942912,0.672872,3.256,6.18797,1.74075,0.269816,0.0475914,0.17212,0.276501,0.310461,0.344933,0.290976,0.655394,0.0751168,5.74492,0.323291,,0.311648,14.6764,-3.14469,79.7262,0.311648,0.77,-3.3504854142665863,0.6038081347942352,0.21433,672.4199829101562,,,,,,,142,4.057142857,142,4.057142857,,,,,,,,,,,,,,,,,,,"Jake Mangum","26202",663968
"Miguel Rojas","LAD",19,84.8966,76.0201,19.2962,13.7937,3.69136,0.337616,1.47351,10.3586,8.46917,5.4111,0.137218,11.4654,0.707381,0.555326,0.879999,1.92669,1.10968,0.359162,0.25383,0.0637375,0.135051,0.471951,0.307334,0.369419,0.298852,0.676753,0.115589,4.62194,0.28007,,-0.0340263,8.88579,-1.2451,87.3779,-0.0340263,0.32,-1.3301378041505814,0.6738739609718323,0.213442,999,,,,,,,71.3,3.752631578,71.3,3.752631578,,,,,,,,,,,,,,,,,,,"Miguel Rojas","7802",500743
"Jared Triolo","PIT",22,91.7515,81.5066,19.8249,14.091,3.80262,0.362393,1.56892,10.7375,8.37187,8.4803,0.0673639,20.6648,0.764827,0.59244,0.407292,1.59054,1.96622,0.622882,0.243231,0.0924269,0.225226,0.410374,0.318248,0.356525,0.301795,0.674772,0.113294,5.04112,0.304952,,0.00898248,9.82235,-1.12654,86.9843,0.00898248,0.13,-1.4354665894061327,0.554382711648941,0.213287,735.5399780273438,,,,,,,88.4,4.018181818,88.4,4.018181818,,,,,,,,,,,,,,,,,,,"Jared Triolo","25807",669707
"Noelvi Marte","CIN",41,176.768,162.904,41.3908,26.689,7.46321,0.674945,6.5636,22.9351,21.6396,11.0121,0.289931,38.5165,1.49641,1.09394,0.261067,3.14262,4.60278,1.32702,0.254081,0.062297,0.217894,0.285906,0.305367,0.429054,0.319,0.734421,0.174974,5.20612,0.292868,,0.159598,21.3917,0.297626,95.562,0.159598,-1.14,-0.7892907410860062,-2.9094600677490234,0.208394,147.7100067138672,,,,,,,201.1,4.904878048,201.1,4.904878048,,,,,,,,,,,,,,,,,,,"Noelvi Marte","26517",682622
"James Outman","DET",23,100.707,89.3605,17.9054,10.1718,3.56148,0.38972,3.7824,12.5254,11.5638,9.12249,0.174255,35.9314,1.59187,0.533442,0.0991285,1.08079,2.0667,0.630378,0.200372,0.0905841,0.35679,0.253886,0.284467,0.375932,0.291703,0.660399,0.17556,5.38003,0.281446,,0.0397997,9.95644,-2.06119,83.7128,0.0397997,0,-1.8901846036314964,0.3131808042526245,0.203552,999,,,,,,,95,4.130434782,95,4.130434782,,,,,,,,,,,,,,,,,,,"James Outman","24770",681546
"Vaughn Grissom","LAA",39,166.716,151.594,38.0537,27.2066,6.84528,0.513564,3.48832,18.0223,16.6399,11.475,0.200626,31.0096,2.20498,1.18357,0.258605,3.51325,1.92046,0.558415,0.251025,0.0688298,0.186003,0.370048,0.310793,0.371989,0.30231,0.682782,0.120964,4.11478,0.292236,,-0.067642,17.9173,-1.9772,90.0899,-0.067642,-0.44,-2.0116730332374573,-2.0087613463401794,0.194302,999,,,,,,,155,3.974358974,155,3.974358974,,,,,,,,,,,,,,,,,,,"Vaughn Grissom","26031",687093
"Ramón Urías","STL",17,74.2376,66.9481,16.4597,11.0766,2.90602,0.285563,2.1915,8.76153,8.69066,5.64985,0.022883,15.3733,0.968111,0.53625,0.135297,1.49381,0.557901,0.184494,0.245858,0.076105,0.207083,0.36751,0.31143,0.395999,0.311634,0.707429,0.150141,3.82705,0.285825,,-0.0605472,8.54018,-0.318752,97.5752,-0.0605472,-0.37,-0.2782754637300968,-0.296543225646019,0.186548,999,,,,,,,73,4.294117647,73,4.294117647,,,,,,,,,,,,,,,,,,,"Ramon Urias","18795",602104
"James McCann","ARI",18,70.6006,64.0587,15.3748,10.8114,2.66758,0.206584,1.68924,7.50447,8.12879,3.81336,0.028865,17.1983,0.748185,0.552662,0.510918,1.44871,0.350687,0.116223,0.240011,0.0540132,0.2436,0.221729,0.28821,0.367214,0.288525,0.655424,0.127203,3.56639,0.299308,,-0.0610775,6.79782,-1.6271,78.9715,-0.0610775,0,-1.856800366193056,1.3888888359069824,0.185377,999,,,,,,,62.5,3.472222222,62.5,3.472222222,,,,,,,,,,,,,,,,,,,"James McCann","12859",543510
"Derek Hill","PHI",19,84.755,77.2619,17.994,11.7955,2.7001,0.564288,2.93407,11.2194,8.77346,5.15864,0.0553382,26.6839,0.791272,0.4832,1.05996,1.18584,3.21175,0.879677,0.232896,0.0608654,0.314836,0.193324,0.286085,0.396377,0.298079,0.682462,0.163482,6.76875,0.312919,,0.181739,8.81781,-1.29618,84.7618,0.181739,0.68,-1.380400761961937,0.4474542438983917,0.184976,999,,,,,,,87.3,4.594736842,87.3,4.594736842,,,,,,,,,,,,,,,,,,,"Derek Hill","16947",656537
"Ryan Kreidler","MIN",38,157.212,140.302,29.0936,18.8883,5.6678,0.589129,3.94839,17.5731,14.6611,13.4001,0.00155954,44.6676,1.65903,0.995831,0.854731,2.34774,2.67549,1.02064,0.207364,0.0852361,0.284124,0.299997,0.282384,0.340585,0.278352,0.62297,0.133221,4.9222,0.271307,,-0.071923,13.8395,-4.92092,73.9922,-0.071923,-0.18,-4.882924288511276,1.07661372423172,0.181701,999,,,,,,,131,3.447368421,131,3.447368421,,,,,,,,,,,,,,,,,,,"Ryan Kreidler","25867",668952
"Cam Cauley","TEX",26,110.281,100.795,22.2154,14.4533,4.41735,0.840707,2.50404,12.9581,10.0763,7.87412,0.11556,29.9105,0.512132,0.647968,0.451596,1.39792,3.61642,0.686886,0.220402,0.0714007,0.271221,0.263256,0.278629,0.355437,0.279574,0.634066,0.135035,6.53948,0.285554,,0.315418,9.81745,-3.34258,77.0233,0.315418,0,-2.666073054075241,0.5279402136802673,0.181288,999,,,,,,,99.5,3.826923076,99.5,3.826923076,,,,,,,,,,,,,,,,,,,"Cam Cauley","29710",695508
"Leo Jiménez","MIA",21,87.0857,76.6885,18.4376,12.9287,3.52006,0.274,1.7149,9.38707,8.81714,6.75335,0.100689,18.9636,2.77502,0.590412,0.278502,1.95483,0.599836,0.208592,0.240422,0.0775483,0.217758,0.356122,0.322162,0.360554,0.306212,0.682716,0.120132,3.7286,0.295453,,-0.0874979,9.63503,-0.757094,90.4847,-0.0874979,-0.42,-1.0897814258933067,0.029522091150283813,0.179775,999,,,,,,,86.1,4.1,86.1,4.1,,,,,,,,,,,,,,,,,,,"Leo Jimenez","23782",677870
"Austin Hays","CHW",21,87.8829,80.5102,20.2803,12.7696,3.90144,0.384318,3.22492,10.5815,10.9354,5.55813,0.226224,20.1394,0.959535,0.631741,0.223304,1.54316,0.757083,0.236257,0.251897,0.0632447,0.229162,0.275983,0.305705,0.430071,0.319113,0.735776,0.178174,4.2033,0.29519,,-0.0496992,10.6433,0.156024,102.61,-0.0496992,-0.01,0.22015129402279854,-1.5871604774147272,0.178559,572.469970703125,,,,,,,93.7,4.461904761,93.7,4.461904761,,,,,,,,,,,,,,,,,,,"Austin Hays","19363",669720
"Carlos Cortes","ATH",32,138.878,125.6,31.196,18.9241,7.38873,0.178398,4.70472,16.8193,17.4531,10.929,0.187474,24.1294,1.00697,1.18044,0.16124,2.52364,0.465548,0.184133,0.248376,0.0786955,0.173745,0.452936,0.310937,0.422418,0.31964,0.733355,0.174042,2.73028,0.270467,,-0.149195,16.8785,0.305923,100.381,-0.149195,-0.07,-0.08695953339338303,-3.1065116599202156,0.177607,999,,,,,,,150.9,4.715625,150.9,4.715625,,,,,,,,,,,,,,,,,,,"Carlos Cortes","21842",666126
"Victor Mesa Jr.","TBR",22,92.5675,84.1759,19.3537,12.249,4.1206,0.226033,2.75813,10.4961,10.5891,6.81342,0.116627,20.5457,0.535141,0.61313,0.429937,1.3614,1.71365,0.605512,0.22992,0.0736049,0.221954,0.331623,0.289809,0.382542,0.295072,0.67235,0.152621,4.38823,0.269912,,-0.0138356,9.40469,-1.64158,85.3969,-0.0138356,0.89,-1.6043956717476249,0.04558718204498291,0.176042,999,,,,,,,87.2,3.963636363,87.2,3.963636363,,,,,,,,,,,,,,,,,,,"Victor Mesa Jr.","25999",683748
"Oswald Peraza","LAA",49,209.387,192.815,42.0658,28.9874,6.77777,0.691453,5.60914,23.4276,19.4507,11.9815,0.161052,57.981,2.91351,1.05332,0.623405,3.65558,6.73846,1.73943,0.218166,0.0572216,0.276908,0.206645,0.272848,0.347762,0.274559,0.62061,0.129596,5.61327,0.279836,,0.389612,17.7879,-7.19868,70.9507,0.389612,0.33,-6.767403274774551,1.0447386801242828,0.175909,999,,,,,,,177.3,3.618367346,177.3,3.618367346,,,,,,,,,,,,,,,,,,,"Oswald Peraza","22823",672724
"Victor Scott II","STL",34,147.485,130.418,28.3391,20.658,5.35249,0.571665,1.757,17.3529,9.50055,11.3026,0.141399,33.9695,2.1498,1.09816,2.51662,2.22817,8.3919,1.68134,0.217294,0.0766351,0.230324,0.332727,0.288279,0.307518,0.269224,0.595797,0.0902237,6.8233,0.277504,,0.797152,11.8908,-5.70894,69.1225,0.797152,1.12,-4.711084485054016,1.6446913480758667,0.175861,391.1300048828125,,,,,,,114.4,3.364705882,114.4,3.364705882,,,,,,,,,,,,,,,,,,,"Victor Scott II","31349",687363
"Michael Conforto","CHC",28,119.747,104.392,23.7282,14.4449,4.75465,0.132052,4.39659,14.3447,15.4063,12.6933,0.351932,30.6958,1.74873,0.74228,0.171187,2.16249,0.332381,0.111634,0.2273,0.106001,0.256339,0.413519,0.319213,0.401725,0.318157,0.720938,0.174425,2.55205,0.276002,,-0.13419,14.4094,0.119677,101.599,-0.13419,-0.25,0.09745295345783234,-2.2629477977752686,0.175593,999,,,,,,,127.5,4.553571428,127.5,4.553571428,,,,,,,,,,,,,,,,,,,"Michael Conforto","16376",624424
"Parker Meadows","DET",15,65.4598,58.4869,13.1339,8.32143,2.73095,0.337968,1.74357,8.0921,6.46818,5.89646,0.104269,16.3924,0.473275,0.442956,0.160274,0.768935,1.71452,0.503729,0.224562,0.0900775,0.250419,0.359708,0.29868,0.372246,0.296594,0.670926,0.147685,5.75461,0.279217,,0.0550336,6.73148,-1.07998,87.0858,0.0550336,0.1,-0.9396619722247124,0.3314814642071724,0.174495,745.6900024414062,,,,,,,61.3,4.086666666,61.3,4.086666666,,,,,,,,,,,,,,,,,,,"Parker Meadows","23800",678009
"Eli White","ATL",13,56.5212,51.977,12.8248,8.52102,2.08501,0.445091,1.77372,7.62726,6.14199,3.47368,0.0618608,14.1922,0.567747,0.321128,0.181642,0.864825,1.90231,0.470948,0.246741,0.0614579,0.251095,0.24476,0.299368,0.406356,0.308081,0.705724,0.159616,6.58469,0.304168,,0.117477,6.33916,-0.405642,92.5999,0.117477,0.7,-0.38843223452568054,0.24861109256744385,0.172168,999,,,,,,,61.2,4.707692307,61.2,4.707692307,,,,,,,,,,,,,,,,,,,"Eli White","19346",642201
"Jorge Mateo","ATL",16,68.4204,62.8552,14.483,9.11778,2.92692,0.472827,1.9655,9.92233,6.32733,3.89363,0.0565276,19.0691,0.4449,0.408546,0.625717,0.659063,4.93963,1.04303,0.230419,0.0569074,0.278705,0.204185,0.278416,0.385841,0.289773,0.664258,0.155422,8.22156,0.29642,,0.482756,6.65724,-1.50752,80.3173,0.482756,-0.06,-1.146139681339264,0.6163284815847874,0.171927,999,,,,,,,61.6,3.85,61.6,3.85,,,,,,,,,,,,,,,,,,,"Jorge Mateo","17273",622761
"Ke'Bryan Hayes","CIN",32,135.291,124.045,29.7343,21.5704,4.75164,0.935265,2.47692,15.2016,12.6574,9.09356,0.162405,24.8299,0.893999,0.952746,0.305767,2.61832,2.48915,0.773151,0.239705,0.0672146,0.183529,0.366234,0.294267,0.352993,0.286454,0.64726,0.113289,5.24751,0.279015,,0.00727008,12.7992,-3.34537,73.7266,0.00727008,1.09,-4.292134067974985,1.583827167749405,0.171902,999,,,,,,,114,3.5625,114,3.5625,,,,,,,,,,,,,,,,,,,"Ke'Bryan Hayes","18577",663647
"Brady House","WSN",20,84.3797,78.7606,19.6221,13.0972,3.54605,0.262868,2.71592,9.51378,10.8594,4.32825,0.11319,22.8166,0.636778,0.546461,0.107633,1.59271,0.794672,0.28212,0.249136,0.051295,0.270404,0.189697,0.291758,0.404283,0.302953,0.696042,0.155148,3.96473,0.31439,,-0.0551918,9.11249,-0.956717,89.6453,-0.0551918,-0.29,-1.1120047718286514,0.01864197850227356,0.167505,710.1199951171875,,,,,,,89.7,4.485,89.7,4.485,,,,,,,,,,,,,,,,,,,"Brady House","29993",691781
"Taylor Trammell","HOU",29,127.716,112.579,23.3099,13.6525,5.01157,0.170219,4.47563,15.2418,14.2232,12.7104,0.139313,38.7296,1.26838,0.794565,0.3634,1.73565,2.05156,0.622462,0.207054,0.0995215,0.303249,0.328184,0.2928,0.373861,0.295432,0.666661,0.166807,4.37576,0.268416,,0.00337883,13.013,-2.22758,87.1198,0.00337883,-0.75,-1.9322144205216318,-1.0331317782402039,0.160444,999,,,,,,,110.9,3.824137931,110.9,3.824137931,,,,,,,,,,,,,,,,,,,"Taylor Trammell","19960",666211
"Kyle Isbel","KCR",31,133.978,120.619,28.1426,19.3289,5.7983,0.763542,2.2518,15.0671,11.3746,8.54183,0.160407,27.646,1.26448,0.795066,2.75773,2.57127,2.69441,0.901377,0.233317,0.0637553,0.206346,0.308972,0.289199,0.350055,0.283055,0.639254,0.116737,5.49467,0.282908,,0.00822493,12.3056,-3.68236,74.9506,0.00822493,0.25,-3.940691507421434,0.7283950448036194,0.158036,999,,,,,,,110.6,3.567741935,110.6,3.567741935,,,,,,,,,,,,,,,,,,,"Kyle Isbel","21614",664728
"Nick Loftin","KCR",23,99.4986,89.0827,21.5614,14.6922,4.40148,0.575332,1.89238,11.1601,10.2534,8.00931,0.0917387,14.8147,1.12414,0.803426,0.479083,1.97382,0.847566,0.304386,0.242038,0.0804967,0.148893,0.540633,0.309988,0.368093,0.300742,0.67808,0.126055,4.18013,0.268779,,-0.0851421,10.5667,-1.30668,87.1481,-0.0851421,-0.63,-1.589778259396553,-0.4170370399951935,0.155697,999,,,,,,,99.2,4.313043478,99.2,4.313043478,,,,,,,,,,,,,,,,,,,"Nick Loftin","27630",679845
"Kaelen Culpepper","MIN",11,44.6404,40.6639,9.78184,6.65833,1.67322,0.19402,1.25627,5.42548,4.69031,3.08019,0.0326808,9.49315,0.524341,0.263983,0.107949,0.804157,0.936275,0.308998,0.240553,0.0690001,0.212658,0.324465,0.300598,0.383925,0.301556,0.684524,0.143372,5.17997,0.282505,,0.00373327,4.77029,-0.556745,89.9948,0.00373327,0,-0.5218010065145791,0.46682098507881165,0.155405,999,,,,,,,44.1,4.009090909,44.1,4.009090909,,,,,,,,,,,,,,,,,,,"Kaelen Culpepper","sa3025360",701785
"Wenceel Pérez","DET",14,62.4386,56.2898,13.4621,8.34066,2.63864,0.397892,2.08491,8.06565,7.08902,5.02802,0.0757174,12.1782,0.427852,0.51004,0.182894,0.830663,1.37351,0.392864,0.239157,0.0805274,0.195042,0.412872,0.303875,0.411287,0.312155,0.715163,0.17213,5.58011,0.267467,,0.0375081,7.20922,-0.241714,97.8172,0.0375081,0.04,-0.12285619601607323,-0.56699588149786,0.155336,748.5399780273438,,,,,,,61.2,4.371428571,61.2,4.371428571,,,,,,,,,,,,,,,,,,,"Wenceel Perez","22857",672761
"Tommy Troy","ARI",17,73.6263,66.7801,16.6517,11.4101,3.11334,0.546116,1.58211,9.0014,7.89294,5.51422,0.0217662,17.2022,0.642869,0.436406,0.252736,1.38788,1.25813,0.377332,0.249351,0.0748946,0.233642,0.320554,0.310858,0.383402,0.306504,0.69426,0.134051,5.49777,0.311148,,0.000186516,8.16334,-0.622647,91.0336,0.000186516,0,-0.798310386002413,-0.0734567940235138,0.154482,999,,,,,,,84.3,4.958823529,84.3,4.958823529,,,,,,,,,,,,,,,,,,,"Tommy Troy","33279",694371
"Jake Fraley","TBR",26,110.293,98.7372,23.128,15.4048,4.67223,0.193883,2.85707,13.131,11.6911,9.70262,0.242278,24.3269,1.0838,0.616845,0.152706,1.55827,3.63758,1.03968,0.234238,0.0879712,0.220566,0.398843,0.30792,0.372293,0.301536,0.680213,0.138055,5.07071,0.280877,,0.155856,11.7842,-1.37735,89.8552,0.155856,0.14,-1.16070257127285,-1.2471252530813217,0.15404,999,,,,,,,110.3,4.242307692,110.3,4.242307692,,,,,,,,,,,,,,,,,,,"Jake Fraley","19260",641584
"Rafael Flores Jr.","PIT",9,34.1628,30.8352,7.20204,4.87826,1.38406,0.0771682,0.862553,3.74297,3.67643,2.85043,0.0402291,9.38086,0.247671,0.180543,0.048974,0.631914,0.142044,0.0523795,0.233566,0.0834367,0.274593,0.303856,0.301935,0.367376,0.296804,0.669311,0.13381,3.03838,0.30519,,-0.0362494,3.51889,-0.557825,83.6357,-0.0362494,0.38,-0.7124434560537338,1.0744444131851196,0.149248,999,,,,,,,29.5,3.277777777,29.5,3.277777777,,,,,,,,,,,,,,,,,,,"Rafael Flores Jr.","31991",804668
"Sean Keys","TOR",18,78.8578,70.0876,15.6893,9.28971,3.10146,0.145324,3.15278,9.63376,9.79777,6.95412,0.433376,21.4679,1.29644,0.419952,0.0997087,1.22907,0.661172,0.220226,0.223853,0.0881856,0.272235,0.323932,0.303967,0.407201,0.310831,0.711168,0.183349,3.71471,0.273204,,-0.0516606,9.02025,-0.390014,97.7684,-0.0516606,0,-0.2587302103638649,-1.1008230447769165,0.14677,999,,,,,,,82.4,4.577777777,82.4,4.577777777,,,,,,,,,,,,,,,,,,,"Sean Keys","35094",815873
"Brenton Doyle","COL",17,74.4868,67.8313,17.2856,11.1221,2.98726,0.619354,2.55681,10.4453,8.7548,5.18246,0.036001,19.5557,0.42004,0.556457,0.496601,1.01394,2.88433,0.684969,0.254832,0.0695756,0.262539,0.26501,0.309339,0.430214,0.321419,0.739553,0.175382,6.94108,0.318286,,0.202442,9.16028,0.271616,88.503,0.202442,-0.41,-0.8333838731050491,-0.14765432476997375,0.146261,166.25,,,,,,,87.7,5.158823529,87.7,5.158823529,,,,,,,,,,,,,,,,,,,"Brenton Doyle","25479",686668
"Jim Jarvis","ATL",21,88.2524,80.4561,19.553,14.1347,4.09975,0.174802,1.14374,9.48761,8.19703,6.14473,0.229135,15.8491,0.91916,0.555966,0.176479,1.98824,1.04767,0.348447,0.243026,0.0696268,0.179588,0.387703,0.302203,0.340975,0.286411,0.643178,0.0979486,4.00499,0.287557,,-0.0484443,8.34609,-2.18526,78.0616,-0.0484443,0,-2.3902666978538036,0.9259259104728699,0.142729,999,,,,,,,75.9,3.614285714,75.9,3.614285714,,,,,,,,,,,,,,,,,,,"Jim Jarvis","33492",805347
"Denzel Clarke","ATH",10,41.2607,37.5515,8.72184,5.73139,1.67951,0.291739,1.0192,5.28183,3.83318,2.72615,0.00944211,13.0975,0.506279,0.18519,0.29163,0.689995,1.12173,0.312818,0.232263,0.0660713,0.317433,0.208142,0.291787,0.373951,0.293688,0.665739,0.141688,6.36626,0.326107,,0.0461401,4.14569,-0.778042,82.4829,0.0461401,0.59,-0.8043019995093346,0.7443209588527679,0.142712,728.3300170898438,,,,,,,41.5,4.15,41.5,4.15,,,,,,,,,,,,,,,,,,,"Denzel Clarke","29858",672016
"Miguel Andujar","SDP",33,143.567,134.05,36.3912,25.6006,6.47742,0.580333,3.73282,16.9062,17.3623,7.29206,0.5714,20.513,0.934483,1.07269,0.217392,3.12925,1.58779,0.514752,0.271474,0.0507921,0.142881,0.355485,0.311251,0.411993,0.314228,0.723244,0.140519,4.14064,0.294545,,-0.0758717,16.8179,-0.314189,100.89,-0.0758717,0,0.07865933328866959,-3.352623462677002,0.141938,722.9099731445312,,,,,,,153.3,4.645454545,153.3,4.645454545,,,,,,,,,,,,,,,,,,,"Miguel Andujar","15878",609280
"Mickey Gasper","BOS",8,30.1326,26.5387,6.34058,4.26492,1.36401,0.0572352,0.65442,3.30282,3.22352,2.84991,0.0825527,5.45423,0.437429,0.205715,0.100804,0.585872,0.238632,0.0820753,0.238918,0.0945791,0.181008,0.522514,0.320591,0.368606,0.306981,0.689197,0.129687,3.46782,0.275549,,-0.0267277,3.35263,-0.243147,90.2582,-0.0267277,0.19,-0.37212541885674,0.6950504779815674,0.141334,999,,,,,,,27.9,3.4875,27.9,3.4875,,,,,,,,,,,,,,,,,,,"Mickey Gasper","24759",681508
"Elias Díaz","TEX",10,37.4167,34.0081,7.56535,5.06145,1.29295,0.0846475,1.1263,3.85975,4.10389,2.36877,0.0451773,8.68482,0.256605,0.199431,0.235694,0.702925,0.0822948,0.024795,0.222457,0.0633079,0.232111,0.272748,0.276674,0.36481,0.282116,0.641484,0.142353,2.72105,0.263934,,-0.0351633,3.40809,-1.05692,78.776,-0.0351633,0.26,-0.9695741571485996,1.0316049456596375,0.141198,999,,,,,,,29.1,2.91,29.1,2.91,,,,,,,,,,,,,,,,,,,"Elias Diaz","11680",553869
"Yoán Moncada","LAA",13,54.5796,48.1665,11.3197,6.9919,2.26462,0.0920859,1.97113,6.31358,6.45623,5.34843,0.0888042,15.4531,0.625123,0.374334,0.0651855,0.886093,0.19956,0.0632497,0.235013,0.0979933,0.28313,0.346107,0.317224,0.408622,0.319297,0.725847,0.17361,2.86886,0.300438,,-0.0559808,6.61812,0.105023,101.804,-0.0559808,-0.24,0.05990258604288101,-0.6306757479906082,0.139048,746.1500244140625,,,,,,,56.2,4.323076923,56.2,4.323076923,,,,,,,,,,,,,,,,,,,"Yoan Moncada","17232",660162
"Wade Meckler","LAA",21,92.2891,82.9128,20.911,15.6835,4.05528,0.266515,0.905704,9.68375,7.60431,8.08917,0.216698,18.7849,0.459714,0.581261,0.246087,2.12919,1.19413,0.417792,0.252205,0.0876503,0.203544,0.430621,0.320067,0.340314,0.295937,0.660381,0.0881097,4.08662,0.313545,,-0.0643991,9.44121,-1.57184,85.6943,-0.0643991,0.47,-1.6178763806819916,-0.29967591166496277,0.138734,999,,,,,,,81.5,3.88095238,81.5,3.88095238,,,,,,,,,,,,,,,,,,,"Wade Meckler","31490",685133
"Mark Vientos","NYM",21,89.5178,81.8555,19.8626,12.0162,3.44873,0.168506,4.22919,11.0589,12.7048,6.05513,0.106332,22.9316,0.758723,0.743999,0.104483,1.63329,0.163865,0.0602058,0.242654,0.0676416,0.256168,0.264052,0.29835,0.443903,0.320829,0.742253,0.201249,2.65107,0.281994,,-0.0934858,10.9659,0.283596,104.885,-0.0934858,-0.25,0.43548063933849335,-2,0.136762,652.5700073242188,,,,,,,97.3,4.633333333,97.3,4.633333333,,,,,,,,,,,,,,,,,,,"Mark Vientos","22184",668901
"Jose Siri","LAA",17,74.4267,67.9106,14.5898,8.60795,2.54142,0.416289,3.02411,9.06382,8.34477,4.81982,0.00864168,25.09,0.741252,0.444555,0.51043,0.87678,1.87047,0.496203,0.214838,0.0647593,0.337111,0.192101,0.272617,0.398113,0.292291,0.67073,0.183275,5.8943,0.28741,,0.0916532,7.39367,-1.48782,83.1798,0.0916532,0,-1.3813617080450058,0.0605413019657135,0.134711,999,,,,,,,74.7,4.394117647,74.7,4.394117647,,,,,,,,,,,,,,,,,,,"Jose Siri","17452",642350
"Alex Freeland","LAD",14,61.6511,54.6422,12.1617,7.91606,2.44805,0.129525,1.66804,7.6715,6.42445,5.82299,0.0793271,17.359,0.570378,0.380053,0.235458,1.00645,1.02602,0.293017,0.222569,0.0944507,0.281568,0.335446,0.302122,0.363691,0.29624,0.665814,0.141122,4.55421,0.291528,,0.00667384,6.32211,-1.03485,85.6257,0.00667384,0.15,-1.0652165138162673,0.3866255134344101,0.134556,999,,,,,,,59.7,4.264285714,59.7,4.264285714,,,,,,,,,,,,,,,,,,,"Alex Freeland","31665",690976
"Jesse Winker",,16,68,58.186,13.9475,9.18359,2.62258,0.133172,2.00813,8.5439,7.33108,8.359,0.256973,14.0905,0.773724,0.433503,0.247761,1.25566,1.07905,0.307848,0.239705,0.122927,0.207213,0.593237,0.340656,0.392891,0.326169,0.733547,0.153187,4.14596,0.280788,,-0.00958557,8.62464,0.510057,106.095,-0.00958557,-0.1,0.4848756119608879,-1.4848631396889687,0.133482,999,,,,,,,76.8,4.8,76.8,4.8,,,,,,,,,,,,,,,,,,,"Jesse Winker","13590",608385
"Masataka Yoshida","BOS",30,126.362,113.401,30.3716,21.4871,6.28154,0.158019,2.44492,14.3645,14.1963,9.79315,0.268169,15.1651,1.99209,0.989184,0.186576,3.32082,1.0113,0.282654,0.267824,0.0775006,0.120013,0.645771,0.334112,0.390683,0.320765,0.724795,0.122859,3.29425,0.288557,,-0.093527,15.4728,0.393709,99.764,-0.093527,-0.01,-0.1286117285490036,-3.078475484624505,0.131101,748.3300170898438,,,,,,,129.1,4.303333333,129.1,4.303333333,,,,,,,,,,,,,,,,,,,"Masataka Yoshida","31837",807799
"Max Clark","DET",10,41.29,37.1085,9.06906,6.15613,1.85067,0.164713,0.897547,4.98534,4.13751,3.51935,0.139233,7.49035,0.287771,0.264938,0.109502,0.726279,0.896113,0.249464,0.244393,0.0852347,0.181408,0.469851,0.312676,0.375704,0.303996,0.68838,0.13131,4.92698,0.281917,,0.0225949,4.49401,-0.433221,92.1903,0.0225949,0,-0.35683068074285984,0.15432098507881165,0.128394,999,,,,,,,42.5,4.25,42.5,4.25,,,,,,,,,,,,,,,,,,,"Max Clark","sa3022683",703601
"Christian Moore","LAA",18,77.4037,69.141,15.7488,10.4653,2.61667,0.510074,2.1567,9.03891,7.54017,6.9212,0.0955689,23.6246,0.620564,0.481005,0.240002,1.10391,1.40775,0.476163,0.227778,0.0894168,0.305213,0.292965,0.301833,0.373956,0.299056,0.675789,0.146178,5.36744,0.310033,,-0.012869,8.11438,-1.12237,87.8457,-0.012869,-0.38,-1.1198413586243987,-0.3902880698442459,0.126289,748.3499755859375,,,,,,,79.7,4.427777777,79.7,4.427777777,,,,,,,,,,,,,,,,,,,"Christian Moore","34979",695681
"Tyler Austin","CHC",8,34.9262,30.8441,7.69936,4.36888,1.50614,0.0834959,1.74085,4.73614,5.27508,3.52163,0.0989129,9.32522,0.252071,0.232842,0.0755697,0.594858,0.101815,0.0314158,0.249621,0.10083,0.266998,0.377646,0.329206,0.473186,0.346705,0.802393,0.223565,3.12015,0.297763,,-0.0361806,5.01183,0.84401,120.752,-0.0361806,0,0.8404864110052586,-0.7407407164573669,0.125226,999,,,,,,,50.4,6.3,50.4,6.3,,,,,,,,,,,,,,,,,,,"Tyler Austin","11850",592122
"Max Muncy","ATH",12,53.3371,48.7039,11.7755,7.16164,2.38676,0.160051,2.0671,6.88347,6.5467,3.39393,0.0547905,15.6056,0.691296,0.309508,0.238419,0.852124,0.743569,0.225477,0.241778,0.0636318,0.292585,0.217481,0.298704,0.424683,0.314705,0.723387,0.182905,4.67887,0.309771,,-0.00536365,6.26872,-0.0961,96.9775,-0.00536365,-0.68,-0.19505382189527154,-0.47166667878627777,0.124858,672.719970703125,,,,,,,56.7,4.725,56.7,4.725,,,,,,,,,,,,,,,,,,,"Max Muncy","29779",691777
"Eric Haase","SFG",12,47.8539,43.5298,9.18281,6.06091,1.46661,0.0895225,1.56576,5.04972,5.00538,3.21639,0.0137704,15.5911,0.360918,0.260303,0.405525,0.791912,0.247691,0.084314,0.210954,0.0672127,0.325806,0.206297,0.269386,0.356669,0.276264,0.626055,0.145715,3.29539,0.285997,,-0.0375004,4.13154,-1.57897,74.0886,-0.0375004,0.27,-1.5372903309762478,1.195925921201706,0.123201,999,,,,,,,37.1,3.091666666,37.1,3.091666666,,,,,,,,,,,,,,,,,,,"Eric Haase","14111",606992
"Jared Young","NYM",37,158.148,141.896,32.8344,20.4904,6.59505,0.327133,5.42188,18.848,18.6565,12.4018,0.205093,37.4895,2.39982,1.00461,0.44587,2.78812,1.48953,0.53406,0.231398,0.0784191,0.237053,0.330808,0.302063,0.397118,0.307358,0.699181,0.16572,3.81557,0.274155,,-0.113438,17.6444,-1.2278,95.8476,-0.113438,-0.09,-0.907747782766819,-3.0506766736507416,0.120738,999,,,,,,,151.2,4.086486486,151.2,4.086486486,,,,,,,,,,,,,,,,,,,"Jared Young","20404",676724
"TJ Rumfield","COL",53,232.52,208.678,54.9521,36.5946,11.3661,0.350292,6.6411,27.9848,29.8512,18.9289,0.391238,38.9064,3.01895,1.64004,0.253459,4.87008,0.903368,0.324518,0.263334,0.0814079,0.167325,0.486525,0.331085,0.416632,0.328442,0.747717,0.153298,2.7614,0.293201,,-0.268509,29.9201,2.17304,93.2148,-0.268509,0,-2.1768047213554382,-4.210676670074463,0.120083,999,,,,,,,264.6,4.99245283,264.6,4.99245283,,,,,,,,,,,,,,,,,,,"TJ Rumfield","29805",681198
"José Tena","WSN",25,103.777,94.8608,23.2013,15.9413,4.70829,0.307217,2.24446,12.0283,10.8328,7.28189,0.116775,27.2729,0.647718,0.579267,0.407599,1.92844,2.56795,0.932016,0.244583,0.0701684,0.262802,0.267001,0.301161,0.371675,0.297022,0.672836,0.127093,4.95332,0.3179,,-0.00153716,10.7078,-1.67616,85.6659,-0.00153716,-0.48,-1.8008032554062083,-0.39426612108945847,0.119957,999,,,,,,,94,3.76,94,3.76,,,,,,,,,,,,,,,,,,,"Jose Tena","23691",677588
"Isiah Kiner-Falefa","BOS",13,55.405,50.8555,13.1261,10.477,1.86025,0.215584,0.573242,6.16175,4.62312,2.97141,0.0468472,8.89619,0.581204,0.332187,0.531632,1.29321,1.7531,0.4989,0.258106,0.0536306,0.160566,0.334009,0.304688,0.336979,0.286101,0.641668,0.0788734,5.33854,0.300896,,0.0680219,5.22575,-1.38585,75.8582,0.0680219,0.33,-1.5058344677090645,0.7089437544345856,0.119142,746.1500244140625,,,,,,,52.8,4.061538461,52.8,4.061538461,,,,,,,,,,,,,,,,,,,"Isiah Kiner-Falefa","16512",643396
"Rob Refsnyder","SEA",9,41.2691,36.239,8.61849,5.43217,1.58294,0.076551,1.52684,5.07902,4.92582,3.93021,0.0773544,10.7977,0.576307,0.283084,0.132855,0.728829,0.360321,0.103474,0.237824,0.0952336,0.261642,0.363985,0.319899,0.412127,0.321861,0.732026,0.174303,3.68157,0.293074,,-0.024204,5.09002,0.165285,111.372,-0.024204,-0.01,0.5280189253389835,-0.8234920594841242,0.118911,999,,,,,,,54,6,54,6,,,,,,,,,,,,,,,,,,,"Rob Refsnyder","13770",608701
"Luis Lara","MIL",21,91.2025,81.9576,20.2151,14.6706,3.98861,0.311283,1.24462,10.3163,8.60907,7.41626,0.30592,16.611,1.08443,0.561311,0.182855,1.74058,3.13678,0.87267,0.246653,0.0813165,0.182133,0.446467,0.315491,0.348475,0.296274,0.663966,0.101822,5.33614,0.293374,,0.141655,9.35501,-1.52837,85.8913,0.141655,0,-1.4147194027900696,-0.4166666567325592,0.115309,999,,,,,,,77.9,3.709523809,77.9,3.709523809,,,,,,,,,,,,,,,,,,,"Luis Lara","30675",800325
"Ryan Mountcastle","BAL",11,48.7682,44.6683,11.798,7.86254,2.19405,0.0843985,1.65701,5.95161,6.17316,3.2278,0.0352287,11.2041,0.352994,0.452398,0.0666782,0.924456,0.240959,0.076138,0.264125,0.0661866,0.229742,0.288091,0.315777,0.42831,0.323981,0.744087,0.164185,3.22237,0.314356,,-0.0451034,6.09882,0.279217,107.688,-0.0451034,0.01,0.3960556797683239,-0.9985330011695623,0.114884,748.0900268554688,,,,,,,55.8,5.072727272,55.8,5.072727272,,,,,,,,,,,,,,,,,,,"Ryan Mountcastle","18373",663624
"Tyler Freeman","COL",29,125.822,110.887,31.4913,23.4002,5.63344,0.751324,1.70634,16.7676,11.9763,8.65761,0.0716269,15.4263,3.93405,0.912669,1.43143,3.03729,4.30879,1.34331,0.283995,0.0688082,0.122604,0.561225,0.35439,0.394515,0.333576,0.748905,0.110519,6.0409,0.31463,,0.110202,16.7147,1.70004,96.6589,0.110202,-1.29,-0.3982760012149811,-2.571565628051758,0.114222,745.8599853515625,,,,,,,148.3,5.113793103,148.3,5.113793103,,,,,,,,,,,,,,,,,,,"Tyler Freeman","22532",671289
"J.C. Escarra","NYY",7,26.8108,24.0569,5.15234,3.44437,1.10877,0.0468633,0.552343,2.65783,2.61127,2.15377,0.0433786,4.837,0.336595,0.209033,0.0545591,0.481904,0.132993,0.0449918,0.214174,0.080332,0.180412,0.445269,0.285642,0.333039,0.276441,0.61868,0.118865,3.1809,0.243689,,-0.0239341,2.3186,-0.880795,74.5821,-0.0239341,0.43,-0.8257888928055763,0.9701234698295593,0.111284,999,,,,,,,22.3,3.185714285,22.3,3.185714285,,,,,,,,,,,,,,,,,,,"J.C. Escarra","20084",641555
"David Hamilton","MIL",38,162.578,145.806,31.2825,20.8499,5.88331,0.836637,3.71268,20.5708,13.4471,12.986,0.203155,41.57,0.918027,0.921538,1.94622,1.45189,11.6255,2.49179,0.214548,0.0798756,0.255692,0.31239,0.281305,0.342763,0.277261,0.624068,0.128215,7.41348,0.27177,,1.10453,14.1679,-5.23288,73.1355,1.10453,-0.72,-4.17826509475708,-0.020807266235351562,0.110989,743.3300170898438,,,,,,,147.5,3.881578947,147.5,3.881578947,,,,,,,,,,,,,,,,,,,"David Hamilton","27531",666152
"Edgar Quero","CHW",12,49.3724,44.2493,10.8858,7.85073,1.96682,0.0285848,1.03964,5.16733,5.06174,3.82993,0.0580872,9.41372,0.673342,0.477254,0.142645,1.15717,0.162703,0.0507348,0.24601,0.0775723,0.190667,0.406846,0.312596,0.362237,0.300155,0.674833,0.116226,2.33813,0.287284,,-0.0550191,5.21983,-0.671889,89.5352,-0.0550191,-0.45,-0.662960596382618,-0.017901241779327393,0.109131,475.1000061035156,,,,,,,47.8,3.983333333,47.8,3.983333333,,,,,,,,,,,,,,,,,,,"Edgar Quero","28022",700337
"Jeremiah Jackson","BAL",11,45.7824,42.9795,10.4905,6.75741,2.05006,0.148807,1.53424,5.41088,5.53622,2.13926,0.00286872,10.1483,0.274569,0.320255,0.0687462,0.813192,0.6403,0.216709,0.244082,0.0467268,0.221664,0.2108,0.282287,0.405795,0.298807,0.688082,0.161714,4.54124,0.283272,,-0.0114335,4.79017,-0.673131,90.3266,-0.0114335,-0.2,-0.5325376419350505,-0.030246928334236145,0.108134,999,,,,,,,45.5,4.136363636,45.5,4.136363636,,,,,,,,,,,,,,,,,,,"Jeremiah Jackson","22239",669236
"Anthony Seigler","BOS",14,58.3211,51.1082,11.7759,7.71989,2.79261,0.0874518,1.17594,6.57799,5.87954,6.12546,0.106957,11.5891,0.40653,0.447184,0.233733,0.961923,1.27969,0.3923,0.230411,0.10503,0.198713,0.528552,0.315178,0.357501,0.300624,0.672679,0.12709,4.22452,0.273263,,0.0166842,6.18808,-0.771495,85.8736,0.0166842,-0.31,-0.9527156371623278,-0.09395062923431396,0.10438,999,,,,,,,54.2,3.871428571,54.2,3.871428571,,,,,,,,,,,,,,,,,,,"Anthony Seigler","23802",678011
"Connor Norby","MIA",25,103.535,93.3048,21.5781,13.7356,4.53311,0.358359,2.95106,11.6577,11.7338,8.15542,0.0758334,28.9449,1.19597,0.754679,0.124355,1.40813,1.90155,0.600287,0.231264,0.0787695,0.279566,0.281757,0.299093,0.382414,0.300463,0.681507,0.15115,4.8748,0.299645,,0.00681484,10.972,-1.38309,86.6279,0.00681484,0.04,-1.667777770664543,-0.6794694885611534,0.103759,728.1400146484375,,,,,,,100.9,4.036,100.9,4.036,,,,,,,,,,,,,,,,,,,"Connor Norby","29592",681393
"Sung-Mun Song","SDP",24,104.875,95.7573,21.4818,14.4971,4.42488,0.300991,2.25888,11.5328,10.5004,7.97463,0.221274,21.7398,0.332949,0.666619,0.143639,1.64547,2.45312,0.600725,0.224336,0.0760393,0.207293,0.366821,0.284436,0.347601,0.279658,0.632038,0.123265,5.05323,0.265418,,0.11926,9.34341,-3.17156,77.697,0.11926,0,-2.7098995074629784,0.30687829852104187,0.102532,999,,,,,,,77,3.208333333,77,3.208333333,,,,,,,,,,,,,,,,,,,"Sung-Mun Song","37122",823550
"Luisangel Acuña","CHW",23,99.7323,92.5956,22.6643,17.4499,3.75799,0.559869,0.896552,11.6424,7.10003,5.28607,0.0940237,18.3237,0.495208,0.590972,0.764449,1.80166,5.35512,1.29832,0.244767,0.0530026,0.183728,0.288483,0.287423,0.326492,0.272805,0.613915,0.081725,6.53378,0.294293,,0.40728,8.3306,-3.57067,70.6732,0.40728,-0.2,-3.0342149436473846,0.4681190699338913,0.0999421,395.510009765625,,,,,,,84.2,3.660869565,84.2,3.660869565,,,,,,,,,,,,,,,,,,,"Luisangel Acuna","26548",682668
"Tyler Tolbert","KCR",23,99.4986,89.7005,20.7762,14.7528,3.64457,0.911679,1.46719,12.9558,6.56788,6.11247,0.139132,25.0483,0.954115,0.543551,2.18805,1.32837,6.49172,1.28043,0.231618,0.0614327,0.251745,0.244027,0.286123,0.341645,0.278238,0.627768,0.110027,8.04128,0.302989,,0.649902,8.74969,-3.12369,71.628,0.649902,0.4,-2.671743631362915,0.10590830445289612,0.0991258,999,,,,,,,83.9,3.647826086,83.9,3.647826086,,,,,,,,,,,,,,,,,,,"Tyler Tolbert","25779",686475
"Joey Loperfido","HOU",18,78.6728,70.8383,16.1361,10.6867,3.4695,0.201553,1.77828,8.90805,7.64803,5.78536,0.265497,22.2877,1.13861,0.479186,0.431305,1.34248,1.34679,0.399168,0.227787,0.073537,0.283297,0.259576,0.294729,0.357766,0.288812,0.652495,0.129979,4.76625,0.303859,,0.00994203,7.59338,-1.79481,82.5543,0.00994203,0.4,-1.605007316917181,-0.2275719940662384,0.0982336,746.02001953125,,,,,,,69,3.833333333,69,3.833333333,,,,,,,,,,,,,,,,,,,"Joey Loperfido","29630",694388
"Randal Grichuk","CHW",10,44.4352,41.0341,10.057,5.80849,1.99727,0.157702,2.09354,5.36667,6.21763,2.63632,0.0623795,9.18266,0.415811,0.280708,0.0682314,0.715511,0.111774,0.0398591,0.245089,0.0593295,0.206653,0.287097,0.29547,0.454507,0.323059,0.749977,0.209418,3.02552,0.265107,,-0.0417731,5.5237,0.221151,105.331,-0.0417731,-0.06,0.23693115264177322,-0.8521810732781887,0.0979672,999,,,,,,,48.6,4.86,48.6,4.86,,,,,,,,,,,,,,,,,,,"Randal Grichuk","10243",545341
"Nelson Velázquez","STL",17,71.2681,63.97,14.874,8.72392,2.79722,0.331338,3.02154,8.99805,9.68322,6.06612,0.170773,19.1137,0.632296,0.501937,0.0977831,0.999226,0.82372,0.246569,0.232516,0.0851169,0.268194,0.31737,0.30311,0.428303,0.317827,0.731413,0.195788,4.52291,0.279958,,-0.0200424,8.55671,0.0521333,101.73,-0.0200424,-0.09,0.12907381169497967,-1.4891769587993622,0.09729,748.5599975585938,,,,,,,79.8,4.694117647,79.8,4.694117647,,,,,,,,,,,,,,,,,,,"Nelson Velazquez","23359",676369
"Alejandro Osuna","TEX",16,66.9561,59.3196,14.792,10.6781,2.97951,0.166514,0.967897,7.86893,5.77941,5.54159,0.135879,12.0466,1.05693,0.531298,0.506681,1.33704,1.93791,0.575843,0.24936,0.0827645,0.179918,0.460011,0.321906,0.354152,0.302281,0.676059,0.104792,4.957,0.295157,,0.0559829,7.19436,-0.795659,92.6834,0.0559829,-0.28,-0.5204432047903538,-0.9133870303630829,0.0963371,999,,,,,,,65.1,4.06875,65.1,4.06875,,,,,,,,,,,,,,,,,,,"Alejandro Osuna","27915",696030
"Jordan Beck","COL",12,51.3355,46.6837,11.9988,7.48064,2.42213,0.378215,1.71786,7.07164,6.36683,3.90033,0.0164294,13.7195,0.334869,0.364052,0.0526034,0.688095,1.57795,0.39517,0.257024,0.0759772,0.267253,0.28429,0.316558,0.435505,0.327239,0.752064,0.178481,6.28807,0.325241,,0.0883731,6.5556,0.42963,92.4074,0.0883731,0.2,-0.3830716237425804,-0.3555555194616318,0.0944758,232.9199981689453,,,,,,,60.6,5.05,60.6,5.05,,,,,,,,,,,,,,,,,,,"Jordan Beck","31431",687597
"Starling Marte","KCR",21,91.6176,82.8602,21.6884,15.7127,3.23504,0.926461,1.81421,11.6949,8.96125,5.98338,0.0661268,19.9807,1.53053,0.554367,0.689052,1.93818,2.1655,0.562792,0.261747,0.0653082,0.218088,0.299458,0.321157,0.388835,0.313537,0.709992,0.127088,6.2344,0.32253,,0.0743508,10.681,-0.251935,95.9721,0.0743508,-0.04,-0.35985950380563736,-1.9844444170594215,0.0931259,999,,,,,,,98.4,4.685714285,98.4,4.685714285,,,,,,,,,,,,,,,,,,,"Starling Marte","9241",516782
"Dane Myers","CIN",15,65.1769,58.8874,14.0774,9.79992,2.30795,0.210721,1.75878,7.88834,6.61826,5.0381,0.0267258,16.1637,0.720456,0.426725,0.104185,1.06889,1.94167,0.522159,0.239056,0.0772989,0.247997,0.311693,0.304827,0.375006,0.301057,0.679833,0.13595,5.30396,0.297611,,0.087708,6.93841,-0.839283,83.5238,0.087708,-0.22,-1.211183562874794,-0.03060607612133026,0.0891838,999,,,,,,,63,4.2,63,4.2,,,,,,,,,,,,,,,,,,,"Dane Myers","22054",667472
"Alex Call","LAD",9,38.4056,33.1776,7.76495,5.36304,1.4737,0.158235,0.769977,4.81888,3.52097,3.99927,0.0295443,6.84013,0.542919,0.305353,0.380448,0.717152,0.557185,0.191552,0.234042,0.104133,0.178102,0.584678,0.323658,0.357622,0.30591,0.68128,0.12358,4.81676,0.27036,,-0.0214467,4.23971,-0.343311,92.1128,-0.0214467,0.13,-0.38783345371484756,0.012478627264499664,0.0886158,999,,,,,,,41,4.555555555,41,4.555555555,,,,,,,,,,,,,,,,,,,"Alex Call","19296",669743
"Samad Taylor","SDP",27,120.148,107.314,25.4455,18.6014,4.17498,0.730904,1.93817,14.6457,9.1255,9.10403,0.10673,29.1501,0.803101,0.82584,2.10092,1.99411,4.94765,1.34887,0.237112,0.0757733,0.242618,0.312315,0.299478,0.34382,0.286641,0.643298,0.106708,6.36667,0.305084,,0.276337,11.3849,-2.95265,82.3816,0.276337,0.35,-2.284045457839966,-0.7717948257923126,0.0868142,999,,,,,,,105.8,3.918518518,105.8,3.918518518,,,,,,,,,,,,,,,,,,,"Samad Taylor","22274",669392
"Moisés Ballesteros","CHC",16,66.8588,60.0264,15.2498,10.1199,3.01267,0.0695672,2.04765,7.81154,8.47575,5.82057,0.274367,12.4781,0.367526,0.542827,0.101479,1.36244,0.220356,0.0685759,0.254052,0.0870577,0.186633,0.466464,0.321132,0.408896,0.319425,0.730029,0.154844,2.59394,0.286733,,-0.0711086,8.11403,0.135628,102.45,-0.0711086,0,0.12703394144773483,-1.4707461595535278,0.0844138,594.3599853515625,,,,,,,69.5,4.34375,69.5,4.34375,,,,,,,,,,,,,,,,,,,"Moises Ballesteros","28820",694208
"Reese McGuire","CHW",5,21,19.0697,4.35103,2.96572,0.744911,0.0367532,0.603646,2.22052,2.29784,1.3419,0.0315766,4.87251,0.199806,0.137728,0.160672,0.408197,0.135117,0.0419619,0.228165,0.0638999,0.232024,0.275402,0.283999,0.366047,0.286234,0.650046,0.137882,3.42921,0.272909,,-0.0145953,1.98296,-0.523013,78.9332,-0.0145953,0.26,-0.5424250466749072,0.6458024680614471,0.082936,999,,,,,,,18.7,3.74,18.7,3.74,,,,,,,,,,,,,,,,,,,"Reese McGuire","15674",624512
"Matt Wallner","MIN",8,33.9655,29.7524,6.6049,3.56851,1.36984,0.0540185,1.61253,4.44512,4.58049,3.15554,0.0433115,10.7934,0.834402,0.196196,0.027021,0.455811,0.251675,0.0924653,0.221996,0.0929043,0.317774,0.292359,0.312178,0.434264,0.326408,0.746442,0.212268,3.70219,0.284585,,-0.0286749,4.31455,0.261373,107.134,-0.0286749,-0.28,0.2564453762024641,-0.6503703594207764,0.0826121,340.5899963378906,,,,,,,42.9,5.3625,42.9,5.3625,,,,,,,,,,,,,,,,,,,"Matt Wallner","26466",670242
"Lenyn Sosa","TOR",14,61.8884,58.0115,14.0732,9.34865,2.5174,0.10405,2.10312,6.72887,7.46808,2.54864,0.0709513,14.2177,0.442516,0.484374,0.401355,0.967035,0.318352,0.115803,0.242594,0.0411813,0.229731,0.179259,0.277528,0.398336,0.293159,0.675864,0.155743,3.26346,0.283819,,-0.0507352,6.1917,-1.19357,85.5811,-0.0507352,-0.14,-1.1007286421954632,-0.2943210005760193,0.0819877,487.05999755859375,,,,,,,56.9,4.064285714,56.9,4.064285714,,,,,,,,,,,,,,,,,,,"Lenyn Sosa","22896",672820
"Thairo Estrada",,5,21,19.4885,4.99831,3.42491,0.888311,0.0558707,0.629217,2.55857,2.44776,0.977822,0.00599046,3.85118,0.339383,0.156835,0.0375038,0.415252,0.460677,0.133937,0.256476,0.046563,0.183389,0.253902,0.301277,0.404651,0.308603,0.705928,0.148175,4.81139,0.288106,,0.0109545,2.36416,-0.141818,94.1475,0.0109545,0.15,-0.1356795197352767,0.2271604984998703,0.0817321,999,,,,,,,24.3,4.86,24.3,4.86,,,,,,,,,,,,,,,,,,,"Thairo Estrada","16426",642731
"Harry Ford","WSN",5,20.3675,17.9211,4.09884,2.74179,0.843247,0.0564145,0.457385,2.29034,2.12891,2.00944,0.021514,4.9936,0.268423,0.125847,0.0426842,0.350405,0.314816,0.0968449,0.228716,0.098659,0.245175,0.402403,0.31374,0.358631,0.300979,0.672371,0.129915,4.41212,0.289097,,-0.00424812,2.16694,-0.263553,88.3211,-0.00424812,0.05,-0.2919623628258705,0.43580247834324837,0.0816961,725.52001953125,,,,,,,13.3,2.66,13.3,2.66,,,,,,,,,,,,,,,,,,,"Harry Ford","29958",695670
"Tim Tawa","ARI",29,127.081,114.579,26.6328,17.5179,4.83297,0.489927,3.79197,15.0586,14.7501,9.9671,0.293036,28.7391,0.852763,0.880524,0.801263,2.3168,2.07117,0.68711,0.232439,0.0784311,0.226148,0.346813,0.296584,0.382455,0.298305,0.67904,0.150016,4.84377,0.275426,,-0.0225059,13.2446,-1.92023,85.5328,-0.0225059,0.16,-2.2462543696165085,-1.0907914340496063,0.0812105,748.489990234375,,,,,,,122.3,4.217241379,122.3,4.217241379,,,,,,,,,,,,,,,,,,,"Tim Tawa","29571",694374
"Owen Caissie","MIA",37,153.851,138.134,31.5563,18.6198,6.7426,0.249149,5.94475,18.1308,19.9031,13.3124,0.304283,53.0184,1.34721,0.842066,0.215572,2.07298,1.73408,0.626819,0.228447,0.0865277,0.344607,0.251091,0.300815,0.409974,0.310908,0.710789,0.181527,3.81464,0.320092,,-0.0915854,17.6081,-0.751292,93.635,-0.0915854,-0.77,-1.2760452181100845,-2.9397530555725098,0.0805292,528.5,,,,,,,160.9,4.348648648,160.9,4.348648648,,,,,,,,,,,,,,,,,,,"Owen Caissie","27496",683357
"Luis Urías","TOR",10,40.9262,36.2993,8.25857,5.66314,1.42702,0.0591113,1.1093,4.50865,4.30153,3.41312,0.0243118,6.79047,0.76431,0.320207,0.0667117,0.796856,0.243131,0.0785818,0.227513,0.083397,0.16592,0.502634,0.304827,0.361762,0.297311,0.666589,0.134249,3.11023,0.248932,,-0.037072,4.23241,-0.651395,88.4448,-0.037072,-0.27,-0.5935206599533558,-0.07158732414245605,0.0802685,999,,,,,,,33.1,3.31,33.1,3.31,,,,,,,,,,,,,,,,,,,"Luis Urias","16622",649966
"Jett Williams","MIL",9,38.6619,34.6566,7.75427,4.99873,1.5505,0.233571,0.971473,4.47065,4.01726,3.26458,0.0206489,9.69314,0.401194,0.258287,0.0812887,0.451449,1.06899,0.253657,0.223746,0.0844392,0.250716,0.336793,0.296005,0.366059,0.29348,0.662063,0.142312,5.78889,0.2797,,0.0618141,3.87806,-0.735552,84.0169,0.0618141,0,-0.6856081895530224,0.20061728358268738,0.0783658,999,,,,,,,35.9,3.988888888,35.9,3.988888888,,,,,,,,,,,,,,,,,,,"Jett Williams","sa3020134",702518
"Javier Báez","DET",10,41.29,38.4258,9.18249,6.34587,1.45529,0.224864,1.15647,4.77216,4.56411,1.6285,0.0100587,9.68735,0.508208,0.286689,0.082394,0.791722,0.626029,0.199282,0.238967,0.0394405,0.234617,0.168106,0.277097,0.378831,0.286526,0.655928,0.139865,5.29925,0.287994,,-0.00329413,3.90866,-1.01857,80.1421,-0.00329413,-0.15,-0.9680686816573143,0.2688712477684021,0.0781308,740.6500244140625,,,,,,,35.6,3.56,35.6,3.56,,,,,,,,,,,,,,,,,,,"Javier Baez","12979",595879
"Ben Malgeri","DET",12,50.3537,45.5776,10.8599,7.2413,2.09769,0.359437,1.16149,6.06433,5.06707,3.69108,0.0618288,13.4051,0.690339,0.306121,0.0885877,0.865385,0.701953,0.264228,0.238273,0.073303,0.266218,0.275349,0.303219,0.376522,0.300181,0.679741,0.138249,5.2946,0.309684,,-0.0317572,5.32462,-0.684195,89.5594,-0.0317572,0,-0.6503477208316326,-0.3812636137008667,0.0771739,999,,,,,,,47.7,3.975,47.7,3.975,,,,,,,,,,,,,,,,,,,"Ben Malgeri","29577",701162
"Davis Schneider","TOR",5,23.9568,20.418,4.29858,2.43926,0.864825,0.0765939,0.917903,3.04349,2.79031,3.05367,0,6.73377,0.262582,0.180638,0.04187,0.246969,0.261764,0.080082,0.210529,0.127466,0.28108,0.453486,0.318413,0.395254,0.317039,0.713667,0.184725,4.401,0.261117,,-0.0120016,2.86102,0.00220311,102.05,-0.0120016,-0.06,0.045779671519994736,-0.13716049119830132,0.0771384,999,,,,,,,23.7,4.74,23.7,4.74,,,,,,,,,,,,,,,,,,,"Davis Schneider","23565",676914
"Jon Berti",,11,47,42.5818,10.4631,8.04858,1.66592,0.260876,0.487718,5.73475,3.52973,3.36454,0.0563159,9.9287,0.404442,0.245418,0.325471,0.946794,2.23513,0.576015,0.245718,0.0715859,0.211249,0.33887,0.305434,0.331454,0.28532,0.636889,0.0857368,6.53218,0.307779,,0.144455,4.40319,-1.20542,78.3113,0.144455,-0.11,-1.0717477351427078,0.22950617969036102,0.0769716,999,,,,,,,28.8,2.618181818,28.8,2.618181818,,,,,,,,,,,,,,,,,,,"Jon Berti","12037",542932
"Thomas Saggese","STL",8,32.6646,29.9536,7.42596,5.03796,1.5107,0.161611,0.715675,3.67543,3.53422,2.04347,0.0352679,8.15369,0.306689,0.246892,0.113909,0.489235,0.435809,0.13338,0.247915,0.0625592,0.249619,0.250619,0.300335,0.380819,0.299301,0.681155,0.132904,4.65315,0.314577,,-0.00794301,3.43077,-0.467163,89.3009,-0.00794301,-0.02,-0.4306553630158305,0.12590346857905388,0.0768358,999,,,,,,,30.4,3.8,30.4,3.8,,,,,,,,,,,,,,,,,,,"Thomas Saggese","27883",695336
"Ryan Vilade","TBR",22,92.5675,84.0154,19.5334,12.6388,3.78937,0.413616,2.69156,10.4143,10.6316,6.66669,0.179417,21.9829,0.803611,0.683253,0.398521,1.50248,1.21697,0.423163,0.232497,0.0720197,0.23748,0.303267,0.29298,0.383556,0.296715,0.676536,0.151059,4.55692,0.280584,,-0.0399557,9.52814,-1.51813,86.5303,-0.0399557,-0.15,-1.5070611834526062,-1.0450617372989655,0.0755204,999,,,,,,,93.7,4.259090909,93.7,4.259090909,,,,,,,,,,,,,,,,,,,"Ryan Vilade","22165",668723
"Drew Gilbert","SFG",22,93.7138,84.0231,18.7957,12.5745,3.96031,0.291067,1.96982,10.0986,8.80407,7.40474,0.285182,17.5186,1.35102,0.602742,0.332205,1.72264,0.924242,0.324353,0.223697,0.0790144,0.186938,0.422678,0.295041,0.34809,0.285994,0.643131,0.124393,4.08818,0.258313,,-0.0635449,8.8308,-2.35226,80.6159,-0.0635449,-0.08,-2.260757841169834,-0.08000000921186068,0.0720404,999,,,,,,,78.7,3.577272727,78.7,3.577272727,,,,,,,,,,,,,,,,,,,"Drew Gilbert","31545",687551
"Pedro Ramírez","CHC",14,61.8693,56.7334,14.8978,10.6159,2.84282,0.286019,1.15305,7.47344,6.46884,3.89834,0.213665,11.3345,0.576105,0.400179,0.261283,1.23398,1.53654,0.450759,0.262593,0.0630092,0.183201,0.343935,0.314443,0.383756,0.30675,0.6982,0.121164,5.34232,0.30786,,0.0398449,6.87215,-0.510853,93.9465,0.0398449,0,-0.41315894573926926,-0.895061731338501,0.0715582,999,,,,,,,63.9,4.564285714,63.9,4.564285714,,,,,,,,,,,,,,,,,,,"Pedro Ramirez","29218",699393
"Rafael Marchán","PHI",15,61.5482,55.9518,12.3,8.54111,2.42549,0.105953,1.22749,5.93963,6.12814,3.99652,0.0859195,10.2382,0.811161,0.446082,0.342705,1.13085,0.29863,0.0949646,0.219833,0.0649331,0.166344,0.390354,0.279513,0.332785,0.272507,0.612297,0.112952,3.18951,0.246428,,-0.0514124,5.1262,-2.21848,67.6054,-0.0514124,0,-2.4630363918840885,1.1574074029922485,0.0707619,999,,,,,,,41.4,2.76,41.4,2.76,,,,,,,,,,,,,,,,,,,"Rafael Marchan","21646",665561
"Eduardo Valencia","DET",8,34.2405,31.1691,7.69957,5.03993,1.34654,0.126941,1.18616,4.06045,4.21409,2.33776,0.158449,7.52923,0.342154,0.238004,0.153528,0.680112,0.127681,0.0521713,0.247026,0.0682747,0.219892,0.310492,0.3045,0.41254,0.311771,0.717039,0.165514,3.2918,0.287039,,-0.0370086,3.94277,-0.143227,97.5523,-0.0370086,-0.07,-0.13562492653727531,-0.3992181196808815,0.0693431,999,,,,,,,32.1,4.0125,32.1,4.0125,,,,,,,,,,,,,,,,,,,"Eduardo Valencia","24574",680664
"Blake Dunn","CIN",10,44.4388,39.5091,9.55221,7.01339,1.56229,0.227419,0.749106,5.29267,3.54551,3.2396,0.0180346,11.1353,0.93907,0.253418,0.497564,0.843903,1.38097,0.353723,0.241772,0.0729003,0.250577,0.29093,0.312483,0.349708,0.296816,0.662191,0.107936,6.00969,0.315771,,0.0690137,4.57782,-0.725157,80.6788,0.0690137,0.4,-0.9695133566856384,0.20158730447292328,0.0687764,999,,,,,,,45.1,4.51,45.1,4.51,,,,,,,,,,,,,,,,,,,"Blake Dunn","29487",694362
"Cooper Ingle","CLE",9,39.9605,35.1053,8.46049,5.596,1.80995,0.0443028,1.01025,4.56192,4.40673,4.28337,0.0864422,8.53858,0.258779,0.239247,0.0737883,0.813482,0.175433,0.0631681,0.241003,0.10719,0.213675,0.501649,0.325989,0.381417,0.314439,0.707406,0.140414,2.73383,0.288817,,-0.0454911,4.68794,-0.0806366,100.844,-0.0454911,-0.02,-0.005791511386632919,-0.7541269846260548,0.0671918,999,,,,,,,37,4.111111111,37,4.111111111,,,,,,,,,,,,,,,,,,,"Cooper Ingle","33708",694876
"LaMonte Wade Jr.","HOU",30,133.846,113.839,24.2891,16.002,4.58621,0.305365,3.39557,15.1344,12.9993,16.7841,0.616344,32.7279,1.57384,0.88833,0.760763,2.09634,0.737636,0.26316,0.213364,0.125399,0.244519,0.512839,0.32045,0.348499,0.301079,0.668949,0.135135,3.44151,0.265809,,-0.144172,14.251,-1.72116,91.0143,-0.144172,-1.15,-1.5593299120664597,-2.5590176582336426,0.0658679,999,,,,,,,122,4.066666666,122,4.066666666,,,,,,,,,,,,,,,,,,,"LaMonte Wade Jr.","18126",664774
"Wilmer Flores",,12,53,47.3919,11.3244,7.24204,1.91886,0.0715248,2.09202,6.20413,6.83662,4.34942,0.0321689,9.17344,0.671301,0.460694,0.0631053,0.849095,0.109593,0.0290336,0.238953,0.0820646,0.173084,0.474132,0.309138,0.41489,0.317068,0.724028,0.175937,2.38218,0.252341,,-0.0562854,6.33075,0.00614852,99.905,-0.0562854,-0.02,-0.06229240307584405,-1.1105349250137806,0.064224,999,,,,,,,54.2,4.516666666,54.2,4.516666666,,,,,,,,,,,,,,,,,,,"Wilmer Flores","5827",527038
"Andruw Monasterio","BOS",17,73.8734,67.0251,15.6586,10.4385,3.06763,0.170988,1.98142,8.3767,8.09314,5.59464,0.0479608,17.5903,0.596935,0.543058,0.113665,0.973651,1.79793,0.545694,0.233622,0.0757328,0.238114,0.318053,0.296234,0.37318,0.295516,0.669414,0.139558,4.69511,0.284961,,0.0435154,7.53204,-1.28342,82.351,0.0435154,-0.54,-1.4905887059867382,-0.5085185468196869,0.0640751,999,,,,,,,72.1,4.24117647,72.1,4.24117647,,,,,,,,,,,,,,,,,,,"Andruw Monasterio","19455",655316
"Jorbit Vivas","WSN",23,97.958,87.0122,20.7218,14.9507,4.26201,0.192105,1.31706,10.2551,9.29047,7.95458,0.178064,13.3653,1.93817,0.706757,0.323817,2.13008,1.40811,0.480521,0.238149,0.081204,0.136439,0.595165,0.313636,0.336955,0.292674,0.650592,0.0988068,4.07267,0.265686,,-0.0511384,9.7618,-1.92774,82.7493,-0.0511384,-0.05,-2.0950772985816,-0.4694725163280964,0.0633838,999,,,,,,,83.5,3.630434782,83.5,3.630434782,,,,,,,,,,,,,,,,,,,"Jorbit Vivas","23917",678391
"Anthony Santander","TOR",3,14.973,13.2551,3.18756,1.70579,0.605911,0.00898704,0.866869,2.02729,2.28639,1.42145,0.0401145,3.21259,0.170112,0.111846,0.0144742,0.219254,0.0466041,0.0125558,0.240478,0.0949345,0.214559,0.442464,0.319492,0.483742,0.345555,0.803234,0.243264,2.40153,0.249872,,-0.0135074,2.13462,0.347862,121.716,-0.0135074,0,0.3690912965685129,-0.28703704476356506,0.0622949,748.4199829101562,,,,,,,19.1,6.366666666,19.1,6.366666666,,,,,,,,,,,,,,,,,,,"Anthony Santander","14551",623993
"Myles Straw","TOR",12,52.9046,47.2456,11.2239,8.43572,2.06967,0.173818,0.544707,5.81624,3.8029,4.04411,0.126484,9.24179,0.194214,0.419896,1.00075,0.959015,1.57857,0.381717,0.237565,0.0764416,0.174688,0.43759,0.297902,0.323318,0.277767,0.62122,0.0857525,5.35354,0.28193,,0.0894899,4.6321,-1.68111,74.9659,0.0894899,0.38,-1.468886286020279,0.1948148012161255,0.0618357,999,,,,,,,45.6,3.8,45.6,3.8,,,,,,,,,,,,,,,,,,,"Myles Straw","17620",664702
"Richie Palacios","TBR",29,122.11,108.092,24.5282,17.279,4.94932,0.322393,1.9775,13.7554,10.6467,11.5858,0.216002,22.6535,1.269,0.79253,0.370645,1.99902,4.06725,1.0884,0.226919,0.0948797,0.185517,0.511435,0.307073,0.333556,0.288281,0.640629,0.106637,5.09519,0.267652,,0.200108,11.7333,-2.83837,80.7138,0.200108,-0.86,-2.5709550231695175,-1.1698290705680847,0.0617592,999,,,,,,,109.1,3.762068965,109.1,3.762068965,,,,,,,,,,,,,,,,,,,"Richie Palacios","24589",680700
"Max Schuemann","NYY",5,23.8318,20.6777,4.59817,3.25173,0.830805,0.0999411,0.415688,2.78343,1.8799,2.30282,0.0250563,5.25773,0.409514,0.178949,0.262894,0.384384,0.741756,0.196422,0.222374,0.0966277,0.220618,0.437986,0.310175,0.332529,0.290463,0.642704,0.110155,5.66394,0.275468,,0.0347425,2.33214,-0.511761,84.2523,0.0347425,0.01,-0.40684931352734566,0.14503086544573307,0.0594399,999,,,,,,,17.8,3.56,17.8,3.56,,,,,,,,,,,,,,,,,,,"Max Schuemann","24488",680474
"Alika Williams","ATH",8,35.2226,32.2682,7.84132,5.42471,1.57316,0.135726,0.707726,3.8543,3.41732,1.94929,0.0250017,7.44393,0.279586,0.244343,0.481204,0.63223,0.276731,0.105419,0.243005,0.055342,0.21134,0.261863,0.289862,0.365968,0.288591,0.655829,0.122963,3.95818,0.29283,,-0.0296509,3.39331,-0.809873,78.9676,-0.0296509,-0.04,-0.901329193264246,0.2316049262881279,0.0592347,999,,,,,,,34,4.25,34,4.25,,,,,,,,,,,,,,,,,,,"Alika Williams","27604",675961
"Triston Casas","BOS",4,17.4963,15.1112,3.72099,2.15323,0.733276,0.0239884,0.810497,2.23692,2.60051,2.10513,0.124687,4.19072,0.135811,0.125677,0.018507,0.298017,0.0370726,0.0154621,0.246241,0.120319,0.23952,0.502332,0.341115,0.458848,0.346688,0.799962,0.212607,2.47561,0.284349,,-0.022095,2.51045,0.422574,117.642,-0.022095,0,0.3411072567105293,-0.39094650745391846,0.0580465,746.0599975585938,,,,,,,25.7,6.425,25.7,6.425,,,,,,,,,,,,,,,,,,,"Triston Casas","22514",671213
"Leody Taveras","BAL",23,100.522,91.132,21.2554,14.6338,4.13739,0.44638,2.03785,12.2322,8.70008,7.3414,0.130857,22.7046,0.31174,0.746062,0.99091,1.31725,3.89883,1.06655,0.233238,0.0730327,0.225867,0.323344,0.290447,0.355519,0.285432,0.645966,0.122281,6.05698,0.28625,,0.217476,9.42652,-2.569,81.1023,0.217476,-1.19,-2.017721250653267,-0.997319296002388,0.0573578,999,,,,,,,82.8,3.6,82.8,3.6,,,,,,,,,,,,,,,,,,,"Leody Taveras","18900",665750
"Tyler Heineman","LAA",11,41.6789,37.1977,7.61417,5.67159,1.2275,0.115382,0.5997,3.67396,2.89028,2.59166,0.0559986,8.79283,0.735566,0.288566,0.826522,0.819981,0.428685,0.134992,0.204695,0.0621815,0.210966,0.294747,0.268083,0.292264,0.252962,0.560346,0.0875689,4.09189,0.249681,,-0.0186374,2.81029,-2.16335,56.0565,-0.0186374,0.39,-2.1736897975206375,1.2387654185295105,0.055678,999,,,,,,,32.1,2.918181818,32.1,2.918181818,,,,,,,,,,,,,,,,,,,"Tyler Heineman","13897",623168
"Tsung-Che Cheng","BOS",9,37.9087,33.8529,7.527,5.03953,1.72948,0.123236,0.634748,4.15502,3.239,3.10621,0.0380592,9.4714,0.237117,0.236526,0.475929,0.613378,1.001,0.309716,0.222344,0.0819392,0.249848,0.327957,0.290396,0.336963,0.280051,0.627359,0.114619,5.1539,0.287377,,0.0265801,3.3894,-1.13432,71.6858,0.0265801,0.08,-1.236381558701396,0.4325640946626663,0.0553506,999,,,,,,,36.9,4.1,36.9,4.1,,,,,,,,,,,,,,,,,,,"Tsung-Che Cheng","28344",691907
"Agustín Ramírez","MIA",7,29.9962,27.1828,6.58982,4.09865,1.41561,0.08188,0.993688,3.65715,3.66547,2.254,0.0891145,6.29129,0.31302,0.206711,0.0396519,0.58517,0.746435,0.17678,0.242426,0.0751427,0.209736,0.358272,0.305671,0.410195,0.312419,0.715866,0.167769,5.12746,0.278352,,0.0403777,3.46983,-0.109682,94.6492,0.0403777,0.12,-0.15375803411006927,-0.28263748437166214,0.0547177,86.8499984741211,,,,,,,32.4,4.628571428,32.4,4.628571428,,,,,,,,,,,,,,,,,,,"Agustin Ramirez","26546",682663
"Tyrone Taylor","NYM",12,51.7214,47.5659,11.1088,6.92037,2.25253,0.353907,1.58201,6.28602,5.56271,2.59196,0.0773349,11.5399,0.78602,0.347445,0.430021,0.618065,1.11082,0.297903,0.233546,0.050114,0.223116,0.224609,0.282441,0.39556,0.295238,0.678001,0.162014,5.8283,0.273826,,0.0432934,5.2618,-0.910224,87.7164,0.0432934,-0.1,-0.7251614779233932,-0.449794240295887,0.0515924,999,,,,,,,52.1,4.341666666,52.1,4.341666666,,,,,,,,,,,,,,,,,,,"Tyrone Taylor","13675",621438
"Ali Sánchez","NYY",14,55.6076,50.7068,10.7376,7.76866,1.85375,0.0613097,1.05392,5.10094,4.89305,3.47692,0.0524096,13.4281,0.340039,0.35849,0.725421,1.10378,0.227053,0.0837414,0.21176,0.062526,0.241479,0.258929,0.265197,0.31309,0.257871,0.578287,0.10133,2.77258,0.264704,,-0.0517157,3.971,-2.66478,61.7755,-0.0517157,0,-2.5527676194906235,1.080246925354004,0.0515,999,,,,,,,34.8,2.485714285,34.8,2.485714285,,,,,,,,,,,,,,,,,,,"Ali Sanchez","18551",645305
"Alex Jackson","MIN",5,18.4384,16.9042,3.50928,2.06808,0.704426,0.0478708,0.688902,1.97699,2.21317,1.09749,0.0121539,5.83057,0.265893,0.109488,0.0613795,0.278113,0.0542981,0.021297,0.207598,0.0595219,0.316218,0.18823,0.265149,0.377194,0.28114,0.642343,0.169596,3.25126,0.268756,,-0.0164714,1.66486,-0.535437,75.9146,-0.0164714,0,-0.5390170495957136,0.3858024775981903,0.0509822,999,,,,,,,20.7,4.14,20.7,4.14,,,,,,,,,,,,,,,,,,,"Alex Jackson","17276",656577
"Eliezer Alfonzo","LAD",3,13.1388,12.1223,2.96445,2.18788,0.606774,0.0239838,0.145809,1.38208,1.26461,0.788248,0.0560547,1.62277,0.0727815,0.100559,0.0548727,0.282991,0.0845053,0.0343858,0.244545,0.0599941,0.12351,0.485743,0.292381,0.334641,0.277244,0.627021,0.0900958,3.49025,0.269615,,-0.0135528,1.1448,-0.423075,72.8812,-0.0135528,0.28,-0.4445217736065388,0.5114814788103104,0.050087,999,,,,,,,10.7,3.566666666,10.7,3.566666666,,,,,,,,,,,,,,,,,,,"Eliezer Alfonzo","22741",672613
"Adrian Del Castillo","ARI",12,49.4204,44.5845,10.4202,6.26896,2.31844,0.0984006,1.73443,5.657,6.68413,4.00508,0.0959804,13.0303,0.384183,0.388588,0.0580223,0.719433,0.123979,0.037012,0.233718,0.0810409,0.263663,0.307365,0.300016,0.40684,0.308719,0.706855,0.173121,2.76944,0.28753,,-0.0476932,5.56832,-0.329122,92.5195,-0.0476932,0.15,-0.49485111981630325,-0.6234204471111298,0.0497437,999,,,,,,,47.6,3.966666666,47.6,3.966666666,,,,,,,,,,,,,,,,,,,"Adrian Del Castillo","29554",680728
"Enrique Hernández","LAD",16,69.7365,63.3362,14.2291,8.76136,3.04501,0.111237,2.31149,8.12149,8.32855,5.05949,0.0375371,15.6993,0.398286,0.571342,0.271107,1.07834,0.198141,0.070919,0.22466,0.0725516,0.225124,0.322274,0.283814,0.385736,0.293235,0.66955,0.161076,3.03761,0.259661,,-0.066505,6.9812,-1.34061,83.6097,-0.066505,-0.42,-1.4490128755569458,-0.3376954719424248,0.0490697,999,,,,,,,57.9,3.61875,57.9,3.61875,,,,,,,,,,,,,,,,,,,"Enrique Hernandez","10472",571771
"Ryan Ritter","COL",5,20.1316,18.0288,4.5779,3.03544,0.883548,0.170978,0.487925,2.53317,2.11945,1.42718,0.0333691,5.24149,0.322251,0.122782,0.230557,0.352282,0.301469,0.0913065,0.253921,0.0708928,0.260361,0.272286,0.31794,0.403087,0.316686,0.721027,0.149166,5.70492,0.329248,,-0.00328588,2.39844,-0.00390296,85.3279,-0.00328588,0.08,-0.3605514755472541,0.17920634150505066,0.0480103,999,,,,,,,15.9,3.18,15.9,3.18,,,,,,,,,,,,,,,,,,,"Ryan Ritter","31500",690022
"Bo Naylor","CLE",2,7.99211,7.04195,1.52527,0.884864,0.333589,0.0173807,0.289435,0.923719,0.958187,0.786574,0.0131121,1.95508,0.0620061,0.0614122,0.0401682,0.102301,0.0796418,0.0237754,0.216598,0.0984189,0.244626,0.402323,0.298525,0.392211,0.303834,0.690735,0.175613,3.76441,0.254347,,-0.00324038,0.868814,-0.0849008,93.531,-0.00324038,0.09,-0.06407391070388258,0.24432098865509033,0.0470594,574.2899780273438,,,,,,,7.2,3.6,7.2,3.6,,,,,,,,,,,,,,,,,,,"Bo Naylor","21865",666310
"Brett Sullivan","COL",17,68.4473,62.9912,14.422,9.16838,3.46469,0.235455,1.5535,7.17807,7.70144,4.24921,0.0920685,11.7233,0.490177,0.562494,0.154248,0.989494,0.557568,0.187757,0.228953,0.06208,0.171275,0.362458,0.280576,0.365418,0.283466,0.645994,0.136465,3.93448,0.255953,,-0.0411086,6.30952,-1.85845,63.0405,-0.0411086,0,-3.100989129394293,1.3117283582687378,0.0445618,999,,,,,,,56.8,3.34117647,56.8,3.34117647,,,,,,,,,,,,,,,,,,,"Brett Sullivan","18217",664954
"Walker Jenkins","MIN",3,13.5862,12.1929,3.05799,2.06842,0.6576,0.0433967,0.288575,1.62716,1.38165,1.13229,0.0202357,2.69886,0.146313,0.0928254,0.0218383,0.245164,0.22482,0.0745005,0.2508,0.0833415,0.198647,0.419545,0.319705,0.382854,0.310924,0.702559,0.132053,4.55856,0.297841,,-0.00393725,1.5551,-0.0661689,96.4551,-0.00393725,0,-0.0606071469374001,0.009259257465600967,0.0437943,999,,,,,,,10.7,3.566666666,10.7,3.566666666,,,,,,,,,,,,,,,,,,,"Walker Jenkins","sa3022894",805805
"Spencer Jones","NYY",6,25.8178,23.3278,5.10509,2.95002,1.03505,0.0566347,1.06339,3.27359,3.16723,2.13949,0.0359882,9.65347,0.197931,0.125964,0.0266581,0.301084,0.599067,0.16108,0.218842,0.0828687,0.373907,0.221629,0.288568,0.404821,0.303046,0.693389,0.18598,5.17036,0.317322,,0.024585,2.79011,-0.290785,92.9302,0.024585,0,-0.19018422439694405,-0.3189300298690796,0.0415754,999,,,,,,,25.2,4.2,25.2,4.2,,,,,,,,,,,,,,,,,,,"Spencer Jones","31532",682987
"Jhonny Pereda","SEA",3,11.0722,10.0453,2.32897,1.73232,0.417511,0.00930079,0.169832,1.08654,1.01364,0.860916,0.00875413,2.33968,0.067108,0.06035,0.0384986,0.244792,0.0350891,0.0129976,0.231846,0.0777547,0.211311,0.367963,0.295186,0.32598,0.278778,0.621166,0.0941341,2.55977,0.28424,,-0.0127175,0.978518,-0.342752,81.6597,-0.0127175,0.03,-0.2516569122672081,0.2614814769476652,0.0409195,999,,,,,,,4.2,1.4,4.2,1.4,,,,,,,,,,,,,,,,,,,"Jhonny Pereda","19802",640902
"Justin Foscue","TEX",14,61.0483,55.0127,12.3637,7.37033,2.79943,0.128235,2.06569,6.97693,7.07043,4.77888,0.0387565,12.1941,0.749479,0.380829,0.126398,0.944254,0.602888,0.196953,0.224743,0.0782804,0.199746,0.3919,0.293689,0.39294,0.30167,0.686628,0.168197,3.83022,0.250354,,-0.0306893,6.5293,-0.755717,92.2621,-0.0306893,0.01,-0.5865183118730783,-1.193703642114997,0.0399797,999,,,,,,,59.6,4.257142857,59.6,4.257142857,,,,,,,,,,,,,,,,,,,"Justin Foscue","27501",679822
"Ronny Mauricio","NYM",5,19.8928,18.4807,4.3706,2.90797,0.808141,0.031654,0.622835,2.37052,2.24959,1.15745,0.0949028,4.99317,0.116794,0.11093,0.0270139,0.324585,0.510922,0.169577,0.236496,0.0581843,0.251003,0.231807,0.284149,0.384757,0.291117,0.668905,0.148261,4.90727,0.288832,,0.00972842,1.95725,-0.41661,84.9516,0.00972842,-0.05,-0.352354452945292,0.0932980589568615,0.0393592,999,,,,,,,21.6,4.32,21.6,4.32,,,,,,,,,,,,,,,,,,,"Ronny Mauricio","23698",677595
"Luis Rengifo","SDP",7,29.5279,26.9216,6.64766,4.95133,1.11328,0.120676,0.462371,3.37641,2.7456,2.04523,0.0477665,4.60726,0.244538,0.197908,0.118632,0.63134,0.759495,0.254323,0.246926,0.0692644,0.156031,0.443915,0.303898,0.348768,0.290138,0.652666,0.101842,5.03653,0.280513,,0.00748587,2.88177,-0.641861,84.7276,0.00748587,-0.15,-0.5379717899486423,-0.041975319385528564,0.038647,644.9299926757812,,,,,,,23,3.285714285,23,3.285714285,,,,,,,,,,,,,,,,,,,"Luis Rengifo","19858",650859
"Nick Sogard","BOS",6,26.2445,23.3033,5.48304,3.91458,1.16224,0.0608455,0.345374,2.78287,2.34653,2.46161,0.0337536,5.34276,0.185085,0.18217,0.11228,0.464721,0.457846,0.15557,0.23529,0.0937953,0.203577,0.460737,0.3111,0.334849,0.290485,0.645949,0.0995588,4.1903,0.288675,,-0.00827608,2.56872,-0.563094,78.8815,-0.00827608,0.07,-0.6604271903634071,0.08322751056402922,0.0362238,999,,,,,,,13.9,2.316666666,13.9,2.316666666,,,,,,,,,,,,,,,,,,,"Nick Sogard","25483",686765
"Mark Canha",,7,32,27.8535,6.63718,4.65584,1.31499,0.0726057,0.593751,3.706,3.06683,2.87628,0.0297946,6.06943,0.977045,0.23599,0.0572322,0.721986,0.38038,0.103733,0.238289,0.0898837,0.18967,0.473896,0.328416,0.354665,0.308012,0.68308,0.116375,4.11227,0.282057,,-0.0128241,3.58717,-0.231461,93.7453,-0.0128241,-0.01,-0.25162433832883835,-0.4912009034305811,0.0352649,999,,,,,,,35.5,5.071428571,35.5,5.071428571,,,,,,,,,,,,,,,,,,,"Mark Canha","11445",592192
"Taylor Walls","TBR",41,175.287,154.153,31.284,21.5948,6.9039,0.732499,2.0528,18.9142,12.4848,17.1813,0.138193,42.9491,0.797757,1.38073,1.55938,2.08326,7.43722,1.97865,0.202942,0.0980179,0.245021,0.400039,0.283917,0.297181,0.263955,0.581098,0.0942396,6.03247,0.264461,,0.453312,13.3828,-7.53466,63.937,0.453312,-0.73,-6.98472672700882,1.0823560953140259,0.0347629,999,,,,,,,126.1,3.075609756,126.1,3.075609756,,,,,,,,,,,,,,,,,,,"Taylor Walls","22458",670764
"Jacob Melton","TBR",8,32.4971,29.6815,6.31655,3.89764,1.40432,0.0887354,0.925849,3.99087,3.26813,2.37656,0.0299409,9.58101,0.204385,0.1698,0.0648518,0.376669,1.59696,0.334244,0.212811,0.0731315,0.294827,0.248049,0.274341,0.359682,0.279554,0.634023,0.146871,6.38048,0.278669,,0.145852,2.89244,-0.985503,74.6953,0.145852,0.22,-0.821737751364708,0.001576453447341919,0.0341829,727.5700073242188,,,,,,,25.7,3.2125,25.7,3.2125,,,,,,,,,,,,,,,,,,,"Jacob Melton","31661",689200
"Darell Hernaiz","ATH",3,15.0954,13.6627,3.49225,2.62312,0.636773,0.0584148,0.173947,1.73049,1.30921,1.08674,0.0151955,2.22785,0.0923168,0.114445,0.139189,0.316293,0.28166,0.0789436,0.255605,0.0719917,0.147585,0.487798,0.312333,0.348957,0.294536,0.66129,0.0933523,4.77398,0.29171,,0.00309833,1.52711,-0.274257,83.068,0.00309833,0.02,-0.2976468938868493,0.09716049209237099,0.0341438,999,,,,,,,8.7,2.9,8.7,2.9,,,,,,,,,,,,,,,,,,,"Darell Hernaiz","26224",687231
"Tyler Locklear","ARI",10,44.3775,39.9701,9.84984,6.53599,1.91567,0.162903,1.23528,5.42303,5.33751,3.34692,0.117207,11.0827,0.720239,0.276421,0.0638373,0.888462,0.692049,0.211005,0.24643,0.0754192,0.249736,0.301995,0.314056,0.395224,0.312096,0.70928,0.148794,4.85902,0.30845,,-0.00584456,5.12174,-0.173918,94.7852,-0.00584456,-0.06,-0.28575437515974045,-0.8316049538552761,0.0332125,999,,,,,,,45.1,4.51,45.1,4.51,,,,,,,,,,,,,,,,,,,"Tyler Locklear","31396",682988
"Bryan Torres","STL",19,79.1868,71.088,18.1395,13.5423,3.47285,0.196779,0.92759,9.00074,7.04595,6.41714,0.162448,14.0382,0.408312,0.531705,0.741598,1.79503,1.81178,0.587858,0.255169,0.0810381,0.17728,0.457119,0.318247,0.348704,0.297657,0.666951,0.0935344,4.57011,0.303808,,0.00919371,8.21136,-1.23816,88.1979,0.00919371,0,-1.1212107660248876,-1.1402605772018433,0.0321768,999,,,,,,,66.9,3.521052631,66.9,3.521052631,,,,,,,,,,,,,,,,,,,"Bryan Torres","21464",663494
"Joey Meneses","ATH",14,59.3752,54.8308,14.4144,9.89982,3.00251,0.0798095,1.43225,6.76453,6.9118,3.51506,0.195066,9.68604,0.42504,0.523198,0.0811584,1.31607,0.189079,0.057865,0.262889,0.0592008,0.163133,0.362899,0.30955,0.398923,0.3092,0.708473,0.136034,2.71552,0.293477,,-0.0599987,6.71314,-0.372228,93.1808,-0.0599987,-0.09,-0.5364117622375488,-1.2829683721065521,0.0299842,999,,,,,,,53.5,3.821428571,53.5,3.821428571,,,,,,,,,,,,,,,,,,,"Joey Meneses","14366",608841
"Jorge Barrosa","ARI",7,32.2746,29.1536,6.56557,4.42865,1.52262,0.104764,0.509528,3.46228,2.99014,2.36065,0.0441884,7.48982,0.232496,0.207626,0.320228,0.56481,0.545236,0.187947,0.225206,0.0731427,0.232066,0.315181,0.286619,0.337053,0.277482,0.623672,0.111847,4.675,0.283498,,-0.00666406,2.81836,-1.03303,71.5629,-0.00666406,0.41,-1.1167776817455888,0.36089786142110825,0.029897,999,,,,,,,33.3,4.757142857,33.3,4.757142857,,,,,,,,,,,,,,,,,,,"Jorge Barrosa","23968",678489
"Yohendrick Piñango","TOR",10,40.9262,37.3543,8.77656,5.75353,1.89109,0.0566427,1.0753,4.59194,4.45159,3.07985,0.108869,9.43807,0.222241,0.213778,0.0560262,0.78354,0.33777,0.109764,0.234954,0.0752538,0.230612,0.326322,0.295537,0.374972,0.29504,0.670509,0.140018,3.39942,0.284655,,-0.0263762,4.15699,-0.726817,86.8786,-0.0263762,0,-0.658247347921133,-0.5070546865463257,0.02965,999,,,,,,,37.6,3.76,37.6,3.76,,,,,,,,,,,,,,,,,,,"Yohendrick Pinango","26664",682818
"Rodolfo Durán","SDP",3,13.2367,12.1534,2.70785,1.7534,0.532198,0.039646,0.382606,1.38737,1.48037,0.791356,0.0329844,3.13321,0.111144,0.0866817,0.0941122,0.228065,0.0809756,0.0279704,0.222807,0.0597851,0.236707,0.25257,0.274707,0.367565,0.28118,0.642272,0.144759,3.67264,0.266527,,-0.00959629,1.1956,-0.383956,78.7175,-0.00959629,-0.02,-0.3503365572541952,0.2114814780652523,0.0295817,999,,,,,,,10.7,3.566666666,10.7,3.566666666,,,,,,,,,,,,,,,,,,,"Rodolfo Duran","20958",660710
"Max Anderson","DET",2,9.06367,8.41841,2.1936,1.5222,0.391663,0.0350862,0.244653,1.03427,1.07585,0.487306,0.0475263,1.48694,0.075204,0.0650025,0.0177492,0.200224,0.047692,0.0189076,0.260572,0.0537648,0.164055,0.327725,0.30468,0.402617,0.307338,0.707298,0.142045,3.4993,0.288656,,-0.00932501,1.01107,-0.070516,94.4952,-0.00932501,0,-0.0680322702974081,0.03086419589817524,0.0289214,999,,,,,,,3.2,1.6,3.2,1.6,,,,,,,,,,,,,,,,,,,"Max Anderson","sa3022567",801194
"Kevin Alcántara","CHC",6,25.9452,23.7472,5.59072,3.74093,0.957487,0.105666,0.786636,3.08929,2.9749,1.84353,0.0365098,7.83145,0.153581,0.149095,0.0518211,0.430946,0.417523,0.117847,0.235427,0.0710549,0.301846,0.235401,0.293041,0.384022,0.297192,0.677064,0.148596,4.91069,0.314441,,0.00377595,2.68062,-0.415477,87.5337,0.00377595,0.02,-0.38744154921732843,-0.17547325417399406,0.0285605,999,,,,,,,27.9,4.65,27.9,4.65,,,,,,,,,,,,,,,,,,,"Kevin Alcantara","25971",682634
"Jace Jung","DET",4,18.1273,16.0218,3.45424,2.19585,0.710442,0.0272601,0.520681,2.00059,1.97713,1.82028,0.025449,4.42096,0.139251,0.121263,0.0247523,0.304249,0.0606083,0.0216754,0.215596,0.100417,0.243884,0.411739,0.299061,0.360836,0.293821,0.659897,0.14524,2.9061,0.261892,,-0.0192104,1.82332,-0.339858,85.1736,-0.0192104,-0.03,-0.3354506231844425,-0.0300000011442626,0.0283827,999,,,,,,,19.1,4.775,19.1,4.775,,,,,,,,,,,,,,,,,,,"Jace Jung","31437",690291
"Nicky Lopez","TEX",27,116.189,104.656,24.6087,20.1079,3.78921,0.393982,0.317617,11.8273,7.41025,7.94398,0.152299,18.3985,1.04339,0.76903,1.62145,2.93602,3.04238,0.979556,0.235138,0.0683714,0.15835,0.431773,0.29364,0.287978,0.263855,0.581618,0.05284,5.0779,0.280145,,0.0455594,8.86128,-5.00375,66.1823,0.0455594,0.05,-4.577761203050613,0.7166666276752949,0.0282309,999,,,,,,,76.5,2.833333333,76.5,2.833333333,,,,,,,,,,,,,,,,,,,"Nicky Lopez","19339",670032
"Kyle Farmer","ATL",4,17.8488,16.2046,3.87086,2.61956,0.679967,0.0822232,0.489118,2.07247,1.97725,1.07718,0.00870522,3.89602,0.332384,0.12667,0.0358661,0.326628,0.149612,0.0594554,0.238875,0.0603504,0.218279,0.276483,0.297643,0.381537,0.299258,0.67918,0.142662,4.30559,0.283084,,-0.0164897,1.87404,-0.255896,86.6802,-0.0164897,-0.04,-0.3040494155138731,0.0011522620916366577,0.0281846,999,,,,,,,12.3,3.075,12.3,3.075,,,,,,,,,,,,,,,,,,,"Kyle Farmer","14813",571657
"Joey Wiemer","WSN",9,39.7651,35.718,7.68816,4.76608,1.52551,0.110353,1.28621,4.52712,4.67544,3.37818,0.0488865,12.295,0.38822,0.215499,0.0652025,0.675603,0.585339,0.176973,0.215246,0.0849532,0.309189,0.274761,0.288528,0.372166,0.291918,0.660694,0.15692,4.4862,0.28641,,-0.00223743,3.9383,-0.806963,82.2417,-0.00223743,0.09,-0.856372287729755,-0.1751514971256256,0.0266946,999,,,,,,,34.9,3.877777777,34.9,3.877777777,,,,,,,,,,,,,,,,,,,"Joey Wiemer","27690",686894
"Luke Maile","KCR",2,7.88108,6.91136,1.50633,1.01412,0.278544,0.0145406,0.19912,0.842893,0.818621,0.696301,0.00445754,2.15674,0.102856,0.0479564,0.0668152,0.138132,0.0495852,0.0182763,0.217949,0.088351,0.27366,0.322849,0.297157,0.348891,0.289087,0.646048,0.130941,3.37896,0.283962,,-0.0074492,0.762428,-0.178037,79.1101,-0.0074492,0.02,-0.20116632338613272,0.1743209846317768,0.0257017,999,,,,,,,7.2,3.6,7.2,3.6,,,,,,,,,,,,,,,,,,,"Luke Maile","13355",571912
"Josh Rojas","KCR",7,31.5243,28.3029,6.45599,4.39167,1.42536,0.0631851,0.575767,3.30586,3.17385,2.64774,0.0427249,6.72935,0.124013,0.2546,0.13135,0.504339,0.438515,0.150486,0.228103,0.0839905,0.213465,0.393462,0.29454,0.343958,0.284168,0.638498,0.115855,4.02423,0.276685,,-0.0132422,2.92388,-0.83798,75.7178,-0.0132422,-0.09,-0.9139409745112062,0.037665531039237976,0.0249966,999,,,,,,,26.9,3.842857142,26.9,3.842857142,,,,,,,,,,,,,,,,,,,"Josh Rojas","19734",668942
"Zac Veen","COL",7,31.2039,28.3238,7.09269,4.55923,1.51217,0.129834,0.891453,4.03375,3.61267,2.30324,0.0378373,7.48963,0.218954,0.205167,0.152771,0.508634,0.925442,0.250525,0.250414,0.0738125,0.240022,0.307524,0.309646,0.407392,0.313795,0.717038,0.156977,5.67393,0.307786,,0.0430608,3.64436,-0.0792688,83.388,0.0430608,0.13,-0.5839201360940933,-0.19407406449317932,0.0241299,743.6599731445312,,,,,,,34.3,4.9,34.3,4.9,,,,,,,,,,,,,,,,,,,"Zac Veen","27770",691728
"Buddy Kennedy","SEA",2,9.05908,8.07841,1.80414,1.20143,0.374572,0.037342,0.190789,0.951545,0.896439,0.783156,0.0351729,1.83553,0.109138,0.0706744,0.0177029,0.141318,0.0702983,0.023886,0.223328,0.0864499,0.202618,0.426665,0.298232,0.349792,0.287838,0.648024,0.126464,4.02873,0.2635,,-0.00698457,0.867207,-0.213832,87.9078,-0.00698457,0.01,-0.13587919995188713,0.04086419567465782,0.0230509,999,,,,,,,6.2,3.1,6.2,3.1,,,,,,,,,,,,,,,,,,,"Buddy Kennedy","22505",671083
"Braxton Fulford","COL",8,33.2171,29.8575,7.02572,4.35965,1.48331,0.210367,0.972402,4.09726,3.82612,2.51393,0,9.40782,0.529793,0.233442,0.0824455,0.425213,0.569182,0.168573,0.235309,0.0756818,0.283222,0.267217,0.303895,0.396784,0.308194,0.700679,0.161475,5.59173,0.307108,,0.00385926,3.72851,-0.235355,79.6303,0.00385926,0.07,-0.8145435622427613,-0.05345679074525833,0.0216577,999,,,,,,,35.4,4.425,35.4,4.425,,,,,,,,,,,,,,,,,,,"Braxton Fulford","29704",690924
"Charles McAdoo","TOR",2,8.9838,8.18871,1.86639,1.20735,0.346796,0.0351635,0.277078,1.07034,0.973351,0.64719,0.0151627,2.43384,0.0727544,0.0575617,0.017577,0.130518,0.172839,0.0517402,0.227922,0.0720397,0.270914,0.265914,0.288453,0.38037,0.293571,0.668823,0.152449,5.14009,0.287119,,0.00276078,0.901795,-0.17026,85.8649,0.00276078,0,-0.14665773673914373,0.03086419589817524,0.0206767,999,,,,,,,6.2,3.1,6.2,3.1,,,,,,,,,,,,,,,,,,,"Charles McAdoo","33323",807727
"Kameron Misner","KCR",3,13.7919,12.3477,2.6327,1.58879,0.636595,0.0436283,0.363688,1.60595,1.44808,1.21677,0.0110794,4.30476,0.0967416,0.0907852,0.0398689,0.157259,0.361449,0.0893009,0.213213,0.0882237,0.312122,0.282657,0.286955,0.360197,0.286804,0.647152,0.146984,5.3023,0.29202,,0.0196051,1.3087,-0.337111,77.536,0.0196051,0.01,-0.3449454437941313,0.056296294555068016,0.0205216,999,,,,,,,10.7,3.566666666,10.7,3.566666666,,,,,,,,,,,,,,,,,,,"Kameron Misner","26374",670224
"Will Benson","CIN",2,8.88776,7.81714,1.71763,0.967073,0.354644,0.0382929,0.357617,1.15419,1.07489,0.912429,0.0299816,2.71422,0.0849935,0.0564493,0.0167489,0.10304,0.207407,0.0631104,0.219726,0.102661,0.305389,0.336166,0.306059,0.412134,0.31413,0.718193,0.192408,5.53584,0.283232,,0.00483661,1.04044,-0.0201585,92.2948,0.00483661,0.03,-0.07799577480182052,-0.021440329030156136,0.019235,999,,,,,,,6.2,3.1,6.2,3.1,,,,,,,,,,,,,,,,,,,"Will Benson","21853",666181
"Mike Tauchman","NYM",3,13.925,11.9952,2.81409,1.9647,0.521552,0.0147909,0.313045,1.63369,1.37977,1.67164,0.00828481,3.12405,0.151045,0.0827774,0.0242743,0.271583,0.0978001,0.0325313,0.2346,0.120046,0.224348,0.535089,0.333564,0.358838,0.312449,0.692402,0.124238,3.13838,0.289441,,-0.0143776,1.61112,-0.0505772,99.2633,-0.0143776,-0.03,-0.0267861420288682,-0.24296295456588268,0.0186046,999,,,,,,,13.7,4.566666666,13.7,4.566666666,,,,,,,,,,,,,,,,,,,"Mike Tauchman","15274",643565
"Christian Cairo","PHI",5,20.1798,17.7888,4.05273,3.02555,0.717368,0.103459,0.206355,2.3212,1.48448,1.89812,0.0412621,4.31676,0.230054,0.129473,0.133319,0.393986,0.722047,0.211869,0.227825,0.0940608,0.213915,0.439711,0.30833,0.314585,0.282302,0.622914,0.0867598,5.7502,0.287147,,0.0288636,1.84112,-0.566973,74.1769,0.0288636,0,-0.6014343500137329,0.12125220149755478,0.0179275,999,,,,,,,15.2,3.04,15.2,3.04,,,,,,,,,,,,,,,,,,,"Christian Cairo","sa3010028",686551
"George Lombard Jr.","NYY",1,5.95796,5.32438,1.22349,0.796629,0.270124,0.0254107,0.131322,0.70271,0.576678,0.521913,0.00520166,1.52272,0.0635725,0.038291,0.00980247,0.0885925,0.141808,0.0385532,0.229789,0.0875993,0.255578,0.34275,0.304123,0.364061,0.297031,0.668184,0.134271,5.34214,0.294493,,0.00492021,0.614792,-0.0961843,88.7821,0.00492021,0,-0.07372187450528145,0.03086419776082039,0.0171467,999,,,,,,,3.6,3.6,3.6,3.6,,,,,,,,,,,,,,,,,,,"George Lombard Jr.","sa3023233",806146
"Graham Pauley","MIA",19,78.3772,70.5933,14.9292,9.38902,3.40901,0.141078,1.99014,7.8147,8.3727,6.26689,0.115753,18.2988,0.731376,0.552478,0.233078,1.08397,0.945456,0.268376,0.211482,0.0799582,0.233471,0.342476,0.280604,0.348345,0.278998,0.628949,0.136862,3.90678,0.254422,,-0.010259,6.9407,-2.41221,72.2272,-0.010259,0.28,-2.6431387718766928,0.25905642844736576,0.0171,999,,,,,,,63.4,3.336842105,63.4,3.336842105,,,,,,,,,,,,,,,,,,,"Graham Pauley","31363",688363
"Brian Serven","ATH",2,8.05088,7.31078,1.58838,1.06971,0.302201,0.0221444,0.19433,0.855614,0.801177,0.573683,0,2.22385,0.0886312,0.0443874,0.0333938,0.141398,0.0247533,0.00904309,0.217266,0.0712572,0.276225,0.257968,0.280724,0.344404,0.278169,0.625127,0.127138,3.28242,0.282369,,-0.00816987,0.707526,-0.253202,71.78,-0.00816987,0,-0.27549902629107237,0.15432098507881165,0.0167677,999,,,,,,,7.2,3.6,7.2,3.6,,,,,,,,,,,,,,,,,,,"Brian Serven","19422",661531
"Tanner Murray","CHW",4,17.7741,16.5427,3.86708,2.57481,0.839953,0.0473865,0.404932,1.81521,1.82778,0.925088,0.0296351,4.04681,0.148974,0.0940605,0.0632575,0.324369,0.121781,0.043194,0.233764,0.052047,0.227681,0.228597,0.27899,0.363701,0.281996,0.642691,0.129938,3.73822,0.284132,,-0.0131398,1.61722,-0.503798,77.0116,-0.0131398,0,-0.4939162125810981,0.020576130598783493,0.0161907,999,,,,,,,11.3,2.825,11.3,2.825,,,,,,,,,,,,,,,,,,,"Tanner Murray","28848",695020
"Petey Halpin","CLE",5,19.9803,18.3675,4.14792,2.77023,0.897054,0.0755831,0.405047,2.08669,1.98045,1.28514,0.0127496,5.1516,0.1117,0.144548,0.0713845,0.267409,0.351517,0.114212,0.225829,0.0643205,0.257834,0.249464,0.278507,0.349056,0.277099,0.627563,0.123227,4.90545,0.288905,,0.000451885,1.73856,-0.645725,75.093,0.000451885,0,-0.5851054561499041,0.03306877985596657,0.0161821,999,,,,,,,10.3,2.06,10.3,2.06,,,,,,,,,,,,,,,,,,,"Petey Halpin","27931",690984
"Juan Brito","CLE",2,8.99112,8.02362,1.80883,1.19877,0.420469,0.0137693,0.175821,0.938032,0.885394,0.794277,0.0284134,1.78513,0.0730383,0.0663929,0.033795,0.149377,0.106558,0.0396129,0.225438,0.0883401,0.198543,0.444941,0.298766,0.347012,0.28736,0.645778,0.121575,3.57221,0.266436,,-0.00614359,0.857217,-0.215712,82.1694,-0.00614359,0,-0.1947799534536898,0.03086419589817524,0.0158332,999,,,,,,,6.2,3.1,6.2,3.1,,,,,,,,,,,,,,,,,,,"Juan Brito","26693",682877
"Zach Dezenzo","HOU",14,61.3035,55.1943,12.3893,8.30861,2.30321,0.15219,1.62531,7.19629,6.11481,5.18126,0.0164729,18.9704,0.504304,0.323585,0.100001,0.938279,1.19487,0.331337,0.224468,0.0845183,0.309451,0.273124,0.295325,0.360053,0.291455,0.655378,0.135585,4.85911,0.308229,,0.0259142,6.04841,-1.26706,84.3772,0.0259142,-0.28,-1.1009954325854778,-0.9281481206417084,0.0157096,999,,,,,,,56.7,4.05,56.7,4.05,,,,,,,,,,,,,,,,,,,"Zach Dezenzo","31562",701305
"Kyler Fedko","MIN",6,25.2315,22.7051,4.91015,3.10379,0.93684,0.0855342,0.783983,2.88493,2.72474,2.10712,0.00314486,6.44314,0.20151,0.180663,0.0371533,0.354634,0.370142,0.130561,0.216258,0.0835113,0.255361,0.327033,0.286523,0.36864,0.289644,0.655164,0.152383,4.45975,0.263508,,-0.0093936,2.45236,-0.558573,81.7798,-0.0093936,0,-0.5503260726109147,-0.19547325372695923,0.0155093,999,,,,,,,23.3,3.883333333,23.3,3.883333333,,,,,,,,,,,,,,,,,,,"Kyler Fedko","29930",693459
"Seaver King","WSN",3,11.6386,10.7427,2.62256,1.88681,0.458308,0.0626652,0.214772,1.27587,1.16908,0.641614,0.0206282,2.63534,0.11591,0.071059,0.0672756,0.234407,0.219338,0.0699534,0.244124,0.0551282,0.226431,0.243466,0.292109,0.35843,0.286837,0.650539,0.114306,5.02235,0.302346,,0.000656001,1.10469,-0.284164,78.8334,0.000656001,0,-0.29731474147411063,0.069444440305233,0.0153056,999,,,,,,,8.8,2.933333333,8.8,2.933333333,,,,,,,,,,,,,,,,,,,"Seaver King","sa3025414",814409
"Brian Navarreto","MIA",8,30.9638,28.5047,5.86184,3.99358,1.11732,0.0860115,0.664929,2.7285,3.06364,1.74997,0.00275826,7.62832,0.306371,0.2176,0.185217,0.558151,0.131086,0.0424521,0.205645,0.0565167,0.246362,0.229405,0.257263,0.320859,0.256709,0.578122,0.115214,3.27545,0.254389,,-0.0241047,2.18195,-1.51303,57.2732,-0.0241047,0.14,-1.6243152469396591,0.757283940911293,0.014328,999,,,,,,,22.9,2.8625,22.9,2.8625,,,,,,,,,,,,,,,,,,,"Brian Navarreto","16398",640459
"Andrés Chaparro","WSN",11,47.5242,42.8451,10.009,6.17209,2.04412,0.0787245,1.71404,5.29078,6.28567,3.80783,0.124319,10.6652,0.438136,0.380182,0.0529469,0.777807,0.197149,0.0557858,0.233609,0.0801239,0.224417,0.357031,0.300286,0.40501,0.308077,0.705296,0.171401,2.9831,0.268915,,-0.0393947,5.32992,-0.341241,93.0828,-0.0393947,0,-0.4370114393532276,-0.9793447256088257,0.0133275,999,,,,,,,49.6,4.509090909,49.6,4.509090909,,,,,,,,,,,,,,,,,,,"Andres Chaparro","21797",665953
"Ivan Johnson","CIN",8,32.5884,29.3487,6.56275,4.11444,1.38646,0.0853508,0.976504,3.82243,3.48753,2.60227,0.0230641,9.49886,0.358537,0.170547,0.10838,0.489251,0.607483,0.198511,0.223613,0.0798525,0.291479,0.273956,0.293212,0.376487,0.295828,0.6697,0.152874,4.78183,0.293335,,0.00099968,3.33093,-0.557917,80.0158,0.00099968,0,-0.7867211787961423,-0.14590348303318024,0.0130455,999,,,,,,,33.4,4.175,33.4,4.175,,,,,,,,,,,,,,,,,,,"Ivan Johnson","27593",671155
"Héctor Rodríguez","CIN",3,11.8503,10.9827,2.77364,1.7788,0.524994,0.0383937,0.431458,1.42861,1.49308,0.686381,0.0406608,2.34084,0.0864979,0.0710742,0.0237122,0.215911,0.145258,0.0549224,0.252547,0.0579208,0.197534,0.29322,0.299876,0.425197,0.313994,0.725072,0.17265,4.22192,0.282823,,-0.00731516,1.38594,-0.028185,92.2036,-0.00731516,0,-0.11906536389142275,-0.138888880610466,0.0129593,999,,,,,,,11.7,3.9,11.7,3.9,,,,,,,,,,,,,,,,,,,"Hector Rodriguez","sa3015828",699302
"Nate Eaton","BOS",17,70.9573,64.7216,14.655,9.84993,2.84381,0.347765,1.61351,8.12906,6.71552,4.47578,0.0588612,17.8245,0.748904,0.466438,0.544562,1.00694,2.28003,0.561422,0.226431,0.0630771,0.251201,0.251102,0.282331,0.355907,0.281844,0.638238,0.129476,5.88063,0.28506,,0.141883,6.44749,-2.02,72.9221,0.141883,0.33,-2.1188966929912567,-0.28213992714881897,0.0128858,999,,,,,,,62.5,3.676470588,62.5,3.676470588,,,,,,,,,,,,,,,,,,,"Nate Eaton","25055",681987
"Jonatan Clase","TOR",13,55.8992,50.585,11.044,7.08495,2.44875,0.169237,1.34112,6.87446,5.10833,4.30686,0.0984754,15.8568,0.359708,0.363981,0.283653,0.615768,2.53971,0.566294,0.218327,0.077047,0.283667,0.27161,0.282486,0.352963,0.281005,0.635449,0.134636,6.20916,0.287485,,0.209989,5.04118,-1.62939,77.199,0.209989,-0.1,-1.289716973900795,-0.5751462057232857,0.0128471,999,,,,,,,40.7,3.13076923,40.7,3.13076923,,,,,,,,,,,,,,,,,,,"Jonatan Clase","26599",682729
"Jeferson Quero","MIL",1,2.97399,2.72394,0.645327,0.432112,0.123199,0.0113498,0.0786653,0.310842,0.353533,0.194153,0.00221274,0.622011,0.0256237,0.0232089,0.00706696,0.0486884,0.0221696,0.00706617,0.236909,0.0652835,0.20915,0.312137,0.291582,0.377109,0.293871,0.668691,0.140199,3.70074,0.276897,,-0.0020117,0.299254,-0.0556388,84.2788,-0.0020117,0.01,-0.05856364336796105,0.0871604923158884,0.0126975,999,,,,,,,2.6,2.6,2.6,2.6,,,,,,,,,,,,,,,,,,,"Jeferson Quero","28272",691620
"Jonah Cox","SFG",2,8.9726,8.20473,1.95048,1.42652,0.302222,0.0745797,0.147161,1.14125,0.647968,0.526996,0.0129028,2.40227,0.0752985,0.0480078,0.117571,0.13128,0.470269,0.102311,0.237727,0.0587339,0.267734,0.219374,0.288286,0.34655,0.280876,0.634835,0.108823,7.52778,0.316189,,0.040707,0.808241,-0.262478,77.1825,0.040707,0,-0.20692585781216621,0.03086419589817524,0.0117604,999,,,,,,,6.2,3.1,6.2,3.1,,,,,,,,,,,,,,,,,,,"Jonah Cox","33270",813841
"Charlie Condon","COL",10,43.2829,38.7709,9.7215,6.09169,1.73679,0.332387,1.56063,5.72885,5.56681,3.46581,0.00738233,12.0904,0.69954,0.263617,0.0829722,0.715242,0.417067,0.154232,0.250742,0.0800735,0.279335,0.286658,0.321456,0.433442,0.329962,0.754897,0.1827,5.18179,0.321503,,-0.0360113,5.62292,0.457885,94.2344,-0.0360113,0,-0.33785567060112953,-0.9567900896072388,0.0116632,999,,,,,,,53.6,5.36,53.6,5.36,,,,,,,,,,,,,,,,,,,"Charlie Condon","sa3025257",809707
"Leo Rivas","SEA",1,6.03938,5.15025,1.06652,0.784235,0.186436,0.0158388,0.0800058,0.670508,0.398939,0.7213,0.00952109,1.56245,0.0579621,0.0394037,0.0704662,0.0926115,0.196258,0.0530691,0.20708,0.119433,0.25871,0.461647,0.309231,0.296033,0.278718,0.605265,0.0889531,5.28014,0.278109,,0.00883068,0.533447,-0.187246,81.6188,0.00883068,-0.01,-0.12179028056561947,0.020864197984337807,0.011564,999,,,,,,,3.6,3.6,3.6,3.6,,,,,,,,,,,,,,,,,,,"Leo Rivas","21009",660844
"Patrick Wisdom","SEA",1,3.01969,2.69381,0.543409,0.251223,0.0995991,0.0103508,0.182236,0.395044,0.466717,0.271803,0.0096584,1.07079,0.0290549,0.0178571,0.0071715,0.0252123,0.0357414,0.0101893,0.201725,0.0900102,0.354603,0.253834,0.280253,0.449333,0.313712,0.729586,0.247608,4.66668,0.24761,,-0.0000127665,0.352473,-0.00787307,105.753,-0.0000127665,-0.03,0.0204266794535215,-0.014567901380360126,0.0114816,999,,,,,,,2.6,2.6,2.6,2.6,,,,,,,,,,,,,,,,,,,"Patrick Wisdom","13602",621550
"Gustavo Campero","LAA",1,2.97707,2.68931,0.640823,0.437397,0.129003,0.0138306,0.0605913,0.339875,0.270993,0.184606,0.00698125,0.551864,0.0668449,0.0216709,0.0146328,0.0562391,0.0877056,0.026037,0.238285,0.0620093,0.185372,0.334514,0.301196,0.364131,0.294496,0.665327,0.125846,5.63928,0.276494,,0.00305163,0.301074,-0.054186,84.7005,0.00305163,-0.02,-0.05054200510494411,0.05716049298644066,0.0114048,999,,,,,,,2.6,2.6,2.6,2.6,,,,,,,,,,,,,,,,,,,"Gustavo Campero","22707",672569
"Michael Helman","TEX",3,14.7697,13.5089,2.76943,1.7062,0.564536,0.0536052,0.44509,1.61452,1.46038,0.893045,0.011259,3.63486,0.149104,0.0885336,0.130195,0.179916,0.324354,0.0828394,0.205009,0.0604645,0.246102,0.245689,0.260362,0.353579,0.269933,0.613941,0.14857,5.24597,0.244219,,0.0157002,1.19928,-0.563225,70.3739,0.0157002,0.05,-0.4991648644208908,0.07777777686715126,0.0106148,999,,,,,,,8.7,2.9,8.7,2.9,,,,,,,,,,,,,,,,,,,"Michael Helman","24605",680737
"Jose Fernandez","ARI",10,41.3518,38.5981,9.57307,6.78224,1.72722,0.281193,0.782416,4.81335,4.16256,1.97861,0.0189337,9.55006,0.197267,0.240214,0.337549,0.719591,0.961824,0.271164,0.248019,0.0478482,0.230947,0.207183,0.28646,0.368151,0.287099,0.654611,0.120132,5.71031,0.30838,,0.0315213,3.93373,-1.00087,78.0147,0.0315213,0,-1.0681122988462448,-0.17806267738342285,0.0102025,999,,,,,,,40.1,4.01,40.1,4.01,,,,,,,,,,,,,,,,,,,"Jose Fernandez","28020",699912
"Collin Price","HOU",1,3.06517,2.76207,0.531139,0.304437,0.107259,0.0077657,0.111677,0.337756,0.347517,0.252746,0,1.05922,0.0293622,0.0180219,0.00297633,0.0302301,0.0301334,0.00867254,0.192298,0.0824573,0.345565,0.238616,0.265576,0.358051,0.275777,0.623628,0.165754,4.21779,0.260665,,-0.000743817,0.263424,-0.102349,73.5649,-0.000743817,0.01,-0.09608541702618822,0.0871604923158884,0.0101495,999,,,,,,,2.6,2.6,2.6,2.6,,,,,,,,,,,,,,,,,,,"Collin Price","31415",805672
"Garrett Stubbs","PHI",2,8.0719,7.25006,1.58287,1.14989,0.280834,0.0162098,0.135935,0.824575,0.715862,0.613877,0.0152081,1.87761,0.106108,0.0462886,0.0461334,0.142613,0.132861,0.0381325,0.218325,0.0760511,0.232611,0.326946,0.28727,0.31778,0.271982,0.60505,0.0994556,4.34178,0.273895,,0.000720909,0.668848,-0.294389,67.2531,0.000720909,0,-0.31899783917469904,0.15432098507881165,0.00994342,999,,,,,,,7.2,3.6,7.2,3.6,,,,,,,,,,,,,,,,,,,"Garrett Stubbs","18067",596117
"Blake Hunt","SDP",1,3.05461,2.79547,0.605929,0.379142,0.126135,0.00973943,0.0909124,0.319753,0.351695,0.198819,0.00043849,0.805205,0.033992,0.0212884,0.00504851,0.0451675,0.0110426,0.00382284,0.216754,0.0650881,0.263603,0.246917,0.275036,0.366407,0.282329,0.641443,0.149653,3.30676,0.268149,,-0.00268524,0.278758,-0.085756,79.4886,-0.00268524,0,-0.0784684217069298,0.07716049253940582,0.00993692,999,,,,,,,2.6,2.6,2.6,2.6,,,,,,,,,,,,,,,,,,,"Blake Hunt","23209",675448
"Brandon Lockridge","MIL",3,14.87,13.4423,3.15763,2.41383,0.550797,0.0726428,0.120365,1.63545,1.03865,1.06851,0.0233827,3.78588,0.108421,0.0844051,0.166368,0.277973,0.66321,0.151024,0.234903,0.0718568,0.254599,0.282236,0.294796,0.313549,0.273338,0.608345,0.0786457,6.14195,0.31571,,0.0506949,1.24851,-0.525956,70.5034,0.0506949,0.12,-0.4798269271850586,0.09222221933305264,0.00979288,999,,,,,,,11.6,3.866666666,11.6,3.866666666,,,,,,,,,,,,,,,,,,,"Brandon Lockridge","21496",663604
"Nick Yorke","PIT",2,8.78472,8.04216,1.97651,1.43007,0.362584,0.0365588,0.147297,0.982817,0.842998,0.599481,0.0228373,1.97998,0.0741122,0.0543847,0.0145811,0.17145,0.163522,0.0646351,0.245768,0.0682414,0.22539,0.302771,0.302173,0.354892,0.290983,0.657066,0.109124,4.85956,0.306438,,-0.00536443,0.863363,-0.184935,79.7306,-0.00536443,0,-0.22073749965056777,0.03086419589817524,0.00974333,999,,,,,,,6.2,3.1,6.2,3.1,,,,,,,,,,,,,,,,,,,"Nick Yorke","27504",694377
"CJ Kayfus","CLE",2,8.99112,8.03597,1.89213,1.21141,0.404423,0.0321913,0.244102,1.04181,0.990287,0.745183,0.00703088,2.46899,0.13124,0.0581505,0.0205756,0.148459,0.0935159,0.0321201,0.235458,0.0828799,0.274603,0.301817,0.308627,0.384924,0.306658,0.693551,0.149467,4.36657,0.306266,,-0.00587717,0.998016,-0.0749134,95.4782,-0.00587717,-0.06,-0.053714966867119074,-0.17316872254014015,0.009461,999,,,,,,,6.2,3.1,6.2,3.1,,,,,,,,,,,,,,,,,,,"CJ Kayfus","33704",692216
"Tatem Levins","TBR",1,2.95428,2.65196,0.568318,0.364224,0.121042,0.00409936,0.0789528,0.299348,0.330188,0.246565,0.00531177,0.792543,0.0294469,0.017706,0.00860452,0.0494,0.015037,0.00563951,0.214301,0.0834601,0.268269,0.311106,0.286634,0.35235,0.283777,0.638983,0.138049,3.10666,0.272146,,-0.00276661,0.273073,-0.0794673,77.6077,-0.00276661,-0.01,-0.0806054521817714,0.06716049276292324,0.00929226,999,,,,,,,2.6,2.6,2.6,2.6,,,,,,,,,,,,,,,,,,,"Tatem Levins","sa3020278",694420
"Raynel Delgado","HOU",5,20.4345,18.5554,4.11112,2.94746,0.831785,0.0391345,0.292743,2.28536,1.60995,1.40009,0.0350198,4.80727,0.193196,0.124235,0.161557,0.358071,0.72138,0.223511,0.221559,0.0685158,0.235253,0.291243,0.28138,0.317935,0.268088,0.599315,0.0963754,5.4064,0.281184,,0.0271831,1.62866,-0.809825,68.2623,0.0271831,0,-0.735924769192934,0.09920634329319,0.00925032,999,,,,,,,11.2,2.24,11.2,2.24,,,,,,,,,,,,,,,,,,,"Raynel Delgado","22272",669384
"Mikey Romero","BOS",2,8.74816,8.12214,1.87738,1.15265,0.476713,0.0312461,0.216772,0.902934,1.0152,0.490865,0.00955973,2.06257,0.0550422,0.0610635,0.0190508,0.12826,0.0598541,0.0206582,0.231143,0.0561106,0.235772,0.237987,0.27761,0.377598,0.286148,0.655207,0.146454,3.74583,0.281274,,-0.00573532,0.825449,-0.218488,75.8902,-0.00573532,0,-0.2539092320948839,0.03086419589817524,0.00897338,999,,,,,,,3.2,1.6,3.2,1.6,,,,,,,,,,,,,,,,,,,"Mikey Romero","sa3020216",702540
"Trei Cruz","DET",6,26.1839,23.3286,4.92414,3.26968,1.08416,0.0844487,0.485849,2.79088,2.35159,2.48482,0.0621159,6.97034,0.128385,0.164165,0.0779571,0.403233,0.294705,0.11872,0.211078,0.0948987,0.266207,0.356485,0.288721,0.32727,0.276015,0.615991,0.116192,4.12343,0.276761,,-0.021795,2.25533,-0.869252,72.8933,-0.021795,0,-0.8569330759346485,0.010288064368069172,0.00873817,999,,,,,,,13.9,2.316666666,13.9,2.316666666,,,,,,,,,,,,,,,,,,,"Trei Cruz","27569",669360
"Hyeseong Kim","LAD",3,12.1281,11.1796,2.68402,2.02663,0.475002,0.0472932,0.135094,1.46552,1.01555,0.775552,0.0133016,2.96831,0.0667476,0.0761097,0.0300645,0.231627,0.426778,0.0914615,0.240082,0.0639468,0.244747,0.261277,0.291479,0.327282,0.275908,0.618761,0.0872007,6.10614,0.312663,,0.031967,1.04359,-0.403683,71.9846,0.031967,0,-0.3790031932294369,0.069444440305233,0.00865258,740.77001953125,,,,,,,8.8,2.933333333,8.8,2.933333333,,,,,,,,,,,,,,,,,,,"Hyeseong Kim","35322",808975
"Dom Keegan","BAL",1,2.98581,2.70493,0.58374,0.387284,0.104805,0.00977852,0.0818726,0.32188,0.313635,0.227429,0.00212106,0.943986,0.0305107,0.0180901,0.00484676,0.0481699,0.0143849,0.00512384,0.215806,0.0761701,0.316158,0.240924,0.282352,0.352586,0.281692,0.634938,0.13678,3.76519,0.29571,,-0.00272735,0.270936,-0.0853667,78.5236,-0.00272735,-0.02,-0.07817928190343082,0.05716049298644066,0.00863948,999,,,,,,,2.6,2.6,2.6,2.6,,,,,,,,,,,,,,,,,,,"Dom Keegan","sa3020194",681371
"Sebastián Rivero","LAA",2,7.93884,7.3556,1.49888,1.06024,0.299053,0.0168715,0.122709,0.634984,0.640625,0.360659,0.00390917,1.77953,0.0694246,0.0565559,0.0966036,0.131073,0.0386234,0.0132438,0.203774,0.0454296,0.224155,0.202671,0.245971,0.299065,0.242086,0.545035,0.095291,3.11097,0.249762,,-0.00580989,0.46523,-0.482129,48.5561,-0.00580989,0.13,-0.4863592591136694,0.28432098031044006,0.00818089,999,,,,,,,-1.4,-0.7,-1.4,-0.7,,,,,,,,,,,,,,,,,,,"Sebastian Rivero","21735",665861
"Gabriel Gonzalez","MIN",2,8.73399,8.05661,2.01102,1.38626,0.412048,0.0333328,0.179374,0.978724,0.898775,0.497636,0.00453399,1.736,0.102719,0.0563668,0.0206554,0.174168,0.0831141,0.0336674,0.249611,0.056977,0.198763,0.286657,0.299699,0.375822,0.297572,0.675521,0.126211,4.05792,0.295541,,-0.00806538,0.905081,-0.137165,87.2472,-0.00806538,0,-0.13912340439856052,-0.09259258955717087,0.0080448,999,,,,,,,3.2,1.6,3.2,1.6,,,,,,,,,,,,,,,,,,,"Gabriel Gonzalez","28833",694224
"Blake Perkins","MIL",4,17.844,15.8922,3.40836,2.31197,0.683267,0.0636831,0.349437,1.94242,1.6595,1.65648,0.0219973,4.67285,0.122387,0.11312,0.0597757,0.265651,0.523445,0.142432,0.214467,0.0928315,0.261873,0.35449,0.291676,0.33144,0.279496,0.623116,0.116972,5.45408,0.278513,,0.0235935,1.58739,-0.54197,74.6353,0.0235935,-0.04,-0.5238553583621979,0.02172839269042015,0.00800701,999,,,,,,,11.6,2.9,11.6,2.9,,,,,,,,,,,,,,,,,,,"Blake Perkins","19921",663368
"Willie MacIver","TOR",1,2.9946,2.72816,0.577124,0.396041,0.11277,0.00806493,0.0602481,0.311116,0.270781,0.200208,0.00004423,0.853114,0.0373626,0.0193306,0.00953538,0.0532994,0.0377749,0.011923,0.211543,0.0668563,0.284884,0.234679,0.272923,0.325042,0.26716,0.597965,0.113499,4.45882,0.281809,,-0.000818312,0.23642,-0.120932,67.6509,-0.000818312,0.01,-0.11480328452307731,0.0871604923158884,0.00800085,999,,,,,,,2.6,2.6,2.6,2.6,,,,,,,,,,,,,,,,,,,"Willie MacIver","24641",680862
"Adael Amador","COL",3,11.0724,9.88133,2.44051,1.71043,0.477245,0.0295452,0.223297,1.36723,1.1145,0.962231,0.0140276,1.75432,0.0909092,0.0741197,0.0637798,0.223125,0.339285,0.110401,0.246982,0.0869038,0.158442,0.548491,0.317357,0.369054,0.305166,0.686411,0.122071,4.99745,0.277922,,0.00718568,1.21563,-0.105657,77.5989,0.00718568,-0.04,-0.29282079776749015,0.006296295672655106,0.00750349,999,,,,,,,4.2,1.4,4.2,1.4,,,,,,,,,,,,,,,,,,,"Adael Amador","27962",691182
"Yohel Pozo","STL",1,2.9695,2.82251,0.679845,0.478678,0.132416,0.00314564,0.0656051,0.281181,0.339223,0.105986,0.00505264,0.416687,0.0146394,0.0201526,0.00621963,0.0620073,0.00419866,0.00144243,0.240866,0.0356913,0.140322,0.254353,0.270129,0.35974,0.274806,0.629869,0.118874,2.21045,0.260231,,-0.00297316,0.252862,-0.101495,72.8671,-0.00297316,0,-0.10042759636417031,0.07716049253940582,0.00743415,999,,,,,,,2.6,2.6,2.6,2.6,,,,,,,,,,,,,,,,,,,"Yohel Pozo","18848",650968
"Nolan Jones","CHW",1,5.92469,5.233,1.19237,0.775623,0.250954,0.0116012,0.154192,0.676575,0.592862,0.58168,0.0194774,1.63856,0.0520245,0.0399837,0.0180033,0.101948,0.0947385,0.03131,0.227856,0.098179,0.276564,0.354995,0.309154,0.368641,0.300734,0.677795,0.140786,4.1649,0.298307,,-0.00155895,0.629162,-0.0778446,89.9343,-0.00155895,-0.02,-0.07172981870826334,-0.0662962943315506,0.00739594,999,,,,,,,3.6,3.6,3.6,3.6,,,,,,,,,,,,,,,,,,,"Nolan Jones","20529",666134
"Joshua Báez","STL",1,2.9695,2.67916,0.632563,0.354188,0.139999,0.0132176,0.125158,0.39897,0.398719,0.219258,0.0145189,0.893317,0.044101,0.021334,0.00564774,0.0282055,0.101211,0.0162335,0.236105,0.0738366,0.30083,0.245443,0.302282,0.438372,0.319871,0.740655,0.202268,6.1618,0.301663,,0.010246,0.361455,0.0070982,103.101,0.010246,0,0.021385149098932743,-0.046296294778585434,0.00726777,999,,,,,,,2.6,2.6,2.6,2.6,,,,,,,,,,,,,,,,,,,"Joshua Baez","sa3017022",695491
"Zach Cole","HOU",7,31.6735,28.5753,5.57137,3.15592,1.18085,0.0798192,1.15478,3.76273,3.57531,2.46571,0.0912085,13.0613,0.449354,0.14893,0.0341152,0.365629,0.608644,0.170402,0.194971,0.0778479,0.412375,0.188779,0.268224,0.363117,0.277932,0.631341,0.168146,5.16185,0.304421,,0.0186934,2.77745,-1.00221,75.0514,0.0186934,-0.02,-0.9111031908541918,-0.14766554906964302,0.00706642,743.5999755859375,,,,,,,24.8,3.542857142,24.8,3.542857142,,,,,,,,,,,,,,,,,,,"Zach Cole","31583",805904
"Christian Encarnacion-Strand","BAL",1,2.98581,2.78315,0.655333,0.396619,0.120955,0.0114513,0.126307,0.351872,0.396438,0.14353,0.00201375,0.871914,0.0331317,0.0201725,0.00581632,0.0414001,0.0129716,0.00386165,0.235464,0.0480708,0.29202,0.164615,0.279194,0.423301,0.303739,0.702495,0.187837,3.80164,0.293072,,-0.00209781,0.324352,-0.03195,93.728,-0.00209781,0,-0.02413300913758576,-0.015432098880410194,0.00676263,999,,,,,,,2.6,2.6,2.6,2.6,,,,,,,,,,,,,,,,,,,"Christian Encarnacion-Strand","30011",687952
"Weston Wilson","SEA",7,29.1904,26.2007,5.24396,3.2759,0.960359,0.0701148,0.93758,3.31252,2.96658,2.50686,0.0521722,8.80587,0.183667,0.164621,0.134562,0.363002,0.752887,0.208201,0.200146,0.0858797,0.301671,0.28468,0.273077,0.349506,0.275844,0.622583,0.14936,5.21231,0.25908,,0.032216,2.51023,-0.973117,79.6362,0.032216,-0.16,-0.6672134734690189,-0.31123456358909607,0.00624091,999,,,,,,,25.2,3.6,25.2,3.6,,,,,,,,,,,,,,,,,,,"Weston Wilson","19358",642215
"Brewer Hicklen","ATL",3,11.8992,10.8238,2.39221,1.49122,0.413732,0.0534937,0.433764,1.48716,1.37933,0.801928,0.0291497,3.5606,0.18383,0.0674443,0.0221819,0.179604,0.26117,0.0693593,0.221014,0.0673934,0.29923,0.225223,0.284412,0.389347,0.294842,0.673759,0.168333,5.53203,0.283961,,0.0102202,1.20673,-0.213232,83.718,0.0102202,-0.01,-0.22412090376019478,-0.10259258933365345,0.00616206,999,,,,,,,3.2,1.066666666,3.2,1.066666666,,,,,,,,,,,,,,,,,,,"Brewer Hicklen","20450",676551
"Chadwick Tromp","BAL",1,2.98581,2.76841,0.571126,0.397104,0.106172,0.00236263,0.0654877,0.273874,0.292832,0.174234,0,0.746481,0.0153932,0.0182679,0.00949957,0.054633,0.00528935,0.00177202,0.206301,0.058354,0.25001,0.233407,0.255603,0.317325,0.254538,0.572928,0.111024,2.35066,0.256057,,-0.00285107,0.205144,-0.151159,59.7967,-0.00285107,0.02,-0.14409504528157413,0.09716049209237099,0.00601686,999,,,,,,,2.6,2.6,2.6,2.6,,,,,,,,,,,,,,,,,,,"Chadwick Tromp","16953",644433
"Billy Cook","PIT",5,20.4977,18.7148,4.08099,2.66408,0.810002,0.0956217,0.511287,2.28496,1.9821,1.33597,0.0485036,5.6609,0.220397,0.131203,0.0953127,0.22681,0.507021,0.133385,0.218062,0.0651767,0.276173,0.236,0.276309,0.353522,0.277481,0.629831,0.13546,5.52865,0.28166,,0.0235039,1.78993,-0.656099,70.6722,0.0235039,0.15,-0.7036158796399832,0.09488536790013313,0.0059667,999,,,,,,,20.6,4.12,20.6,4.12,,,,,,,,,,,,,,,,,,,"Billy Cook","29573",695257
"César Prieto","STL",2,8.90851,8.28885,2.04458,1.46087,0.417579,0.0130807,0.153047,0.897028,0.953902,0.42053,0.0437686,1.30899,0.101232,0.0612776,0.0366282,0.208638,0.0772528,0.0334387,0.246666,0.0472054,0.146937,0.321262,0.289267,0.355594,0.282784,0.64486,0.108927,3.33983,0.274609,,-0.008909,0.816264,-0.246808,78.22,-0.008909,-0.04,-0.24359421338886023,0.011440329253673553,0.00587272,999,,,,,,,3.2,1.6,3.2,1.6,,,,,,,,,,,,,,,,,,,"Cesar Prieto","30163",693409
"Jack Brannigan","PIT",1,2.92824,2.64113,0.559556,0.347796,0.107162,0.0112189,0.0933791,0.327381,0.321761,0.224129,0.000040205,0.972354,0.035852,0.0171142,0.0100175,0.0345789,0.0333737,0.0106789,0.211863,0.0765407,0.332061,0.230502,0.280835,0.367,0.286406,0.647835,0.155137,4.55423,0.292732,,-0.0010427,0.276912,-0.072521,76.6599,-0.0010427,0,-0.08370961737819016,0.046296294778585434,0.00586655,999,,,,,,,2.6,2.6,2.6,2.6,,,,,,,,,,,,,,,,,,,"Jack Brannigan","31471",687394
"Korey Lee","CHW",1,2.96235,2.7535,0.593375,0.391611,0.113986,0.00828686,0.0794915,0.308364,0.295545,0.161356,0.000039784,0.846666,0.0237225,0.0134244,0.0103432,0.0466976,0.0460626,0.0141876,0.215498,0.0544689,0.285809,0.190578,0.263703,0.349522,0.270199,0.613225,0.134024,4.63263,0.279168,,0.000207704,0.241179,-0.112324,68.876,0.000207704,-0.02,-0.10827919414441567,0.05716049298644066,0.00550884,999,,,,,,,2.6,2.6,2.6,2.6,,,,,,,,,,,,,,,,,,,"Korey Lee","25543",686676
"Shay Whitcomb","HOU",4,17.3693,15.9459,3.27398,2.01493,0.584642,0.0291224,0.645279,2.02985,1.96428,1.15786,0.0317633,5.77761,0.147788,0.0945454,0.0232499,0.210093,0.415975,0.107468,0.205318,0.0666612,0.332633,0.200405,0.264015,0.367036,0.276552,0.631051,0.161717,5.07352,0.273324,,0.0208234,1.50367,-0.569052,74.0996,0.0208234,-0.06,-0.5085185058414936,-0.060000000473710347,0.00509928,999,,,,,,,16.1,4.025,16.1,4.025,,,,,,,,,,,,,,,,,,,"Shay Whitcomb","27789",694376
"Oliver Dunn","TBR",1,5.90856,5.29231,1.1043,0.713735,0.237266,0.0200579,0.133239,0.645736,0.555912,0.494851,0.0108671,1.84434,0.0635855,0.0262406,0.0315798,0.09624,0.127525,0.0396786,0.208661,0.0837515,0.312147,0.268308,0.282923,0.336602,0.276609,0.619525,0.12794,5.21423,0.290652,,0.00222204,0.511779,-0.193302,72.6644,0.00222204,0.01,-0.1878230352886021,0.025432097725570202,0.00487212,999,,,,,,,0.6,0.6,0.6,0.6,,,,,,,,,,,,,,,,,,,"Oliver Dunn","26295",686554
"MJ Melendez","NYM",4,16.9089,14.9695,3.05082,1.66514,0.673067,0.0338729,0.678739,1.99468,2.09852,1.64497,0.0296814,5.13435,0.154649,0.11152,0.0283084,0.195591,0.152569,0.0617566,0.203803,0.0972842,0.303648,0.320385,0.287338,0.389316,0.297384,0.676654,0.185513,3.71163,0.255946,,-0.0136864,1.74964,-0.268137,89.1557,-0.0136864,0,-0.23547568172216415,-0.2674897015094757,0.00483986,999,,,,,,,20.1,5.025,20.1,5.025,,,,,,,,,,,,,,,,,,,"MJ Melendez","22197",669004
"RJ Schreck","TOR",1,2.9946,2.61479,0.584449,0.356251,0.127684,0.0050721,0.0954416,0.356499,0.332968,0.305222,0.0147391,0.679646,0.0499114,0.0174259,0.00725361,0.0474337,0.0288661,0.00944042,0.223517,0.101924,0.226957,0.44909,0.314521,0.38573,0.309573,0.700251,0.162213,3.78147,0.263314,,-0.00191141,0.339484,-0.0178674,96.9009,-0.00191141,0,-0.012831530650146306,-0.046296294778585434,0.00481464,999,,,,,,,2.6,2.6,2.6,2.6,,,,,,,,,,,,,,,,,,,"RJ Schreck","sa3022602",702302
"Miles Mastrobuoni","SEA",2,9.05908,8.08797,1.77844,1.32051,0.358982,0.0164086,0.0825458,0.923791,0.657922,0.806439,0.0158293,1.98074,0.0239322,0.0560864,0.084649,0.160403,0.234999,0.0685949,0.219887,0.08902,0.218648,0.407139,0.290694,0.298947,0.266993,0.589642,0.0790602,4.74967,0.278895,,0.00699504,0.71397,-0.367069,73.532,0.00699504,0.01,-0.27513657649978995,-0.00028806645423173904,0.00479381,999,,,,,,,6.2,3.1,6.2,3.1,,,,,,,,,,,,,,,,,,,"Miles Mastrobuoni","20017",670156
"Andrew McCutchen","ATL",2,8.9244,7.8002,1.82627,1.17085,0.3563,0.0189839,0.28014,1.07995,1.02216,0.978498,0.0149313,2.01533,0.0675213,0.0646074,0.0135774,0.164084,0.0413039,0.012428,0.234131,0.109643,0.225822,0.485527,0.322337,0.39242,0.316508,0.714757,0.158289,3.14145,0.277615,,-0.00880586,1.06194,-0.00302288,98.2533,-0.00880586,0,-0.027660475112497807,-0.21604938805103302,0.00475566,999,,,,,,,6.2,3.1,6.2,3.1,,,,,,,,,,,,,,,,,,,"Andrew McCutchen","9847",457705
"Alek Thomas","LAD",3,12.1281,11.1068,2.58617,1.66624,0.54312,0.0422265,0.33458,1.5175,1.29353,0.732515,0.0191265,2.7464,0.107996,0.0715806,0.109233,0.245839,0.208307,0.0719247,0.232846,0.0603982,0.22645,0.266718,0.285108,0.379722,0.291226,0.66483,0.146876,5.01189,0.278064,,-0.00163185,1.19435,-0.252921,82.2619,-0.00163185,-0.04,-0.2618402821244672,-0.08629629760980606,0.00474859,746.030029296875,,,,,,,11.7,3.9,11.7,3.9,,,,,,,,,,,,,,,,,,,"Alek Thomas","23792",677950
"Yohandy Morales","WSN",3,13.5783,12.436,3.02885,2.02825,0.556479,0.0435267,0.400591,1.51009,1.66655,0.926469,0.0585418,3.83372,0.117492,0.0723669,0.0259656,0.275005,0.0874288,0.0338683,0.243554,0.0682314,0.282341,0.241663,0.300524,0.391937,0.302761,0.692461,0.148384,3.5758,0.317648,,-0.012866,1.46426,-0.156074,89.5162,-0.012866,0,-0.18504727631807327,-0.21296295523643494,0.00448213,999,,,,,,,10.7,3.566666666,10.7,3.566666666,,,,,,,,,,,,,,,,,,,"Yohandy Morales","sa3022672",691002
"Carlos Rodríguez","SDP",1,6.10923,5.60717,1.38858,1.0415,0.273158,0.0215226,0.0523965,0.643169,0.54063,0.422958,0.0105089,0.854919,0.0181542,0.0385487,0.022403,0.119582,0.114098,0.0436923,0.247644,0.0692326,0.139939,0.494734,0.300599,0.33207,0.282012,0.632669,0.0844263,4.55353,0.281991,,-0.00326864,0.555942,-0.173085,79.2757,-0.00326864,0,-0.156408226583153,0,0.0043104,999,,,,,,,-0.4,-0.4,-0.4,-0.4,,,,,,,,,,,,,,,,,,,"Carlos Rodriguez","sa3005478",677578
"José Barrero","BAL",1,5.97161,5.44518,1.09324,0.668297,0.188617,0.0183057,0.218022,0.683022,0.669838,0.395345,0.0160452,1.96698,0.0825178,0.0352408,0.0133248,0.0676478,0.112623,0.0328952,0.200772,0.066204,0.329388,0.200991,0.263684,0.362254,0.274631,0.625938,0.161481,5.04401,0.265586,,0.00276543,0.507651,-0.204954,73.6534,0.00276543,-0.02,-0.18235860764980316,0.010864198207855225,0.00417821,999,,,,,,,0.6,0.6,0.6,0.6,,,,,,,,,,,,,,,,,,,"Jose Barrero","23378",676480
"Nelson Rada","LAA",1,5.95413,5.29803,1.26212,0.972174,0.221417,0.0180135,0.0505134,0.661577,0.378813,0.470268,0.0139461,1.27635,0.0776254,0.0326992,0.0755088,0.13279,0.2459,0.0656554,0.238224,0.0789818,0.214364,0.368448,0.307897,0.315419,0.281575,0.623317,0.0771955,5.67312,0.302609,,0.0137967,0.539721,-0.170798,75.7899,0.0137967,0,-0.1558170085772872,-0.015432098880410194,0.00414001,999,,,,,,,0.6,0.6,0.6,0.6,,,,,,,,,,,,,,,,,,,"Nelson Rada","sa3018421",703185
"Cody Freeman","TEX",6,25.6009,23.6855,5.65699,3.94318,1.03799,0.0685381,0.607274,2.73006,2.68212,1.46846,0.0473918,3.85027,0.165324,0.185906,0.0956454,0.533452,0.315242,0.0969712,0.238837,0.0573599,0.150396,0.381392,0.285854,0.365365,0.285934,0.651219,0.126528,4.01368,0.260108,,-0.00709005,2.41117,-0.643834,81.4094,-0.00709005,-0.15,-0.5670996443368495,-0.3043209910392761,0.00412851,999,,,,,,,24.9,4.15,24.9,4.15,,,,,,,,,,,,,,,,,,,"Cody Freeman","25629",683227
"Gage Workman","DET",1,3.02122,2.76162,0.608326,0.36131,0.146735,0.0127226,0.0875582,0.366265,0.325881,0.219884,0.00673388,1.02996,0.0186957,0.0175557,0.00346322,0.0343444,0.0741071,0.0235299,0.220278,0.0727797,0.340908,0.213488,0.280641,0.377742,0.288273,0.658383,0.157464,5.54749,0.313402,,0.00185183,0.290283,-0.0702457,81.3471,0.00185183,-0.02,-0.06445761758368462,-0.004567901603877544,0.00390901,999,,,,,,,2.6,2.6,2.6,2.6,,,,,,,,,,,,,,,,,,,"Gage Workman","27573",669398
"Kristian Campbell","BOS",3,11.6642,10.3198,2.44991,1.73689,0.43671,0.034337,0.241964,1.32057,1.13912,1.10199,0.00922115,3.32691,0.154961,0.0647334,0.0227728,0.244001,0.137012,0.044091,0.237399,0.0944759,0.285224,0.331234,0.318419,0.356712,0.302709,0.675131,0.119313,4.14289,0.323953,,-0.00703289,1.25735,-0.134564,87.3116,-0.00703289,-0.15,-0.18117755791172385,-0.1962963044643402,0.00386054,746.1400146484375,,,,,,,4.2,1.4,4.2,1.4,,,,,,,,,,,,,,,,,,,"Kristian Campbell","33644",692225
"Tommy Pham","PHI",5,23.2067,20.7399,4.81225,3.2308,0.870033,0.110633,0.600786,2.70765,2.47021,2.10255,0.0348312,5.61015,0.154137,0.170842,0.037964,0.460514,0.279288,0.0829164,0.232029,0.0906011,0.241747,0.374777,0.305124,0.37155,0.299634,0.676675,0.139521,4.51408,0.286499,,-0.00803446,2.44369,-0.32562,85.8051,-0.00803446,-0.08,-0.4064780408516526,-0.3114814758300781,0.00384311,999,,,,,,,25.3,5.06,25.3,5.06,,,,,,,,,,,,,,,,,,,"Tommy Pham","2967",502054
"Jhostynxon Garcia","PIT",4,17.5694,16.1164,3.79893,2.50998,0.710265,0.0886727,0.490012,1.9883,1.94968,1.11857,0.0141639,4.74982,0.1735,0.121855,0.0391098,0.275649,0.190209,0.0648927,0.235718,0.0636656,0.270346,0.235497,0.290411,0.382007,0.295064,0.672418,0.146289,4.70884,0.300854,,-0.00936788,1.78492,-0.311677,82.4689,-0.00936788,-0.01,-0.38192060496658087,-0.15403292514383793,0.00367887,999,,,,,,,12.3,3.075,12.3,3.075,,,,,,,,,,,,,,,,,,,"Jhostynxon Garcia","28142",691373
"BJ Murray","CHC",1,5.98736,5.36062,1.2366,0.813376,0.252747,0.0150554,0.155423,0.690665,0.658984,0.524487,0.00368234,1.4613,0.0557885,0.0364473,0.0100161,0.0970765,0.0804433,0.0263781,0.230683,0.0875991,0.244065,0.358917,0.303961,0.370429,0.299342,0.67439,0.139746,4.34142,0.286001,,-0.00237273,0.629054,-0.0854302,88.9765,-0.00237273,0,-0.08220463478937745,-0.07716049253940582,0.00360943,999,,,,,,,3.6,3.6,3.6,3.6,,,,,,,,,,,,,,,,,,,"BJ Murray","sa3017287",681230
"Mario Camilletti","CHW",1,2.96235,2.62196,0.578026,0.411841,0.113647,0.00476548,0.0477723,0.295678,0.25711,0.28244,0.00350238,0.715163,0.0241806,0.0208588,0.012906,0.0538353,0.0246962,0.00989311,0.220456,0.0953433,0.241418,0.394931,0.299937,0.322095,0.280842,0.622032,0.10164,3.43536,0.282067,,-0.00303224,0.266764,-0.0867394,76.216,-0.00303224,0,-0.08593473397195339,0.01543209794908762,0.00354723,999,,,,,,,2.6,2.6,2.6,2.6,,,,,,,,,,,,,,,,,,,"Mario Camilletti","sa3020192",680519
"Chad Stevens","COL",2,9.05921,8.24993,2.00512,1.33177,0.421993,0.0542561,0.197094,1.08265,0.955541,0.633253,0.00384681,2.6597,0.0935866,0.0559939,0.0264416,0.133365,0.167733,0.0586814,0.243047,0.0699016,0.293591,0.238092,0.30245,0.379022,0.300549,0.681472,0.135975,5.31168,0.3318,,-0.00191155,0.960664,-0.120391,74.5012,-0.00191155,-0.01,-0.2813155612675473,0.020864196121692657,0.00350583,999,,,,,,,6.2,3.1,6.2,3.1,,,,,,,,,,,,,,,,,,,"Chad Stevens","29614",677060
"Maximo Acosta","MIA",1,5.80572,5.31792,1.20836,0.80354,0.247047,0.0255962,0.132173,0.654652,0.576189,0.382739,0.00409169,1.46011,0.0521187,0.0365445,0.0163893,0.0857827,0.188341,0.0536145,0.227223,0.0659246,0.251495,0.262131,0.283835,0.357868,0.283397,0.641703,0.130645,5.73571,0.286052,,0.00875029,0.534847,-0.157961,75.1779,0.00875029,-0.02,-0.16555701103061438,0.010864198207855225,0.00348349,999,,,,,,,0.6,0.6,0.6,0.6,,,,,,,,,,,,,,,,,,,"Maximo Acosta","27963",691185
"Ryan Bliss","SEA",1,3.01969,2.75502,0.571781,0.377155,0.126027,0.0131412,0.0554575,0.348101,0.238361,0.193739,0.00142273,0.851426,0.0299283,0.0196699,0.0213326,0.0350278,0.135015,0.0393982,0.207541,0.0641586,0.281958,0.227547,0.265294,0.323214,0.261855,0.588509,0.115673,6.50511,0.276433,,0.00741687,0.2254,-0.134946,69.9887,0.00741687,0.01,-0.09921672148630023,0.025432097725570202,0.00342188,999,,,,,,,2.6,2.6,2.6,2.6,,,,,,,,,,,,,,,,,,,"Ryan Bliss","29547",669208
"Tristan Gray","MIN",36,148.478,136.374,28.3342,17.9902,5.97507,0.261261,4.10764,14.5861,15.7529,9.23653,0.247704,43.0287,1.31847,1.08645,0.462095,1.97557,0.531829,0.217979,0.207768,0.0622081,0.289799,0.21466,0.262737,0.345774,0.267871,0.608511,0.138006,2.99164,0.268217,,-0.137131,11.8077,-5.91042,66.7635,-0.137131,-0.69,-5.943741992115974,0.6831656098365784,0.00303826,999,,,,,,,107.7,2.991666666,107.7,2.991666666,,,,,,,,,,,,,,,,,,,"Tristan Gray","19877",656484
"Oswaldo Cabrera","NYY",3,11.9159,10.8211,2.43045,1.66951,0.470014,0.0170772,0.273849,1.24699,1.16589,0.831724,0.0278555,2.64772,0.0735217,0.0854181,0.104205,0.214412,0.166553,0.0495991,0.224603,0.0697994,0.2222,0.314128,0.282405,0.347116,0.278302,0.629521,0.122513,3.89362,0.270084,,-0.00104197,1.04848,-0.373468,75.8657,-0.00104197,-0.01,-0.3394258280750364,-0.056296298280358315,0.00292148,999,,,,,,,3.2,1.066666666,3.2,1.066666666,,,,,,,,,,,,,,,,,,,"Oswaldo Cabrera","21707",665828
"Christian Koss","SFG",5,20.9361,19.272,4.45515,3.19082,0.81396,0.10202,0.348352,2.20582,1.75185,1.02462,0.0315111,4.73768,0.238162,0.136682,0.264615,0.384426,0.345275,0.109535,0.231172,0.0489405,0.226293,0.216271,0.27661,0.338222,0.271619,0.614832,0.107049,5.02874,0.286735,,-0.000304439,1.72863,-0.769713,70.9722,-0.000304439,-0.04,-0.7353777666285168,0.08125220239162445,0.00281795,999,,,,,,,9.3,1.86,9.3,1.86,,,,,,,,,,,,,,,,,,,"Christian Koss","27653",683766
"Will Banfield","CIN",1,2.96259,2.7594,0.568672,0.371525,0.11685,0.00569189,0.0746061,0.268018,0.308381,0.146808,0,0.798362,0.0227063,0.0238293,0.00984594,0.0442089,0.00551427,0.00177659,0.206086,0.049554,0.269482,0.183886,0.250001,0.333669,0.256834,0.583669,0.127583,2.61311,0.258639,,-0.00256082,0.209067,-0.144465,53.8547,-0.00256082,0.02,-0.16791699267923832,0.09716049209237099,0.00260552,999,,,,,,,2.6,2.6,2.6,2.6,,,,,,,,,,,,,,,,,,,"Will Banfield","23790",677943
"Hayden Senger","NYM",1,2.98393,2.73905,0.551164,0.371575,0.0992553,0.00533614,0.0749979,0.287267,0.283382,0.158921,0,0.942148,0.0400141,0.0172289,0.0287156,0.0477967,0.0145935,0.00513646,0.201225,0.0532591,0.315741,0.16868,0.253823,0.323501,0.256352,0.577324,0.122277,3.35825,0.273796,,-0.00229818,0.209407,-0.146672,61.6278,-0.00229818,-0.01,-0.14079065551050007,0.06716049276292324,0.00238506,999,,,,,,,2.6,2.6,2.6,2.6,,,,,,,,,,,,,,,,,,,"Hayden Senger","21489",663584
"Otto Kemp","PHI",3,12.1079,10.8921,2.50958,1.59223,0.49378,0.0577207,0.36585,1.42636,1.38875,0.797004,0.034526,3.32296,0.312641,0.0904871,0.015614,0.172831,0.204076,0.0647532,0.230403,0.0658254,0.274446,0.239848,0.299301,0.387101,0.301781,0.686402,0.156698,5.30323,0.293911,,-0.000475304,1.29606,-0.1488,87.2451,-0.000475304,-0.14,-0.1872702557593584,-0.18629629909992218,0.00210843,999,,,,,,,8.8,2.933333333,8.8,2.933333333,,,,,,,,,,,,,,,,,,,"Otto Kemp","31792",805249
"Brandon Drury","KCR",1,5.91081,5.35736,1.20019,0.773077,0.235515,0.0256405,0.165961,0.638904,0.683033,0.435412,0.0106099,1.46581,0.0681454,0.0414621,0.00843133,0.111435,0.0157842,0.00612507,0.224027,0.0736638,0.247989,0.297045,0.288655,0.370495,0.290389,0.65915,0.146468,3.36188,0.274547,,-0.00623246,0.578067,-0.127282,80.0082,-0.00623246,0,-0.14527413342148066,-0.046296294778585434,0.00192732,999,,,,,,,0.6,0.6,0.6,0.6,,,,,,,,,,,,,,,,,,,"Brandon Drury","11615",592273
"Jared Serna","MIA",1,5.80572,5.31525,1.23727,0.864098,0.250557,0.0178502,0.104769,0.595941,0.56986,0.375158,0.0143342,1.04086,0.0549066,0.0384942,0.0219052,0.116458,0.110043,0.0319733,0.232778,0.0646188,0.179282,0.360431,0.288277,0.345767,0.280633,0.634044,0.112989,4.68534,0.269124,,0.00182199,0.521827,-0.170982,73.3238,0.00182199,0,-0.18550556350965053,0.01543209794908762,0.001927,999,,,,,,,0.6,0.6,0.6,0.6,,,,,,,,,,,,,,,,,,,"Jared Serna","sa3015579",691858
"Will Wilson","SEA",1,3.01969,2.72056,0.539393,0.360329,0.103151,0.00493609,0.070977,0.29175,0.270126,0.218679,0.00477444,0.850327,0.0215866,0.0175513,0.0413134,0.0488618,0.0296837,0.00931419,0.198265,0.0724175,0.281594,0.25717,0.261773,0.318077,0.258476,0.579849,0.119811,3.82662,0.257824,,-0.00115012,0.21712,-0.143226,67.6584,-0.00115012,-0.02,-0.11606348352506757,0.02629629522562027,0.00180448,999,,,,,,,2.6,2.6,2.6,2.6,,,,,,,,,,,,,,,,,,,"Will Wilson","25434",669717
"Luis Vázquez","BAL",1,2.98581,2.74031,0.605128,0.427154,0.105841,0.00750024,0.0646327,0.316282,0.269887,0.166872,0.00265767,0.789981,0.0298066,0.0163126,0.0325041,0.0574471,0.0439158,0.0159711,0.220825,0.0558884,0.264579,0.211235,0.271495,0.33568,0.269045,0.607175,0.114855,4.58865,0.284171,,-0.00120235,0.240293,-0.11601,69.8014,-0.00120235,0,-0.10729737055953592,0.01543209794908762,0.00146997,999,,,,,,,2.6,2.6,2.6,2.6,,,,,,,,,,,,,,,,,,,"Luis Vazquez","23442",676679
"Mason McCoy","SDP",1,3.05461,2.7796,0.575712,0.39497,0.112073,0.0149027,0.0537657,0.318338,0.246832,0.197855,0.0026548,0.863238,0.0200533,0.0201231,0.0369834,0.0394116,0.0757499,0.0215123,0.207121,0.0647725,0.282601,0.229201,0.262995,0.316192,0.25778,0.579187,0.109072,5.79338,0.27723,,0.00292501,0.217906,-0.146608,63.0186,0.00292501,0,-0.13370989100076258,0.046296294778585434,0.00122322,999,,,,,,,2.6,2.6,2.6,2.6,,,,,,,,,,,,,,,,,,,"Mason McCoy","22232",669200
"Rikuu Nishida","CHW",3,14.8117,13.1105,3.19037,2.64916,0.475637,0.0345419,0.031033,1.55334,0.881866,1.19601,0.0216208,2.604,0.205504,0.0841741,0.215518,0.426929,0.392223,0.129963,0.243344,0.0807472,0.175806,0.459296,0.314594,0.291993,0.27757,0.606587,0.0486494,4.73026,0.299189,,0.00273686,1.29449,-0.47303,73.9591,0.00273686,0,-0.4511084328405559,-0.06481481343507767,0.00119941,999,,,,,,,6.8,2.266666666,6.8,2.266666666,,,,,,,,,,,,,,,,,,,"Rikuu Nishida","33795",807747
"Sterlin Thompson","COL",5,20.1316,18.0643,4.55655,3.07883,0.921894,0.0697049,0.486124,2.49265,2.26228,1.57514,0.0200287,4.54055,0.35035,0.115329,0.0264429,0.394318,0.350514,0.115148,0.252241,0.0782421,0.225544,0.346904,0.322407,0.391724,0.316006,0.714131,0.139484,4.69628,0.309468,,-0.00462637,2.38732,-0.0150221,84.8713,-0.00462637,0,-0.3730111513286829,-0.275573194026947,0.000726768,999,,,,,,,18.9,3.78,18.9,3.78,,,,,,,,,,,,,,,,,,,"Sterlin Thompson","31443",694514
"Andrew Pintar","MIA",1,2.90286,2.64213,0.589163,0.411332,0.114113,0.0141578,0.0495593,0.309457,0.251311,0.200961,0.000772363,0.790903,0.026438,0.0168273,0.016498,0.0476016,0.0776568,0.0215854,0.222987,0.0692287,0.272457,0.254091,0.282904,0.333166,0.274709,0.61607,0.110179,5.46849,0.29673,,0.00312603,0.246959,-0.099445,69.3495,0.00312603,0,-0.1044918957632035,0.01543209794908762,0.000556376,999,,,,,,,2.6,2.6,2.6,2.6,,,,,,,,,,,,,,,,,,,"Andrew Pintar","sa3020715",801464
"Drew Waters","KCR",1,2.9554,2.71469,0.612059,0.403703,0.13604,0.0159173,0.0563994,0.328348,0.289411,0.194799,0.000918629,0.854907,0.0230468,0.0169133,0.00595178,0.0460171,0.0613259,0.0202396,0.225462,0.0659127,0.289269,0.22786,0.281376,0.349628,0.279262,0.631003,0.124166,5.48732,0.305257,,0.000511892,0.262348,-0.0903269,72.3343,0.000511892,-0.02,-0.0956948475795798,-0.004567901603877544,0.000510542,999,,,,,,,2.6,2.6,2.6,2.6,,,,,,,,,,,,,,,,,,,"Drew Waters","20505",671221
"Pavin Smith","ARI",1,3.02574,2.64856,0.621929,0.404589,0.121135,0.00621266,0.0899921,0.358498,0.367938,0.337735,0.00768311,0.692461,0.0142477,0.0222171,0.00298163,0.0565904,0.0175866,0.00529089,0.234818,0.111621,0.228857,0.487731,0.322193,0.387179,0.314194,0.709372,0.152361,3.24329,0.281698,,-0.00272855,0.354363,-0.00670528,96.1932,-0.00272855,0,-0.016660533845424652,-0.07716049253940582,0.000479619,999,,,,,,,2.6,2.6,2.6,2.6,,,,,,,,,,,,,,,,,,,"Pavin Smith","19892",656976
"Jared Oliva","NYM",1,2.98393,2.74588,0.595937,0.422618,0.104933,0.0132681,0.0551174,0.349745,0.236431,0.168976,0.00181936,0.753721,0.0336964,0.0157921,0.019581,0.0436031,0.126871,0.0321869,0.217029,0.0566288,0.252594,0.224189,0.269405,0.325126,0.26441,0.594531,0.108097,6.478,0.276941,,0.00864934,0.228919,-0.127159,67.0341,0.00864934,0,-0.11033082287758589,0.01543209794908762,0.000232726,999,,,,,,,2.6,2.6,2.6,2.6,,,,,,,,,,,,,,,,,,,"Jared Oliva","19968",666931
"Bryce Johnson","SDP",1,3.05461,2.72667,0.574984,0.430064,0.105824,0.010129,0.0289671,0.326784,0.185569,0.225965,0.0021868,0.89083,0.0388475,0.0161971,0.0469357,0.0466282,0.119232,0.0330249,0.210874,0.073975,0.291634,0.253657,0.279218,0.288986,0.258193,0.568203,0.0781113,5.83597,0.299504,,0.00639947,0.218931,-0.145583,63.296,0.00639947,0.01,-0.1292104385793209,0.025432097725570202,-0.000432854,999,,,,,,,2.6,2.6,2.6,2.6,,,,,,,,,,,,,,,,,,,"Bryce Johnson","20002",669369
"Ryan Ward","LAD",2,9.09607,8.30775,1.81954,1.09437,0.36217,0.0188669,0.344135,1.11958,1.13925,0.670182,0.0222777,2.35158,0.0538208,0.0534424,0.010873,0.148703,0.10077,0.0373193,0.219017,0.0736782,0.258527,0.284992,0.279965,0.391424,0.292937,0.671389,0.172407,4.12729,0.26042,,-0.00504294,0.908392,-0.177061,83.4099,-0.00504294,0,-0.18756905291229486,-0.11316872388124466,-0.000449565,999,,,,,,,6.2,3.1,6.2,3.1,,,,,,,,,,,,,,,,,,,"Ryan Ward","27449",669899
"Felix Reyes","PHI",2,9.08089,8.58643,2.08326,1.34756,0.405457,0.0304754,0.299772,1.00988,1.14587,0.354759,0.00407786,1.96282,0.0493002,0.077006,0.0133972,0.14215,0.0990875,0.0322535,0.242623,0.0390665,0.216148,0.180739,0.274312,0.401679,0.292557,0.67599,0.159056,4.23733,0.278634,,-0.00301542,0.904074,-0.179568,81.0571,-0.00301542,0,-0.21107906755059958,-0.09259258955717087,-0.000796499,999,,,,,,,2.2,1.1,2.2,1.1,,,,,,,,,,,,,,,,,,,"Felix Reyes","28763",694025
"LuJames Groover","ARI",8,35.3003,31.7391,8.04849,5.75836,1.51718,0.112656,0.660288,3.90957,3.90134,2.86068,0.192489,6.65271,0.360556,0.244254,0.095735,0.712079,0.229954,0.08438,0.253583,0.0810385,0.18846,0.430003,0.320121,0.370895,0.305339,0.691016,0.117312,3.58715,0.299477,,-0.0365457,3.88058,-0.331883,90.2524,-0.0365457,0,-0.45273982360959053,-0.7070707082748413,-0.00100576,999,,,,,,,37,4.625,37,4.625,,,,,,,,,,,,,,,,,,,"LuJames Groover","33552",694410
"Donovan Walton","ATH",1,2.97707,2.69416,0.599644,0.423136,0.115232,0.00508978,0.056186,0.277032,0.274564,0.215058,0.0104344,0.519275,0.0315694,0.0230029,0.0132777,0.0622503,0.0149729,0.00634461,0.222572,0.0722383,0.174425,0.414151,0.285537,0.331686,0.27445,0.617223,0.109114,3.01098,0.253751,,-0.00320394,0.252647,-0.102613,70.8758,-0.00320394,-0.03,-0.10522463405504823,-0.011481480672955513,-0.00107538,999,,,,,,,2.6,2.6,2.6,2.6,,,,,,,,,,,,,,,,,,,"Donovan Walton","19314",622268
"Steward Berroa","PHI",2,9.08089,8.10244,1.69397,1.18589,0.336106,0.0287496,0.14323,1.04011,0.678758,0.791436,0.00758527,2.54001,0.0542825,0.0511919,0.0815401,0.128185,0.425861,0.0920621,0.20907,0.087154,0.279709,0.311588,0.282208,0.31068,0.267386,0.592889,0.101611,6.12308,0.283479,,0.036033,0.718591,-0.365051,64.17,0.036033,0.06,-0.357514176517725,0.04971193242818117,-0.00121451,999,,,,,,,6.2,3.1,6.2,3.1,,,,,,,,,,,,,,,,,,,"Steward Berroa","22766",672642
"Nick Morabito","NYM",1,2.98393,2.72607,0.65511,0.493948,0.104855,0.00953663,0.0467711,0.354784,0.249083,0.203077,0.00242152,0.803874,0.0332474,0.0143484,0.00718754,0.057663,0.110927,0.0293753,0.240313,0.068057,0.269401,0.252623,0.299467,0.337245,0.284702,0.636712,0.0969314,5.69307,0.321912,,0.00606223,0.278053,-0.0780256,80.6476,0.00606223,0,-0.06378438137471676,-0.046296294778585434,-0.00130365,999,,,,,,,2.6,2.6,2.6,2.6,,,,,,,,,,,,,,,,,,,"Nick Morabito","32119",703492
"Matthew Lugo","KCR",1,2.9554,2.72557,0.630605,0.39242,0.134547,0.0239501,0.0796877,0.34957,0.324411,0.172761,0.00224927,0.841959,0.0297105,0.0174346,0.00992572,0.0371465,0.0538364,0.0191205,0.231366,0.0584561,0.284888,0.20519,0.282832,0.386016,0.292323,0.668848,0.15465,5.93219,0.302475,,-0.000370367,0.293672,-0.0590032,81.3419,-0.000370367,-0.01,-0.06525341243832372,-0.056296294555068016,-0.00164365,999,,,,,,,2.6,2.6,2.6,2.6,,,,,,,,,,,,,,,,,,,"Matthew Lugo","25980",683090
"DaShawn Keirsey Jr.","ATL",1,2.9748,2.75633,0.596648,0.42515,0.111259,0.0111868,0.0490517,0.320199,0.256342,0.166511,0.0046696,0.873505,0.0275263,0.0175088,0.00692616,0.0493338,0.0764096,0.0219535,0.216465,0.0559737,0.293635,0.190623,0.266414,0.318335,0.259727,0.584749,0.10187,5.63427,0.295793,,0.00285068,0.216914,-0.138075,60.1594,0.00285068,0.01,-0.14050188567489386,0.025432097725570202,-0.00183862,999,,,,,,,2.6,2.6,2.6,2.6,,,,,,,,,,,,,,,,,,,"DaShawn Keirsey Jr.","24496",680577
"Brett Harris","BOS",2,8.74816,7.83236,1.78539,1.26296,0.311609,0.023836,0.186986,0.937261,0.853947,0.69663,0.00328922,1.96288,0.123268,0.0513612,0.0445398,0.193021,0.101823,0.0371864,0.227951,0.0796316,0.224376,0.354903,0.299334,0.345443,0.288566,0.644777,0.117492,4.13852,0.278766,,-0.00631075,0.842615,-0.201321,77.558,-0.00631075,0,-0.23731798166409135,-0.09259258955717087,-0.00184117,999,,,,,,,6.2,3.1,6.2,3.1,,,,,,,,,,,,,,,,,,,"Brett Harris","29788",695391
"Bryce Teodosio","LAA",3,11.9083,10.99,2.23374,1.55748,0.384783,0.0784443,0.213033,1.27783,0.826285,0.61422,0,3.84953,0.149893,0.0625683,0.0915373,0.144592,0.473659,0.111736,0.203251,0.0515793,0.323266,0.159557,0.253696,0.310691,0.251266,0.564387,0.10744,6.93559,0.289083,,0.0358214,0.78655,-0.634489,54.8868,0.0358214,0.2,-0.5962976552546024,0.1537037044763565,-0.00184944,999,,,,,,,3.2,1.066666666,3.2,1.066666666,,,,,,,,,,,,,,,,,,,"Bryce Teodosio","29524",669326
"Tyler Callihan","PIT",25,106.393,95.8134,21.156,13.7153,4.41899,0.329446,2.69223,12.0792,10.3146,8.17618,0.242049,30.7221,0.84441,0.590153,0.968564,1.45143,2.32993,0.719675,0.220804,0.0768491,0.288762,0.266133,0.28624,0.358098,0.284781,0.644338,0.137294,4.99514,0.293126,,0.0457621,9.92089,-2.77518,75.57,0.0457621,-0.48,-3.098046787083149,-0.3861561566591263,-0.001879,999,,,,,,,89.4,3.576,89.4,3.576,,,,,,,,,,,,,,,,,,,"Tyler Callihan","27497",682997
"Kristian Robinson","ARI",1,3.02574,2.70781,0.598114,0.405336,0.104074,0.016612,0.0720911,0.365872,0.298671,0.268231,0.00378096,1.00719,0.0273365,0.0152662,0.00709484,0.0502905,0.0745683,0.0219851,0.220885,0.0886498,0.332874,0.266316,0.296054,0.351459,0.288638,0.647513,0.130575,5.69033,0.320005,,0.00202248,0.291612,-0.0694558,79.0472,0.00202248,0,-0.07465999526903033,-0.046296294778585434,-0.00226641,999,,,,,,,2.6,2.6,2.6,2.6,,,,,,,,,,,,,,,,,,,"Kristian Robinson","sa3006884",677565
"Sam Haggerty","CIN",1,2.96259,2.65114,0.624441,0.448989,0.113756,0.014398,0.047297,0.367547,0.233399,0.242651,0.00257958,0.711818,0.035586,0.0160125,0.0171944,0.0493969,0.140351,0.036681,0.235537,0.0819051,0.240269,0.340889,0.306471,0.342827,0.290901,0.649299,0.107291,6.28993,0.30248,,0.00893367,0.290966,-0.0625654,76.7101,0.00893367,0,-0.0745230009779334,-0.046296294778585434,-0.00246073,999,,,,,,,2.6,2.6,2.6,2.6,,,,,,,,,,,,,,,,,,,"Sam Haggerty","18054",664059
"Robert Hassell III","WSN",1,5.81929,5.31902,1.25252,0.914303,0.235383,0.00854446,0.0942875,0.606474,0.559738,0.414455,0.0160396,1.45107,0.0325324,0.0324941,0.0207895,0.11722,0.124383,0.0349721,0.235479,0.0712209,0.249356,0.28562,0.293094,0.336125,0.279879,0.629219,0.100645,4.27422,0.304305,,0.00309207,0.519489,-0.17494,74.1653,0.00309207,-0.02,-0.1787506549153477,-0.03543209843337536,-0.00249201,999,,,,,,,0.6,0.6,0.6,0.6,,,,,,,,,,,,,,,,,,,"Robert Hassell III","27482",690987
"Christian Franklin","WSN",3,11.6386,10.3021,2.34098,1.67142,0.425177,0.0415372,0.20284,1.30076,1.04959,1.09317,0.00359248,3.01133,0.139804,0.0585468,0.0449623,0.240805,0.232622,0.0775913,0.227233,0.0939267,0.258737,0.36302,0.308269,0.335635,0.29048,0.643905,0.108402,4.95522,0.299188,,-0.00135467,1.13909,-0.249763,81.2771,-0.00135467,0,-0.2649236088618636,-0.138888880610466,-0.00249932,999,,,,,,,4.2,1.4,4.2,1.4,,,,,,,,,,,,,,,,,,,"Christian Franklin","sa3017510",681047
"Johnathan Rodríguez","BAL",1,2.98581,2.70132,0.65071,0.441809,0.115189,0.00961185,0.084099,0.347446,0.329072,0.24578,0.00762924,0.799889,0.018529,0.0153505,0.00482685,0.0649959,0.013522,0.00522501,0.240886,0.0823161,0.267897,0.307267,0.306952,0.384042,0.304447,0.690994,0.143156,3.39567,0.30917,,-0.0032415,0.326069,-0.030233,94.2167,-0.0032415,0,-0.0235597244463861,-0.10802469402551651,-0.00254952,999,,,,,,,2.6,2.6,2.6,2.6,,,,,,,,,,,,,,,,,,,"Johnathan Rodriguez","22530",671286
"Tim Elko","CHW",2,8.88704,8.26152,1.92015,1.27068,0.310371,0.0226021,0.3165,0.969635,1.05447,0.498004,0.00638623,2.86506,0.0722588,0.0392521,0.0160082,0.166218,0.0271395,0.0108874,0.232421,0.0560372,0.322386,0.17382,0.280736,0.390392,0.29333,0.671128,0.15797,3.11641,0.313262,,-0.00901238,0.890345,-0.170164,84.8279,-0.00901238,-0.02,-0.16766592394560575,-0.1743209846317768,-0.0025625,999,,,,,,,3.2,1.6,3.2,1.6,,,,,,,,,,,,,,,,,,,"Tim Elko","31522",671284
"Jase Bowen","SDP",17,74.3289,68.2388,15.0779,9.73612,2.81465,0.434958,2.09216,8.70452,7.72017,4.46987,0.14322,22.6751,0.695712,0.487189,0.437388,0.896816,1.9701,0.526082,0.220958,0.0601363,0.305064,0.197127,0.273962,0.366931,0.280756,0.640893,0.145973,5.97091,0.295407,,0.0959501,6.6882,-2.18163,78.433,0.0959501,0,-1.843014009296894,-0.604535698890686,-0.00266737,999,,,,,,,59.5,3.5,59.5,3.5,,,,,,,,,,,,,,,,,,,"Jase Bowen","26047",687749
"Kemp Alderman","MIA",1,2.90286,2.68188,0.615929,0.412217,0.10298,0.00943265,0.0912998,0.311765,0.339736,0.167518,0.0101588,0.876711,0.033074,0.0150157,0.00537224,0.0546203,0.0336114,0.0113419,0.229663,0.057708,0.302016,0.191076,0.281803,0.377226,0.288187,0.65903,0.147563,4.16316,0.30345,,-0.00124268,0.278708,-0.0676963,78.3918,-0.00124268,0,-0.07711197901517153,-0.046296294778585434,-0.00291961,999,,,,,,,2.6,2.6,2.6,2.6,,,,,,,,,,,,,,,,,,,"Kemp Alderman","sa3022562",694580
"Aaron Zavala","TEX",1,5.9079,5.27781,1.08536,0.714658,0.230773,0.0116828,0.128243,0.598421,0.553907,0.503278,0.0102628,1.82548,0.0679532,0.0399423,0.0189072,0.0853383,0.0676071,0.0220324,0.205645,0.0851874,0.30899,0.275696,0.281303,0.326693,0.272376,0.607995,0.121048,3.91942,0.284514,,-0.0025187,0.491427,-0.213575,72.0592,-0.0025187,0,-0.1967493905685842,-0.046296294778585434,-0.00329237,999,,,,,,,3.6,3.6,3.6,3.6,,,,,,,,,,,,,,,,,,,"Aaron Zavala","sa3017665",701648
"Connor Joe","SEA",2,9.05908,8.03934,1.65295,1.09175,0.349806,0.0386695,0.172724,0.974738,0.783268,0.852827,0.00240256,2.29597,0.0992482,0.0515022,0.0161587,0.13892,0.137349,0.0466472,0.205608,0.0941406,0.253444,0.371445,0.288074,0.323194,0.275773,0.611268,0.117587,4.77455,0.263285,,-0.00292393,0.778514,-0.302525,79.5872,-0.00292393,-0.01,-0.22051119687967002,-0.14374485053122044,-0.00419573,999,,,,,,,6.2,3.1,6.2,3.1,,,,,,,,,,,,,,,,,,,"Connor Joe","16572",656582
"Eric Wagaman","NYM",9,40.7803,37.3554,8.86553,5.8735,1.71291,0.110979,1.16813,4.59919,4.61821,2.83033,0.0267046,8.87539,0.214769,0.326108,0.0537471,0.743655,0.304514,0.0979222,0.237329,0.0694044,0.217639,0.318897,0.292453,0.382938,0.296371,0.675392,0.145609,3.8245,0.278508,,-0.0278184,4.18621,-0.680194,88.4763,-0.0278184,-0.04,-0.5962326992303133,-0.7741269841790199,-0.00424838,748.2100219726562,,,,,,,37.6,4.177777777,37.6,4.177777777,,,,,,,,,,,,,,,,,,,"Eric Wagaman","23395",676572
"Gabriel Rincones Jr.","PHI",34,146.303,131.133,29.2558,18.82,6.25869,0.232851,3.94425,16.8191,15.7572,12.4984,0.459851,37.9643,1.66658,0.799524,0.2061,2.47328,2.99535,0.890909,0.223101,0.0854282,0.259491,0.329215,0.297205,0.364615,0.29309,0.66182,0.141514,4.59294,0.281166,,0.0535506,14.6288,-2.82984,81.4142,0.0535506,0,-3.2353922240436077,-1.5740740299224854,-0.00443089,999,,,,,,,131.3,3.861764705,131.3,3.861764705,,,,,,,,,,,,,,,,,,,"Gabriel Rincones Jr.","31958",687282
"John Rave","KCR",6,25.6135,22.815,5.07876,3.27812,1.08183,0.0994193,0.619386,2.98995,2.49745,2.25632,0.0361535,6.46895,0.133712,0.150054,0.258418,0.421383,0.549409,0.19154,0.222606,0.0880908,0.25256,0.348792,0.294568,0.360184,0.290374,0.654751,0.137577,5.14576,0.280875,,-0.0000409624,2.50464,-0.551871,79.9977,-0.0000409624,0.08,-0.6028708359517623,-0.3623868376016617,-0.00532205,999,,,,,,,25.2,4.2,25.2,4.2,,,,,,,,,,,,,,,,,,,"John Rave","26284",670231
"Heston Kjerstad","BAL",3,11.9432,10.9659,2.55624,1.70039,0.509298,0.0406278,0.305918,1.30104,1.3046,0.687987,0.0324973,3.22237,0.191382,0.0818777,0.0160564,0.20663,0.072914,0.0301753,0.233107,0.0576048,0.269808,0.213503,0.288049,0.370652,0.289351,0.658701,0.137545,3.71915,0.299264,,-0.0117141,1.15797,-0.267244,83.8052,-0.0117141,-0.01,-0.23929909523576498,-0.24148147739470005,-0.0055878,999,,,,,,,11.7,3.9,11.7,3.9,,,,,,,,,,,,,,,,,,,"Heston Kjerstad","31166",677008
"Greg Jones","MIL",1,5.94799,5.401,1.06781,0.739877,0.191544,0.0174257,0.118967,0.668615,0.468167,0.397799,0.00144536,2.25795,0.0964153,0.0243463,0.0284301,0.0745024,0.308221,0.0671116,0.197707,0.0668797,0.379615,0.176178,0.263876,0.305705,0.256446,0.569581,0.107998,6.52701,0.311258,,0.0271361,0.417871,-0.291915,59.1706,0.0271361,0.01,-0.26660508289933205,0.009999999776482582,-0.00636082,999,,,,,,,0.6,0.6,0.6,0.6,,,,,,,,,,,,,,,,,,,"Greg Jones","25448",675659
"Nick Allen","HOU",17,75.6076,68.2827,14.975,11.5862,2.55831,0.178035,0.652473,7.53437,5.00993,5.28256,0.047722,15.9862,0.438575,0.453711,1.15004,1.45157,1.61487,0.492303,0.219309,0.0698682,0.211436,0.330446,0.277959,0.290656,0.257043,0.568615,0.0713475,4.66462,0.274916,,0.0253852,5.34842,-3.674,60.6452,0.0253852,0.31,-3.47575806081295,0.7136087417602539,-0.00688958,999,,,,,,,52.9,3.111764705,52.9,3.111764705,,,,,,,,,,,,,,,,,,,"Nick Allen","22277",669397
"Braden Shewmake","MIL",1,6.13035,5.67282,1.19069,0.800662,0.261323,0.0136368,0.115066,0.615746,0.552244,0.331986,0.00589316,1.25497,0.0471203,0.0459778,0.0324456,0.102238,0.119224,0.0289301,0.209894,0.0541546,0.204715,0.264537,0.257432,0.321619,0.256169,0.579051,0.111725,4.80107,0.24734,,0.00549362,0.429306,-0.302241,60.0423,0.00549362,-0.03,-0.28273184737190604,-0.006851851940155029,-0.00719979,999,,,,,,,-0.4,-0.4,-0.4,-0.4,,,,,,,,,,,,,,,,,,,"Braden Shewmake","25817",669699
"José Azócar","ATL",1,5.9496,5.53239,1.29558,0.974243,0.217892,0.0425595,0.0608861,0.654719,0.46107,0.281254,0.0044268,1.30132,0.0456229,0.0382733,0.0520655,0.10289,0.162412,0.0542531,0.234181,0.0472728,0.218724,0.21613,0.275108,0.321968,0.264755,0.597075,0.0877866,5.91545,0.293384,,0.00296213,0.458099,-0.251879,63.5322,0.00296213,0.04,-0.2594715526793152,-0.006296295672655106,-0.00728275,999,,,,,,,-0.4,-0.4,-0.4,-0.4,,,,,,,,,,,,,,,,,,,"Jose Azocar","18821",640492
"Jacob Berry","MIA",2,8.70857,7.8658,1.74751,1.1816,0.399434,0.0225928,0.143884,0.866089,0.837736,0.647305,0.0253333,1.68022,0.110516,0.0678887,0.0170595,0.140858,0.16242,0.0486331,0.222166,0.0743297,0.192939,0.38525,0.288251,0.333569,0.2769,0.62182,0.111403,4.38731,0.262478,,0.00195531,0.756358,-0.282854,70.8192,0.00195531,0,-0.3054177991580218,-0.05144032835960388,-0.00740616,999,,,,,,,6.2,3.1,6.2,3.1,,,,,,,,,,,,,,,,,,,"Jacob Berry","sa3019825",694351
"Tyler Black","MIL",1,2.97399,2.6185,0.569145,0.380589,0.120272,0.012127,0.0561568,0.333704,0.277683,0.291685,0.00526052,0.723424,0.0416639,0.016492,0.00565666,0.0456256,0.08975,0.0241768,0.217356,0.0980785,0.24325,0.4032,0.30404,0.336888,0.288454,0.640929,0.119533,5.52059,0.276483,,0.00408716,0.286182,-0.0687106,80.6449,0.00408716,0,-0.06553657492622733,-0.10802469402551651,-0.00776049,999,,,,,,,2.6,2.6,2.6,2.6,,,,,,,,,,,,,,,,,,,"Tyler Black","29949",672012
"Tommy White","ATH",3,12.0763,11.2955,2.87426,2.02167,0.534398,0.0259585,0.292233,1.36011,1.34793,0.554098,0.00901593,2.07512,0.122611,0.0746535,0.0294787,0.273607,0.0795309,0.0299828,0.254461,0.0458831,0.171834,0.267019,0.294764,0.383984,0.297446,0.678747,0.129522,3.53332,0.286804,,-0.0110795,1.2502,-0.190896,85.0744,-0.0110795,0,-0.223165693692863,-0.29320988059043884,-0.00871002,999,,,,,,,11.7,3.9,11.7,3.9,,,,,,,,,,,,,,,,,,,"Tommy White","sa3025383",695720
"Dominic Smith","ATL",30,126.925,114.208,28.8214,20.0193,5.29137,0.17662,3.33414,14.402,14.64,9.64858,0.332966,22.4626,1.59858,1.2525,0.217486,2.50105,0.5817,0.170635,0.25236,0.0760181,0.176976,0.42954,0.316229,0.389365,0.31055,0.705594,0.137005,2.88585,0.284255,,-0.121776,14.4895,-0.656678,94.2559,-0.121776,0,-1.0036167055368423,-3.219207525253296,-0.00894317,999,,,,,,,129,4.3,129,4.3,,,,,,,,,,,,,,,,,,,"Dominic Smith","15653",642086
"Zack Short","NYM",2,8.95178,7.83276,1.42374,0.91454,0.287126,0.0131377,0.208938,0.865433,0.789607,0.888786,0.00986934,2.66426,0.06842,0.0722339,0.0895794,0.109923,0.0751961,0.0253995,0.181768,0.099286,0.297623,0.333596,0.268663,0.301804,0.258373,0.570467,0.120036,3.5943,0.241425,,-0.00556893,0.6429,-0.425335,62.9836,-0.00556893,-0.03,-0.4063666285946965,0.021440329030156136,-0.00944489,999,,,,,,,0.6,0.3,0.6,0.3,,,,,,,,,,,,,,,,,,,"Zack Short","19562",670097
"Justin Dean","CHC",3,11.9747,10.786,2.25677,1.68156,0.338379,0.0683678,0.16847,1.35279,0.899672,0.954523,0,3.56563,0.119939,0.0670831,0.0472103,0.196074,0.441705,0.115464,0.209233,0.0797116,0.297763,0.267701,0.27929,0.30014,0.26242,0.57943,0.0909075,6.29832,0.293345,,0.0255341,0.899327,-0.529641,64.2056,0.0255341,0,-0.4929100926965475,-0.04629629850387573,-0.0150928,999,,,,,,,3.2,1.066666666,3.2,1.066666666,,,,,,,,,,,,,,,,,,,"Justin Dean","25005",681909
"Rece Hinds","MIA",7,28.061,25.8165,5.44005,3.25667,1.10732,0.180164,0.895896,3.07298,3.19994,1.77025,0.0872536,9.67138,0.26902,0.166895,0.0383248,0.333726,0.470974,0.14318,0.21072,0.0630858,0.344656,0.18304,0.266903,0.371677,0.278555,0.63858,0.160957,5.5244,0.294767,,0.0066232,2.47485,-0.87372,71.9299,0.0066232,0.12,-0.9461022135801613,-0.11765431612730026,-0.0151492,999,,,,,,,20.3,2.9,20.3,2.9,,,,,,,,,,,,,,,,,,,"Rece Hinds","27493",677956
"Grant McCray","SFG",5,23.9269,21.6772,4.54371,3.02769,0.967882,0.082964,0.465179,2.65585,2.00503,1.85075,0.0302075,7.35257,0.172315,0.14314,0.0835157,0.352365,0.697645,0.172813,0.209608,0.0773503,0.307293,0.251715,0.275413,0.32629,0.268479,0.601703,0.116682,5.74738,0.29127,,0.0406824,1.91462,-0.940635,68.8657,0.0406824,0,-0.8603649847209454,-0.07716049253940582,-0.0160023,999,,,,,,,16.8,3.36,16.8,3.36,,,,,,,,,,,,,,,,,,,"Grant McCray","25690",687529
"Bryan De La Cruz","PHI",12,52.4674,48.258,11.3538,7.63937,2.10513,0.117608,1.4917,5.61562,6.13461,3.48879,0.0235426,13.2937,0.23565,0.419793,0.0651068,0.84229,0.335159,0.118325,0.235273,0.0664944,0.25337,0.26244,0.28774,0.376502,0.291656,0.664243,0.141229,3.33006,0.290982,,-0.043397,5.18517,-1.07587,80.4526,-0.043397,-0.07,-1.2839074991643429,-0.6255555227398872,-0.0202791,999,,,,,,,37.8,3.15,37.8,3.15,,,,,,,,,,,,,,,,,,,"Bryan De La Cruz","19600",650559
"Will Wagner","SDP",13,57.0195,50.5813,12.0153,8.76302,2.37368,0.101554,0.777084,6.04438,5.21832,5.36197,0.117681,10.0747,0.518618,0.341181,0.216381,1.3105,0.455096,0.157493,0.237545,0.0940376,0.176689,0.53222,0.315052,0.334578,0.292483,0.64963,0.0970326,3.49822,0.280461,,-0.0528902,5.6733,-1.13096,86.3008,-0.0528902,-0.04,-0.9976884499192238,-1.106439270079136,-0.0249731,999,,,,,,,49.4,3.8,49.4,3.8,,,,,,,,,,,,,,,,,,,"Will Wagner","29634",695238
"Abimelec Ortiz","WSN",12,50.4338,45.7168,10.3563,6.28715,2.17424,0.0962887,1.7986,5.48822,6.61238,3.72458,0.115775,12.0009,0.562811,0.346973,0.0826391,0.821671,0.226507,0.0897852,0.226531,0.0738507,0.237953,0.310358,0.290831,0.396329,0.300429,0.687159,0.169798,3.03284,0.265237,,-0.0485198,5.34325,-0.67513,87.9519,-0.0485198,0,-0.7834771275520325,-1.1199294328689575,-0.0263695,999,,,,,,,49.6,4.133333333,49.6,4.133333333,,,,,,,,,,,,,,,,,,,"Abimelec Ortiz","29539",694673
"Junior Perez","CHW",7,29.6235,26.9088,5.27753,3.17486,1.12102,0.114657,0.866989,3.29733,2.74599,2.22882,0.0177282,10.5012,0.131298,0.145343,0.209215,0.319054,0.762708,0.205801,0.196127,0.0752382,0.354488,0.212245,0.259658,0.342967,0.2664,0.602625,0.146841,5.64035,0.281177,,0.0373235,2.32046,-1.21457,66.2558,0.0373235,0,-1.1388772539794445,-0.1944444477558136,-0.0281098,999,,,,,,,21.2,3.028571428,21.2,3.028571428,,,,,,,,,,,,,,,,,,,"Junior Perez","23989",678577
"Victor Bericoto","SFG",14,58.8204,54.6958,13.0527,9.21102,2.17652,0.154613,1.51059,6.20417,6.28856,3.35987,0.0643618,14.1974,0.207788,0.424672,0.132263,1.17345,0.37241,0.138647,0.238643,0.0571209,0.241369,0.236654,0.283199,0.366943,0.28527,0.650142,0.128301,3.59703,0.292856,,-0.0518099,5.50818,-1.51098,80.1302,-0.0518099,0,-1.4654662162065506,-0.7777777910232544,-0.0331148,999,,,,,,,51.4,3.671428571,51.4,3.671428571,,,,,,,,,,,,,,,,,,,"Victor Bericoto","26468",682674
"Griffin Conine","MIA",46,190.621,169.703,36.6132,22.6136,6.94566,0.286038,6.76789,20.889,23.3288,17.6028,0.325129,60.6621,2.05548,1.00693,0.252391,3.32345,1.00532,0.354589,0.215749,0.0923446,0.318234,0.290178,0.295593,0.37969,0.298468,0.675283,0.163941,3.12414,0.288974,,-0.172937,19.8922,-2.85504,85.2894,-0.172937,-0.23,-3.5646731555461884,-3.0068700164556503,-0.0366592,999,,,,,,,185.2,4.026086956,185.2,4.026086956,,,,,,,,,,,,,,,,,,,"Griffin Conine","21626",665052
"Troy Johnston","COL",40,172.125,155.88,41.1479,28.4585,9.01091,0.437242,3.24129,20.8286,19.0574,12.1154,0.31746,31.148,2.58482,1.18384,0.361026,3.18554,3.59295,1.11691,0.263972,0.0703872,0.180962,0.388962,0.325145,0.389769,0.315666,0.714914,0.125797,4.60392,0.309002,,0.0235131,20.3641,-0.175914,84.6432,0.0235131,-0.39,-3.173651682212949,-2.8179835081100464,-0.0389445,748.4099731445312,,,,,,,177.7,4.4425,177.7,4.4425,,,,,,,,,,,,,,,,,,,"Troy Johnston","26143",687859
"Justin Turner",,12,50,45.3621,11.0143,7.65588,2.30373,0.0876696,0.96701,5.21494,5.28482,3.36476,0.017918,9.08838,0.732574,0.450124,0.0904825,0.84621,0.251676,0.0728468,0.242808,0.0672952,0.181768,0.370227,0.30278,0.361412,0.29468,0.664192,0.118604,3.23036,0.280989,,-0.0433647,5.06403,-0.902573,84.6778,-0.0433647,-0.02,-0.9574047289788723,-1.1637908406555653,-0.0421022,999,,,,,,,43.8,3.65,43.8,3.65,,,,,,,,,,,,,,,,,,,"Justin Turner","5235",457759
"Adam Frazier","LAA",13,54.5796,49.4114,11.1112,8.01193,2.05759,0.241039,0.800688,5.31447,4.46921,3.69064,0.101035,11.2063,0.630861,0.400944,0.445693,0.969188,0.637385,0.253482,0.224872,0.0676195,0.20532,0.329338,0.285085,0.324884,0.272221,0.609969,0.100012,4.3547,0.272727,,-0.0438457,4.53312,-1.97997,69.3385,-0.0438457,-0.35,-2.0129573978483677,-0.45620914548635483,-0.0530655,999,,,,,,,44.7,3.438461538,44.7,3.438461538,,,,,,,,,,,,,,,,,,,"Adam Frazier","15223",624428
"Deyvison De Los Santos","MIA",12,50.3162,46.8597,11.2043,7.71711,2.00051,0.15696,1.32972,5.27881,5.70084,2.67704,0.182272,12.0669,0.388409,0.295148,0.0959143,1.01108,0.681788,0.241717,0.239103,0.0532042,0.239821,0.221849,0.284143,0.373624,0.287363,0.657767,0.134521,4.24552,0.292509,,-0.0212557,4.79731,-1.20703,77.8393,-0.0212557,0,-1.3699516206979752,-1.0288065671920776,-0.0768858,999,,,,,,,40.7,3.391666666,40.7,3.391666666,,,,,,,,,,,,,,,,,,,"Deyvison De Los Santos","27969",691277
"Ildemaro Vargas","ARI",37,160.364,147.854,35.6608,25.9006,6.60885,0.746352,2.40502,16.7017,15.8721,8.68987,0.436608,18.5821,1.13045,1.08915,1.60093,3.97698,1.46948,0.512643,0.24119,0.0541883,0.115874,0.467647,0.286471,0.344783,0.278312,0.631254,0.103593,4.30759,0.2599,,-0.109631,14.1117,-5.02486,72.1197,-0.109631,0.22,-5.517505995929241,-1.7730701267719269,-0.209163,999,,,,,,,127.5,3.445945945,127.5,3.445945945,,,,,,,,,,,,,,,,,,,"Ildemaro Vargas","13324",545121